player_id,lnr_id,lnr_slug,photo_url,name,team,team_code,position_group,position_raw,season,matches_played,minutes_total,minutes_avg,tackles_per80,tackle_success_pct,penalties_per80,turnovers_won_per80,turnovers_lost_per80,carries_per80,meters_per80,line_breaks_per80,offloads_per80,passes_per80,kick_meters_per80,points_scored_per80,errors_per80,ruck_arrivals_per80,lineout_wins_per80,scrum_success_pct,_source,age,height_cm,weight_kg,nationality,_h_global_norm,_w_global_norm,rating_raw,rating,confidence,axis_att,axis_ctrl,axis_kick,axis_def,axis_pow,axis_gabarit,kick_points_per80,form_score,form_trend,form_matches,form_scores_list,axis_disc,age_factor,position_label,position_abbr,confidence_score,confidence_badge,low_sample,minutes_bucket,data_insufficient,rank_position,rating_percentile_position,rating_intl,team_intl,matches_intl,cluster_intl,axis_course_intl,axis_distrib_intl,axis_kicking_intl,axis_physique_intl,axis_rigueur_intl,axis_danger_intl,axis_melee_intl,intl_bonus,axis_consistency,n_matches_consistency,yellow_cards,orange_cards,red_cards,tries_per80
lnr_1427,1427,alexandre-becognee,https://cdn.lnr.fr/joueur/1427-alexandre-becognee/photo/photoFull.4cb2a4ab19ab443ff7739b68884b2f51b78c1bab,A. Becognee,Montpellier,MHR,BACK_ROW,3ème ligne,2020-2021,18,587.0,32.6,9.68,,,1.36,,,,0.0,0.41,,,2.04,,,,,lnr,,,,,0.0,0.0,69.5,69.7,0.75,0,32,49,32,70,0,,49.2,↘,5,"[43.9, 45.8, 16.1, 49.3, 89.7]",100,0.0,3ème Ligne,3L,75,Haute,False,Moyenne,False,13,57.1,,,,,,,,,,,,0.0,,,,,,
lnr_663,663,alexandre-fischer,https://cdn.lnr.fr/joueur/663-alexandre-fischer/photo/photoFull.1d6a32f7ce4a12d423552fb50b73687ec52ba345,A. Fischer,Clermont,CLR,BACK_ROW,3ème ligne,2020-2021,18,820.0,45.6,14.05,,,0.98,,,,0.0,0.39,,,0.0,,,,,lnr,23.0,188.0,107.0,France,96.08995655507285,85.6,86.7,81.2,1.0,0,30,0,98,70,93,,32.1,↘,5,"[26.2, 59.9, 31.4, 52.3, 21.6]",100,-0.16,3ème Ligne,3L,100,Haute,False,Bonne,False,1,100.0,,,,,,,,,,,,0.0,,,,,,
lnr_2103,2103,adrien-lapegue-lafaye,https://cdn.lnr.fr/joueur/2103-adrien-lapegue-lafaye/photo/photoFull.6fc701688372b38c2cd93e972d93fc323ab7f457,A. Lapegue - Lafaye,Paris,SFP,WINGER,Ailier,2020-2021,11,351.0,31.9,2.74,,,0.23,,,,0.68,0.68,,,0.0,,,,,lnr,,,,,0.0,0.0,62.8,64.6,0.75,31,56,0,11,54,0,0.0,50.0,→,0,[],100,0.0,Ailier,AIL,75,Haute,False,Basse,False,9,46.7,,,,,,,,,,,,0.0,,,,,,
lnr_1316,1316,alexandre-manukula,https://cdn.lnr.fr/joueur/1316-alexandre-manukula/photo/photoFull.bb41eca385b8d1ba127fd6b7ef29dd0e94ba4eec,A. Manukula,Bayonne,BAY,LOCK,2ème ligne,2020-2021,3,92.0,30.7,10.43,,,0.0,,,,0.0,0.0,,,0.0,,,,,lnr,,,,,0.0,0.0,49.6,59.8,0.5,0,0,0,34,30,0,,50.0,→,0,[],100,0.0,2ème Ligne,2L,50,Basse,True,Basse,True,24,32.4,,,,,,,,,,,,0.0,,,,,,
lnr_1855,1855,aminiasi-tuimaba,https://cdn.lnr.fr/joueur/1855-aminiasi-tuimaba/photo/photoFull.3bdbafd9a091ef5bb037d3de56d946eed2f8ad5f,A. Tuimaba,Pau,PAU,WINGER,Ailier,2020-2021,15,966.0,64.4,5.38,,,0.0,,,,1.33,1.08,,,2.48,,,,,lnr,,,,,0.0,0.0,75.3,75.3,1.0,70,89,57,71,30,0,2.48,50.0,→,0,[],100,0.0,Ailier,AIL,100,Haute,False,Bonne,False,2,93.3,,,,,,,,,,,,0.0,,,,,,
lnr_584,584,asier-usarraga-latierro,https://cdn.lnr.fr/joueur/584-asier-usarraga-latierro/photo/photoFull.5130516f3d5f5fbc23b3eaab6efe1a2b3082c3df,A. Usarraga Latierro,Bayonne,BAY,BACK_ROW,3ème ligne,2020-2021,8,446.0,55.8,8.25,,,0.9,,,,0.54,0.54,,,0.9,,,,,lnr,,,,,0.0,0.0,67.7,68.3,0.75,80,42,22,10,67,0,,50.0,→,0,[],100,0.0,3ème Ligne,3L,75,Haute,False,Moyenne,False,15,50.0,,,,,,,,,,,,0.0,,,,,,
lnr_591,591,adrea-cocagi,https://cdn.lnr.fr/joueur/591-adrea-cocagi/photo/photoFull.50e0d211418fb8267083232d5e5561b6e88fe79f,Adrea Cocagi,Castres,CAS,CENTRE,Centre,2020-2021,15,457.0,30.5,7.53,,,0.53,,,,0.35,0.0,,,0.88,,,,,lnr,27.0,185.0,109.0,Fidji,94.55660618451316,87.2,75.9,74.2,0.75,38,0,23,88,66,96,,47.6,↗,5,"[29.8, 65.9, 45.8, 52.5, 64.2]",100,2.61,Centre,CTR,75,Haute,False,Moyenne,False,3,91.3,,,,,,,,,,,,0.0,,,,,,
lnr_2388,2388,adrien-warion,https://cdn.lnr.fr/joueur/2388-adrien-warion/photo/photoFull.b817331ae7e7f540e8505004318a8073270e5d10,Adrien Warion,Toulon,TLN,LOCK,2ème ligne,2020-2021,6,236.0,39.3,10.17,,,0.68,,,,0.0,0.0,,,0.0,,,,,lnr,20.0,,107.0,France,0.0,85.6,58.7,64.0,0.6,0,0,0,31,66,12,,50.9,↗,5,"[81.7, 36.2, 100, 39.9, 54.7]",100,-1.25,2ème Ligne,2L,60,Moyenne,True,Basse,False,17,52.9,,,,,,,,,,,,0.0,,,,,,
lnr_2672,2672,aitor-hourcade,https://cdn.lnr.fr/joueur/2672-aitor-hourcade/photo/photoFull.df70eb994b7734bdf40e01b850e18c98079124f9,Aitor Hourcade,Bayonne,BAY,BACK_ROW,3ème ligne,2020-2021,1,56.0,56.0,14.29,,,0.0,,,,0.0,0.0,,,0.0,,,,,lnr,,,,,0.0,0.0,61.0,65.5,0.5,0,0,0,100,30,0,,50.0,→,0,[],100,0.0,3ème Ligne,3L,50,Basse,True,Basse,True,20,32.1,,,,,,,,,,,,0.0,,,,,,
lnr_2452,2452,alban-placines,https://cdn.lnr.fr/joueur/2452-alban-placines/photo/photoFull.df70eb994b7734bdf40e01b850e18c98079124f9,Alban Placines,Toulouse,TLS,BACK_ROW,3ème ligne,2020-2021,18,916.0,50.9,11.35,,,0.7,,,,0.09,0.7,,,1.31,,,,,lnr,,,,,0.0,0.0,71.6,71.6,1.0,13,54,32,57,59,0,,50.0,→,0,[],100,0.0,3ème Ligne,3L,100,Haute,False,Bonne,False,6,80.4,,,,,,,,,,,,0.0,,,,,,
lnr_1126,1126,alfred-parisien,https://cdn.lnr.fr/joueur/1126-alfred-parisien/photo/photoFull.eff1aa9b4a9f2b351be13ae3eed38b31d19c422e,Alfred Parisien,Lyon,LOU,CENTRE,Centre,2020-2021,2,68.0,34.0,8.24,,,0.0,,,,0.0,0.0,,,0.0,,,,,lnr,20.0,182.0,91.0,France,93.0232558139535,72.8,58.8,61.0,0.5,0,0,0,100,30,85,,18.3,↗,5,"[7.2, 0, 23.6, 22.9, 26.0]",100,-1.25,Centre,CTR,50,Basse,True,Basse,True,15,39.1,,,,,,,,,,,,0.0,,,,,,
lnr_2169,2169,ali-oz,https://cdn.lnr.fr/joueur/2169-ali-oz/photo/photoFull.c13853c24f9a438203d2dc57b45e48161a549ae5,Ali Oz,Racing 92,R92,FRONT_ROW,1ère ligne,2020-2021,13,596.0,45.8,8.59,,,0.13,,,,0.0,0.54,,,0.0,,,,,lnr,,,,,0.0,0.0,53.7,57.8,0.75,0,53,0,34,36,0,,50.0,→,0,[],100,0.0,1ère Ligne,1L,75,Haute,False,Moyenne,False,63,8.8,,,,,,,,,,,,0.0,,,,,,
lnr_2565,2565,andy-bordelai,https://cdn.lnr.fr/joueur/2565-andy-bordelai/photo/photoFull.1d6a32f7ce4a12d423552fb50b73687ec52ba345,Andy Bordelai,Racing 92,R92,FRONT_ROW,1ère ligne,2020-2021,3,43.0,14.3,5.58,,,3.72,,,,0.0,0.0,,,0.0,,,,,lnr,21.0,186.0,115.0,France,95.06772297469972,92.0,65.8,66.9,0.5,0,0,0,1,70,90,,42.8,↘,5,"[47.8, 57.8, 25.0, 62.3, 49.4]",100,-1.03,1ère Ligne,1L,50,Basse,True,Basse,True,39,44.1,,,,,,,,,,,,0.0,,,,,,
lnr_1426,1426,anthony-bouthier,https://cdn.lnr.fr/joueur/1426-anthony-bouthier/photo/photoFull.55223152d2bdf719adae33c3f4ef18c348eed132,Anthony Bouthier,Montpellier,MHR,FULLBACK,Arrière,2020-2021,13,947.0,72.8,4.05,,,0.0,,,,0.25,1.01,,,7.6,,,,,lnr,,,,,0.0,0.0,71.2,71.2,1.0,16,100,100,41,30,0,7.6,50.0,→,0,[],100,0.0,Arrière,ARR,100,Haute,False,Bonne,False,2,90.0,62.2,France,11.0,cluster_1,69.2,58.5,50.0,72.4,71.9,58.1,99.1,0.0,,,,,,
lnr_2150,2150,antoine-gibert,https://cdn.lnr.fr/joueur/2150-antoine-gibert/photo/photoFull.8b942e992ebb42fdd1ca819c8cb833427c776cef,Antoine Gibert,Racing 92,R92,CENTRE,Centre,2020-2021,24,953.0,39.7,4.53,,,0.0,,,,0.25,0.42,,,3.61,,,,,lnr,23.0,177.0,76.0,France,90.46767186302073,60.8,59.3,57.7,1.0,27,39,93,29,30,75,,19.0,↗,5,"[3.8, 9.3, 0, 5.2, 50.4]",100,-0.16,Centre,CTR,100,Haute,False,Bonne,False,23,4.3,,,,,,,,,,,,0.0,,,,,,
lnr_322,322,antoine-miquel,https://cdn.lnr.fr/joueur/322-antoine-miquel/photo/photoFull.c13853c24f9a438203d2dc57b45e48161a549ae5,Antoine Miquel,Toulouse,TLS,BACK_ROW,3ème ligne,2020-2021,14,834.0,59.6,7.96,,,0.38,,,,0.38,1.34,,,0.96,,,,,lnr,,,,,0.0,0.0,61.8,61.8,1.0,56,100,23,6,46,0,,50.0,→,0,[],100,0.0,3ème Ligne,3L,100,Haute,False,Bonne,False,22,25.0,,,,,,,,,,,,0.0,,,,,,
lnr_49,49,arnaud-duputs,https://cdn.lnr.fr/joueur/49-arnaud-duputs/photo/photoFull.fa741145527d67f0373a3b7f544c55452bd2af8a,Arnaud Duputs,Bayonne,BAY,BACK_ROW,3ème ligne,2020-2021,14,681.0,48.6,12.1,,,0.94,,,,0.0,0.12,,,1.17,,,,,lnr,,,,,0.0,0.0,73.6,73.6,1.0,0,9,28,68,69,0,,50.0,→,0,[],100,0.0,3ème Ligne,3L,100,Haute,False,Moyenne,False,3,92.9,,,,,,,,,,,,0.0,,,,,,
lnr_420,420,arthur-bonneval,https://cdn.lnr.fr/joueur/420-arthur-bonneval/photo/photoFull.df70eb994b7734bdf40e01b850e18c98079124f9,Arthur Bonneval,Toulouse,TLS,WINGER,Ailier,2020-2021,4,135.0,33.8,2.37,,,0.0,,,,0.59,0.59,,,0.0,,,,,lnr,,,,,0.0,0.0,56.6,63.3,0.5,25,49,0,2,30,0,0.0,50.0,→,0,[],100,0.0,Ailier,AIL,50,Basse,True,Basse,True,10,40.0,,,,,,,,,,,,0.0,,,,,,
lnr_1776,1776,arthur-coville,https://cdn.lnr.fr/joueur/1776-arthur-coville/photo/photoFull.6fc701688372b38c2cd93e972d93fc323ab7f457,Arthur Coville,Paris,SFP,SCRUM_HALF,Demi de mêlée,2020-2021,24,800.0,33.3,5.0,,,0.0,,,,0.2,0.7,,,0.7,,,,,lnr,,,,,0.0,0.0,56.8,56.8,1.0,26,40,13,25,30,0,0.7,50.0,→,0,[],100,0.0,Demi de mêlée,9,100,Haute,False,Moyenne,False,18,5.6,,,,,,,,,,,,0.0,,,,,,
lnr_690,690,arthur-iturria,https://cdn.lnr.fr/joueur/690-arthur-iturria/photo/photoFull.1d6a32f7ce4a12d423552fb50b73687ec52ba345,Arthur Iturria,Clermont,CLR,LOCK,2ème ligne,2020-2021,11,726.0,66.0,9.04,,,0.22,,,,0.33,0.22,,,0.55,,,,,lnr,26.0,198.0,112.0,France,100.0,89.60000000000001,66.9,66.2,1.0,62,20,21,20,42,98,,35.8,↗,5,"[27.9, 36.7, 41.2, 39.1, 46.2]",100,2.0,2ème Ligne,2L,100,Haute,False,Moyenne,False,15,58.8,70.8,France,17.0,cluster_1,70.8,68.7,50.0,85.8,68.3,68.1,90.2,0.0,,,,,,
lnr_1379,1379,axel-bevia,https://cdn.lnr.fr/joueur/1379-axel-bevia/photo/photoFull.04d4f5111c6d5bf74e622e04f4c82377645acf85,Axel Bevia,Montpellier,MHR,FULLBACK,Arrière,2020-2021,3,229.0,76.3,2.79,,,0.35,,,,0.7,0.35,,,0.0,,,,,lnr,,,,,0.0,0.0,58.6,63.2,0.6,46,23,0,15,65,0,0.0,50.0,→,0,[],100,0.0,Arrière,ARR,60,Moyenne,True,Basse,True,5,60.0,,,,,,,,,,,,0.0,,,,,,
lnr_808,808,benjamin-botica,https://cdn.lnr.fr/joueur/808-benjamin-botica/photo/photoFull.8a8276a94cfaec44d9ad851c959e24101861b746,B. Botica,Bordeaux,BOR,FLY_HALF,Demi d'ouverture,2020-2021,22,859.0,39.0,3.54,,,0.0,,,,0.65,0.37,,,10.15,,,,,lnr,,,,,0.0,0.0,61.1,61.1,1.0,41,29,81,22,30,0,10.15,50.0,→,0,[],100,0.0,Ouvreur,10,100,Haute,False,Bonne,False,7,50.0,,,,,,,,,,,,0.0,,,,,,
lnr_1106,1106,baptiste-couilloud,https://cdn.lnr.fr/joueur/1106-baptiste-couilloud/photo/photoFull.8e39a4ffde2d58962f9632bb5639326c8c077ac5,B. Couilloud,Lyon,LOU,SCRUM_HALF,Demi de mêlée,2020-2021,16,822.0,51.4,7.98,,,0.0,,,,0.49,1.46,,,3.31,,,,,lnr,23.0,176.0,82.0,France,89.95655507283415,65.60000000000001,77.3,73.6,1.0,64,83,60,93,30,92,3.31,31.1,→,5,"[19.7, 49.5, 14.4, 21.6, 53.0]",100,-0.16,Demi de mêlée,9,100,Haute,False,Bonne,False,3,88.9,75.9,France,14.0,cluster_1,68.6,67.8,50.0,95.3,89.1,66.7,93.0,0.0900000000000005,,,,,,
lnr_712,712,bautista-delguy,https://cdn.lnr.fr/joueur/712-bautista-delguy/photo/photoFull.b5e9990d9a31ede8327da9bafe6aeb896ea144f3,B. Delguy,Bordeaux,BOR,WINGER,Ailier,2020-2021,7,431.0,61.6,2.04,,,0.0,,,,0.37,0.19,,,1.86,,,,,lnr,23.0,183.0,84.0,Argentine,93.53437260414006,67.2,52.7,60.9,0.75,12,16,42,0,30,87,1.86,16.9,↘,5,"[26.2, 34.7, 0, 19.6, 19.0]",100,-0.16,Ailier,AIL,75,Haute,False,Moyenne,False,15,6.7,70.6,Argentine,49.0,cluster_1,77.3,53.5,50.0,85.0,89.8,74.2,91.4,0.0,,,,,,
lnr_241,241,baptiste-germain,https://cdn.lnr.fr/joueur/241-baptiste-germain/photo/photoFull.1d6a32f7ce4a12d423552fb50b73687ec52ba345,B. Germain,Toulouse,TLS,SCRUM_HALF,Demi de mêlée,2020-2021,13,332.0,25.5,4.82,,,0.0,,,,0.72,0.72,,,0.96,,,,,lnr,20.0,174.0,82.0,France,88.93432149246104,65.60000000000001,62.5,61.7,0.75,94,41,17,21,30,91,0.96,22.9,↘,5,"[18.3, 22.9, 28.3, 22.0, 27.5]",100,-1.25,Demi de mêlée,9,75,Haute,False,Basse,False,12,38.9,,,,,,,,,,,,0.0,,,,,,
lnr_2362,2362,beka-gigashvili,https://cdn.lnr.fr/joueur/2362-beka-gigashvili/photo/photoFull.2eaacbd11c12f10f571df4cbac07c560d1665acd,B. Gigashvili,Toulon,TLN,FRONT_ROW,1ère ligne,2020-2021,15,868.0,57.9,8.94,,,0.18,,,,0.0,0.09,,,0.46,,,,,lnr,29.0,179.0,116.0,Géorgie,91.48990544339382,92.8,68.7,71.0,1.0,0,9,17,38,39,90,,61.8,↗,5,"[83.9, 34.4, 100, 39.2, 82.0]",100,2.96,1ère Ligne,1L,100,Haute,False,Bonne,False,23,66.9,75.2,GEORG,34.0,cluster_0,57.0,51.8,50.0,87.6,82.9,55.9,88.9,0.0200000000000002,,,,,,
lnr_2633,2633,baptiste-heguy,https://cdn.lnr.fr/joueur/2633-baptiste-heguy/photo/photoFull.1d6a32f7ce4a12d423552fb50b73687ec52ba345,B. Heguy,Bayonne,BAY,BACK_ROW,3ème ligne,2020-2021,16,849.0,53.1,9.52,,,0.09,,,,0.09,0.0,,,0.47,,,,,lnr,22.0,196.0,104.0,France,100.0,83.2,55.1,56.1,1.0,13,0,11,29,34,92,,34.6,→,5,"[51.0, 49.7, 45.4, 29.7, 36.7]",100,-0.67,3ème Ligne,3L,100,Haute,False,Bonne,False,28,3.6,,,,,,,,,,,,0.0,,,,,,
lnr_1806,1806,baptiste-pesenti,https://cdn.lnr.fr/joueur/1806-baptiste-pesenti/photo/photoFull.0d105085f705532550693973c5545a1d4e020463,B. Pesenti,Pau,PAU,BACK_ROW,3ème ligne,2020-2021,14,791.0,56.5,12.64,,,0.2,,,,0.0,0.1,,,0.0,,,,,lnr,23.0,195.0,118.0,France,99.66777408637874,94.4,67.0,70.6,1.0,0,8,0,76,38,99,,75.7,↗,5,"[36.2, 100, 70.9, 91.7, 98.5]",100,-0.16,3ème Ligne,3L,100,Haute,False,Moyenne,False,9,71.4,,,,,,,,,,,,0.0,,,,,,
lnr_1432,1432,bastien-chalureau,https://cdn.lnr.fr/joueur/1432-bastien-chalureau/photo/photoFull.4cb2a4ab19ab443ff7739b68884b2f51b78c1bab,Bastien Chalureau,Montpellier,MHR,LOCK,2ème ligne,2020-2021,18,677.0,37.6,11.46,,,0.0,,,,0.0,0.35,,,0.0,,,,,lnr,29.0,,118.0,France,0.0,94.4,56.9,60.6,1.0,0,32,0,44,30,14,,53.6,↗,5,"[25.4, 58.6, 0, 97.3, 81.2]",100,2.96,2ème Ligne,2L,100,Haute,False,Moyenne,False,20,41.2,,,,,,,,,,,,0.0,,,,,,
lnr_1311,1311,bastien-guillemin,https://cdn.lnr.fr/joueur/1311-bastien-guillemin/photo/photoFull.df70eb994b7734bdf40e01b850e18c98079124f9,Bastien Guillemin,Castres,CAS,WINGER,Ailier,2020-2021,13,535.0,41.2,2.99,,,0.0,,,,0.6,0.0,,,2.24,,,,,lnr,,,,,0.0,0.0,53.3,57.4,0.75,26,0,51,16,30,0,2.24,50.0,→,0,[],100,0.0,Ailier,AIL,75,Haute,False,Moyenne,False,13,20.0,,,,,,,,,,,,0.0,,,,,,
lnr_235,235,bastien-soury,https://cdn.lnr.fr/joueur/235-bastien-soury/photo/photoFull.66c8481f41dae2c760111c9de7f76f50fdc806b3,Bastien Soury,Toulon,TLN,FRONT_ROW,1ère ligne,2020-2021,10,167.0,16.7,11.98,,,0.0,,,,0.0,0.0,,,0.0,,,,,lnr,,,,,0.0,0.0,56.3,61.8,0.6,0,0,0,71,30,0,,50.0,→,0,[],100,0.0,1ère Ligne,1L,60,Moyenne,True,Basse,False,57,17.6,,,,,,,,,,,,0.0,,,,,,
lnr_1893,1893,beka-gorgadze,https://cdn.lnr.fr/joueur/1893-beka-gorgadze/photo/photoFull.bf4a801945c52387138b3325d9dd3bcf510292ab,Beka Gorgadze,Bordeaux,BOR,BACK_ROW,3ème ligne,2020-2021,2,100.0,50.0,12.0,,,0.0,,,,0.0,0.8,,,0.0,,,,,lnr,25.0,189.0,110.0,Géorgie,96.6010733452594,88.0,67.6,69.9,0.5,0,62,0,67,30,95,,49.6,↘,5,"[66.8, 66.8, 66.8, 66.8, 41.2]",100,1.26,3ème Ligne,3L,50,Basse,True,Basse,True,12,60.7,75.8,GEORG,43.0,cluster_0,80.3,62.2,50.0,87.3,78.2,70.3,86.1,0.0799999999999997,,,,,,
lnr_2389,2389,bruce-devaux,https://cdn.lnr.fr/joueur/2389-bruce-devaux/photo/photoFull.b817331ae7e7f540e8505004318a8073270e5d10,Bruce Devaux,Toulon,TLN,FRONT_ROW,1ère ligne,2020-2021,16,403.0,25.2,13.5,,,0.2,,,,0.2,0.0,,,0.99,,,,,lnr,24.0,183.0,108.0,France,93.53437260414006,86.4,77.0,73.5,0.75,57,0,37,87,40,86,,42.3,→,5,"[58.3, 58.3, 56.5, 50.0, 38.4]",100,0.5,1ère Ligne,1L,75,Haute,False,Moyenne,False,15,79.4,,,,,,,,,,,,0.0,,,,,,
lnr_1915,1915,clement-laporte,https://cdn.lnr.fr/joueur/1915-clement-laporte/photo/photoFull.bf4a801945c52387138b3325d9dd3bcf510292ab,C. Laporte,Lyon,LOU,FULLBACK,Arrière,2020-2021,10,614.0,61.4,3.52,,,0.0,,,,0.78,0.78,,,0.65,,,,,lnr,,,,,0.0,0.0,61.3,61.3,1.0,51,73,11,30,30,0,0.65,50.0,→,0,[],100,0.0,Arrière,ARR,100,Haute,False,Moyenne,False,7,40.0,,,,,,,,,,,,0.0,,,,,,
lnr_694,694,cristian-ojovan,https://cdn.lnr.fr/joueur/694-cristian-ojovan/photo/photoFull.b5e9990d9a31ede8327da9bafe6aeb896ea144f3,C. Ojovan,Clermont,CLR,FRONT_ROW,1ère ligne,2020-2021,20,755.0,37.8,8.26,,,0.0,,,,0.0,0.11,,,0.0,,,,,lnr,24.0,183.0,120.0,Moldavie,93.53437260414006,96.0,62.6,62.6,1.0,0,11,0,30,30,93,,36.9,↘,5,"[57.5, 33.6, 46.9, 30.9, 46.9]",100,0.5,1ère Ligne,1L,100,Haute,False,Moyenne,False,53,23.5,,,,,,,,,,,,0.0,,,,,,
lnr_707,707,cheikh-saliou-tiberghien,https://cdn.lnr.fr/joueur/707-cheikh-saliou-tiberghien/photo/photoFull.1d6a32f7ce4a12d423552fb50b73687ec52ba345,C. Tiberghien,Clermont,CLR,FULLBACK,Arrière,2020-2021,15,607.0,40.5,2.11,,,0.13,,,,0.4,0.66,,,1.32,,,,,lnr,,,,,0.0,0.0,57.7,55.0,1.0,26,59,22,1,43,0,1.32,6.8,↗,5,"[0, 0, 6.2, 11.4, 6.3]",100,0.0,Arrière,ARR,100,Haute,False,Moyenne,False,10,10.0,,,,,,,,,,,,0.0,,,,,,
lnr_2354,2354,christopher-tolofua,https://cdn.lnr.fr/joueur/2354-christopher-tolofua/photo/photoFull.4cb2a4ab19ab443ff7739b68884b2f51b78c1bab,C. Tolofua,Toulon,TLN,FRONT_ROW,1ère ligne,2020-2021,19,853.0,44.9,9.19,,,0.66,,,,0.0,0.09,,,0.94,,,,,lnr,27.0,182.0,120.0,France,93.0232558139535,96.0,76.2,71.4,1.0,0,9,35,40,62,93,,16.3,↗,5,"[19.2, 8.5, 39.4, 3.5, 17.6]",100,2.61,1ère Ligne,1L,100,Haute,False,Bonne,False,22,69.1,,,,,,,,,,,,0.0,,,,,,
lnr_5690,5690,calum-randle,https://cdn.lnr.fr/joueur/5690-calum-randle/photo/photoFull.d303b4e754d5628447799261cf17492ebc23d137,Calum Randle,Montpellier,MHR,FULLBACK,Arrière,2020-2021,2,83.0,41.5,7.71,,,0.0,,,,0.0,0.0,,,0.0,,,,,lnr,,,,,0.0,0.0,53.5,61.8,0.5,0,0,0,100,30,0,0.0,50.0,→,0,[],100,0.0,Arrière,ARR,50,Basse,True,Basse,True,6,50.0,,,,,,,,,,,,0.0,,,,,,
lnr_2177,2177,cameron-woki,https://cdn.lnr.fr/joueur/2177-cameron-woki/photo/photoFull.9db3e1c64b0fa647759e691550b9e8351884f243,Cameron Woki,Bordeaux,BOR,LOCK,2ème ligne,2020-2021,14,976.0,69.7,7.46,,,0.41,,,,0.49,0.16,,,2.87,,,,,lnr,,,,,0.0,0.0,52.8,54.3,1.0,92,15,100,4,52,0,,31.4,↗,5,"[33.4, 30.1, 58.3, 9.2, 44.9]",100,0.0,2ème Ligne,2L,100,Haute,False,Bonne,False,30,14.7,77.7,France,20.0,cluster_1,73.2,81.2,50.0,90.9,73.4,79.3,84.3,0.2700000000000003,,,,,,
lnr_2165,2165,camille-chat,https://cdn.lnr.fr/joueur/2165-camille-chat/photo/photoFull.8e39a4ffde2d58962f9632bb5639326c8c077ac5,Camille Chat,Racing 92,R92,FRONT_ROW,1ère ligne,2020-2021,9,396.0,44.0,8.69,,,0.2,,,,0.2,1.01,,,0.0,,,,,lnr,25.0,178.0,101.0,France,90.97878865320726,80.80000000000001,72.1,72.0,0.75,57,100,0,35,40,81,,52.1,→,5,"[29.5, 67.0, 50.4, 32.8, 90.5]",100,1.26,1ère Ligne,1L,75,Haute,False,Basse,False,20,72.1,72.4,France,37.0,cluster_1,80.0,65.3,50.0,91.8,65.2,64.4,91.6,0.0,,,,,,
lnr_2162,2162,cedate-gomes-sa,https://cdn.lnr.fr/joueur/2162-cedate-gomes-sa/photo/photoFull.8e39a4ffde2d58962f9632bb5639326c8c077ac5,Cedate Gomes Sa,Racing 92,R92,FRONT_ROW,1ère ligne,2020-2021,20,837.0,41.9,5.35,,,0.1,,,,0.0,0.0,,,0.0,,,,,lnr,27.0,185.0,113.0,France,94.55660618451316,90.4,58.3,63.5,1.0,0,0,0,0,35,89,,66.6,→,5,"[100, 53.2, 47.8, 30.3, 100]",100,2.61,1ère Ligne,1L,100,Haute,False,Bonne,False,51,26.5,77.7,France,12.0,cluster_1,63.9,56.4,50.0,90.7,83.7,62.8,88.2,0.2700000000000003,,,,,,
lnr_2355,2355,charles-ollivon,https://cdn.lnr.fr/joueur/2355-charles-ollivon/photo/photoFull.2eaacbd11c12f10f571df4cbac07c560d1665acd,Charles Ollivon,Toulon,TLN,BACK_ROW,3ème ligne,2020-2021,15,840.0,56.0,11.43,,,0.38,,,,0.38,0.86,,,0.0,,,,,lnr,27.0,199.0,114.0,France,100.0,91.2,76.8,75.0,1.0,56,67,0,58,46,98,,38.3,→,5,"[31.4, 32.7, 31.9, 31.9, 64.8]",100,2.61,3ème Ligne,3L,100,Haute,False,Bonne,False,2,96.4,79.3,France,30.0,cluster_1,93.5,96.5,50.0,91.6,50.0,93.2,89.9,0.4299999999999997,,,,,,
lnr_1886,1886,clovis-le-bail,https://cdn.lnr.fr/joueur/1886-clovis-le-bail/photo/photoFull.2eaacbd11c12f10f571df4cbac07c560d1665acd,Clovis Le Bail,Pau,PAU,SCRUM_HALF,Demi de mêlée,2020-2021,21,782.0,37.2,4.91,,,0.0,,,,0.61,0.51,,,6.24,,,,,lnr,25.0,173.0,74.0,France,88.42320470227449,59.2,63.0,60.7,1.0,80,29,100,23,30,86,6.24,17.2,↘,5,"[41.2, 9.2, 16.2, 20.7, 14.5]",100,1.26,Demi de mêlée,9,100,Haute,False,Moyenne,False,14,27.8,,,,,,,,,,,,0.0,,,,,,
lnr_2451,2451,cyril-baille,https://cdn.lnr.fr/joueur/2451-cyril-baille/photo/photoFull.a2503fca1a2646233602741328f9c3f7893fa1e1,Cyril Baille,Toulouse,TLS,FRONT_ROW,1ère ligne,2020-2021,14,696.0,49.7,8.51,,,0.0,,,,0.0,0.8,,,0.0,,,,,lnr,27.0,182.0,118.0,France,93.0232558139535,94.4,69.1,66.1,1.0,0,79,0,33,30,92,,15.3,↘,5,"[22.6, 34.7, 29.7, 5.9, 7.2]",100,2.61,1ère Ligne,1L,100,Haute,False,Moyenne,False,42,39.7,79.6,France,42.0,cluster_1,94.8,100.0,50.0,93.7,66.4,83.5,88.2,0.4599999999999994,,,,,,
lnr_708,708,daniel-bibi-biziwu,https://cdn.lnr.fr/joueur/708-daniel-bibi-biziwu/photo/photoFull.b948a9307d0771aeee5c40d614c45938eb2eb700,D. Bibi Biziwu,Clermont,CLR,FRONT_ROW,1ère ligne,2020-2021,12,248.0,20.7,10.0,,,0.32,,,,0.0,0.0,,,0.0,,,,,lnr,19.0,183.0,119.0,France,93.53437260414006,95.2,68.5,66.8,0.6,0,0,0,49,45,92,,36.0,↘,5,"[29.8, 65.3, 12.9, 72.6, 26.8]",100,-1.38,1ère Ligne,1L,60,Moyenne,True,Basse,False,40,42.6,,,,,,,,,,,,0.0,,,,,,
lnr_2365,2365,dany-priso-mouangue,https://cdn.lnr.fr/joueur/2365-dany-priso-mouangue/photo/photoFull.2eaacbd11c12f10f571df4cbac07c560d1665acd,D. Priso Mouangue,La Rochelle,LRO,FRONT_ROW,1ère ligne,2020-2021,15,570.0,38.0,12.07,,,0.7,,,,0.0,0.0,,,0.7,,,,,lnr,27.0,182.0,112.0,France,93.0232558139535,89.60000000000001,81.9,76.8,0.75,0,0,26,71,64,88,,39.2,→,5,"[50.4, 32.6, 55.7, 9.9, 67.0]",100,2.61,1ère Ligne,1L,75,Haute,False,Moyenne,False,7,91.2,,,,,,,,,,,,0.0,,,,,,
lnr_1662,1662,darren-anthony-sweetnam,https://cdn.lnr.fr/joueur/1662-darren-anthony-sweetnam/photo/photoFull.c13853c24f9a438203d2dc57b45e48161a549ae5,D. Sweetnam,La Rochelle,LRO,WINGER,Ailier,2020-2021,6,234.0,39.0,3.08,,,0.34,,,,0.68,0.34,,,3.42,,,,,lnr,,,,,0.0,0.0,63.3,66.0,0.6,31,28,78,19,66,0,3.42,50.0,→,0,[],100,0.0,Ailier,AIL,60,Moyenne,True,Basse,False,8,53.3,,,,,,,,,,,,0.0,,,,,,
lnr_2500,2500,david-ainuu,https://cdn.lnr.fr/joueur/2500-david-ainuu/photo/photoFull.7ca2942712296b23bc0c05ee5ba8a7306bef7b5e,David Ainuu,Toulouse,TLS,FRONT_ROW,1ère ligne,2020-2021,15,400.0,26.7,10.2,,,0.4,,,,0.0,0.2,,,0.0,,,,,lnr,21.0,178.0,122.0,Etats-Unis,90.97878865320726,97.6,72.0,69.9,0.75,0,20,0,51,49,94,,42.0,↗,5,"[44.7, 30.7, 35.4, 36.2, 70.2]",100,-1.03,1ère Ligne,1L,75,Haute,False,Moyenne,False,28,59.6,,,,,,,,,,,,0.0,,,,,,
lnr_1079,1079,demba-bamba,https://cdn.lnr.fr/joueur/1079-demba-bamba/photo/photoFull.8b942e992ebb42fdd1ca819c8cb833427c776cef,Demba Bamba,Lyon,LOU,FRONT_ROW,1ère ligne,2020-2021,14,800.0,57.1,5.7,,,0.3,,,,0.1,0.7,,,1.0,,,,,lnr,23.0,185.0,125.0,France,94.55660618451316,100.0,65.3,67.5,1.0,28,69,37,3,44,96,,60.5,↗,5,"[52.9, 65.6, 79.4, 64.2, 77.9]",100,-0.16,1ère Ligne,1L,100,Haute,False,Moyenne,False,38,45.6,73.9,France,25.0,cluster_1,100.0,78.2,50.0,85.5,58.7,81.7,88.4,0.0,,,,,,
lnr_2501,2501,dimitri-delibes,https://cdn.lnr.fr/joueur/2501-dimitri-delibes/photo/photoFull.7ca2942712296b23bc0c05ee5ba8a7306bef7b5e,Dimitri Delibes,Toulouse,TLS,CENTRE,Centre,2020-2021,5,320.0,64.0,3.25,,,0.0,,,,0.25,0.5,,,5.0,,,,,lnr,22.0,190.0,98.0,France,97.11219013544596,78.4,57.9,59.2,0.75,27,47,100,4,30,90,,23.2,↘,5,"[33.3, 22.9, 0, 25.5, 38.6]",100,-0.67,Centre,CTR,75,Haute,False,Basse,False,18,26.1,,,,,,,,,,,,0.0,,,,,,
lnr_2448,2448,dorian-aldegheri,https://cdn.lnr.fr/joueur/2448-dorian-aldegheri/photo/photoFull.a2503fca1a2646233602741328f9c3f7893fa1e1,Dorian Aldegheri,Toulouse,TLS,FRONT_ROW,1ère ligne,2020-2021,14,572.0,40.9,7.83,,,0.28,,,,0.14,0.28,,,0.7,,,,,lnr,27.0,180.0,119.0,France,92.0010222335804,95.2,69.8,68.7,0.75,40,28,26,26,43,92,,31.7,→,5,"[49.7, 37.7, 33.6, 47.8, 24.4]",100,2.61,1ère Ligne,1L,75,Haute,False,Moyenne,False,31,55.9,59.1,France,9.0,cluster_1,55.9,50.0,50.0,89.5,51.0,55.5,85.5,0.0,,,,,,
lnr_1988,1988,dorian-laborde,https://cdn.lnr.fr/joueur/1988-dorian-laborde/photo/photoFull.df70eb994b7734bdf40e01b850e18c98079124f9,Dorian Laborde,Racing 92,R92,WINGER,Ailier,2020-2021,14,585.0,41.8,4.79,,,0.27,,,,0.68,0.82,,,1.37,,,,,lnr,,,,,0.0,0.0,67.2,67.9,0.75,31,67,31,58,59,0,1.37,50.0,→,0,[],100,0.0,Ailier,AIL,75,Haute,False,Moyenne,False,7,60.0,,,,,,,,,,,,0.0,,,,,,
lnr_2498,2498,emmanuel-meafou,https://cdn.lnr.fr/joueur/2498-emmanuel-meafou/photo/photoFull.7ca2942712296b23bc0c05ee5ba8a7306bef7b5e,E. Meafou,Toulouse,TLS,LOCK,2ème ligne,2020-2021,23,932.0,40.5,9.01,,,0.34,,,,0.52,1.2,,,2.58,,,,,lnr,22.0,,145.0,France,0.0,100.0,59.9,60.3,1.0,98,100,98,20,48,15,,38.0,→,5,"[43.8, 40.3, 30.6, 51.1, 45.3]",100,-0.67,2ème Ligne,2L,100,Haute,False,Bonne,False,23,35.3,,,,,,,,,,,,0.0,,,,,,
lnr_2349,2349,emerick-setiano,https://cdn.lnr.fr/joueur/2349-emerick-setiano/photo/photoFull.1d6a32f7ce4a12d423552fb50b73687ec52ba345,Emerick Setiano,Toulon,TLN,FRONT_ROW,1ère ligne,2020-2021,16,762.0,47.6,10.5,,,0.0,,,,0.21,0.1,,,0.0,,,,,lnr,24.0,183.0,115.0,France,93.53437260414006,92.0,68.8,68.4,1.0,59,10,0,55,30,90,,43.5,→,5,"[47.8, 42.2, 2.5, 100, 5.1]",100,0.5,1ère Ligne,1L,100,Haute,False,Moyenne,False,33,52.9,,,,,,,,,,,,0.0,,,,,,
lnr_1440,1440,enzo-forletta,https://cdn.lnr.fr/joueur/1440-enzo-forletta/photo/photoFull.4cb2a4ab19ab443ff7739b68884b2f51b78c1bab,Enzo Forletta,Montpellier,MHR,FRONT_ROW,1ère ligne,2020-2021,19,707.0,37.2,12.33,,,0.45,,,,0.11,0.34,,,0.57,,,,,lnr,26.0,175.0,118.0,France,89.44543828264759,94.4,81.9,77.9,1.0,31,34,21,74,52,91,,33.1,↘,5,"[54.1, 38.2, 61.5, 29.4, 27.0]",100,2.0,1ère Ligne,1L,100,Haute,False,Moyenne,False,5,94.1,,,,,,,,,,,,0.0,,,,,,
lnr_1941,1941,eoghan-barrett,https://cdn.lnr.fr/joueur/1941-eoghan-barrett/photo/photoFull.58e6e4b7761b3420a57c37233cfce5ad6a1e7fad,Eoghan Barrett,Pau,PAU,CENTRE,Centre,2020-2021,5,304.0,60.8,5.0,,,0.0,,,,0.26,0.26,,,1.32,,,,,lnr,,,,,0.0,0.0,54.7,58.5,0.75,28,24,34,38,30,0,,50.0,→,0,[],100,0.0,Centre,CTR,75,Haute,False,Basse,False,21,13.0,,,,,,,,,,,,0.0,,,,,,
lnr_923,923,erwan-dridi,https://cdn.lnr.fr/joueur/923-erwan-dridi/photo/photoFull.5130516f3d5f5fbc23b3eaab6efe1a2b3082c3df,Erwan Dridi,Toulon,TLN,FULLBACK,Arrière,2020-2021,12,713.0,59.4,5.05,,,0.45,,,,0.9,0.45,,,1.68,,,,,lnr,,,,,0.0,0.0,69.6,69.6,1.0,59,34,28,61,70,0,1.68,50.0,→,0,[],100,0.0,Arrière,ARR,100,Haute,False,Moyenne,False,3,80.0,,,,,,,,,,,,0.0,,,,,,
lnr_1125,1125,ethan-dumortier,https://cdn.lnr.fr/joueur/1125-ethan-dumortier/photo/photoFull.eff1aa9b4a9f2b351be13ae3eed38b31d19c422e,Ethan Dumortier,Lyon,LOU,CENTRE,Centre,2020-2021,8,340.0,42.5,3.76,,,0.0,,,,0.24,0.94,,,1.18,,,,,lnr,20.0,191.0,93.0,France,97.62330692563252,74.4,63.1,62.6,0.75,26,88,30,14,30,87,,26.8,→,5,"[12.9, 39.9, 37.6, 24.9, 29.8]",100,-1.25,Centre,CTR,75,Haute,False,Basse,False,12,52.2,,,,,,,,,,,,0.0,,,,,,
lnr_667,667,etienne-falgoux,https://cdn.lnr.fr/joueur/667-etienne-falgoux/photo/photoFull.b5e9990d9a31ede8327da9bafe6aeb896ea144f3,Etienne Falgoux,Clermont,CLR,FRONT_ROW,1ère ligne,2020-2021,10,507.0,50.7,6.47,,,0.0,,,,0.0,0.16,,,0.0,,,,,lnr,28.0,183.0,105.0,France,93.53437260414006,84.0,59.6,62.1,0.75,0,16,0,11,30,84,,25.6,↘,5,"[50.4, 14.1, 14.7, 23.6, 37.7]",100,2.96,1ère Ligne,1L,75,Haute,False,Moyenne,False,55,20.6,,,,,,,,,,,,0.0,,,,,,
lnr_624,624,florent-vanverberghe,https://cdn.lnr.fr/joueur/624-florent-vanverberghe/photo/photoFull.50e0d211418fb8267083232d5e5561b6e88fe79f,F. Vanverberghe,Castres,CAS,LOCK,2ème ligne,2020-2021,17,762.0,44.8,14.7,,,0.1,,,,0.21,0.0,,,0.0,,,,,lnr,20.0,198.0,120.0,France,100.0,96.0,73.2,71.7,1.0,40,0,0,76,35,99,,44.7,↘,5,"[82.5, 59.6, 82.5, 59.6, 21.0]",100,-1.25,2ème Ligne,2L,100,Haute,False,Moyenne,False,5,88.2,,,,,,,,,,,,0.0,,,,,,
lnr_2157,2157,fabien-sanconnie,https://cdn.lnr.fr/joueur/2157-fabien-sanconnie/photo/photoFull.8b942e992ebb42fdd1ca819c8cb833427c776cef,Fabien Sanconnie,Racing 92,R92,BACK_ROW,3ème ligne,2020-2021,10,517.0,51.7,8.2,,,0.46,,,,0.0,0.15,,,1.55,,,,,lnr,26.0,195.0,114.0,France,99.66777408637874,91.2,62.2,67.4,0.75,0,12,37,9,49,98,,60.3,↘,5,"[83.9, 100, 46.0, 65.6, 71.7]",100,2.0,3ème Ligne,3L,75,Haute,False,Moyenne,False,16,46.4,,,,,,,,,,,,0.0,,,,,,
lnr_2658,2658,facundo-bosch,https://cdn.lnr.fr/joueur/2658-facundo-bosch/photo/photoFull.1d6a32f7ce4a12d423552fb50b73687ec52ba345,Facundo Bosch,La Rochelle,LRO,FRONT_ROW,1ère ligne,2020-2021,19,947.0,49.8,11.32,,,0.84,,,,0.34,0.68,,,0.0,,,,,lnr,29.0,180.0,100.0,Argentine,92.0010222335804,80.0,88.0,84.7,1.0,96,67,0,63,70,80,,47.9,↘,5,"[100, 56.5, 33.8, 77.1, 38.5]",100,2.96,1ère Ligne,1L,100,Haute,False,Bonne,False,1,100.0,67.0,Argentine,25.0,cluster_1,51.2,50.0,50.0,76.2,91.1,50.0,87.6,0.0,,,,,,
lnr_2335,2335,facundo-isa,https://cdn.lnr.fr/joueur/2335-facundo-isa/photo/photoFull.bf4a801945c52387138b3325d9dd3bcf510292ab,Facundo Isa,Toulon,TLN,BACK_ROW,3ème ligne,2020-2021,11,638.0,58.0,8.4,,,0.25,,,,0.75,1.25,,,3.13,,,,,lnr,27.0,188.0,110.0,Argentine,96.08995655507285,88.0,69.9,71.2,1.0,100,97,76,12,40,94,,56.7,↗,5,"[57.8, 33.1, 41.7, 59.7, 96.6]",100,2.61,3ème Ligne,3L,100,Haute,False,Moyenne,False,8,75.0,73.6,Argentine,41.0,cluster_1,82.8,74.3,50.0,53.9,66.2,77.6,71.5,0.0,,,,,,
lnr_1438,1438,florian-verhaeghe,https://cdn.lnr.fr/joueur/1438-florian-verhaeghe/photo/photoFull.4cb2a4ab19ab443ff7739b68884b2f51b78c1bab,Florian Verhaeghe,Montpellier,MHR,LOCK,2ème ligne,2020-2021,7,435.0,62.1,9.2,,,0.18,,,,0.18,0.55,,,0.0,,,,,lnr,23.0,,110.0,France,0.0,88.0,53.4,58.7,0.75,34,50,0,22,40,13,,39.8,↗,5,"[43.9, 11.0, 64.8, 35.4, 55.7]",100,-0.16,2ème Ligne,2L,75,Haute,False,Moyenne,False,26,26.5,,,,,,,,,,,,0.0,,,,,,
lnr_2453,2453,francois-cros,https://cdn.lnr.fr/joueur/2453-francois-cros/photo/photoFull.a2503fca1a2646233602741328f9c3f7893fa1e1,Francois Cros,Toulouse,TLS,BACK_ROW,3ème ligne,2020-2021,14,972.0,69.4,10.29,,,0.25,,,,0.08,0.66,,,1.23,,,,,lnr,27.0,190.0,111.0,France,97.11219013544596,88.8,68.4,72.1,1.0,12,51,30,41,40,95,,74.1,→,2,"[100, 75.9]",100,2.61,3ème Ligne,3L,100,Haute,False,Bonne,False,4,89.3,67.6,France,25.0,cluster_1,61.3,57.0,50.0,90.8,77.7,56.7,86.9,0.0,,,,,,
lnr_1095,1095,felix-lambey,https://cdn.lnr.fr/joueur/1095-felix-lambey/photo/photoFull.8e39a4ffde2d58962f9632bb5639326c8c077ac5,Félix Lambey,Lyon,LOU,LOCK,2ème ligne,2020-2021,16,807.0,50.4,11.9,,,0.4,,,,0.1,0.89,,,0.0,,,,,lnr,27.0,196.0,107.0,France,100.0,85.6,79.4,81.4,1.0,19,82,0,48,51,97,,75.9,↗,5,"[59.2, 93.8, 74.0, 69.9, 100]",100,2.61,2ème Ligne,2L,100,Haute,False,Bonne,False,1,100.0,77.7,France,10.0,cluster_1,95.6,85.2,50.0,90.8,62.3,84.0,88.3,0.2700000000000003,,,,,,
lnr_1009,1009,georges-henri-colombe-reazel,https://cdn.lnr.fr/joueur/1009-georges-henri-colombe-reazel/photo/photoFull.a2503fca1a2646233602741328f9c3f7893fa1e1,G. Colombe Reazel,Racing 92,R92,FRONT_ROW,1ère ligne,2020-2021,13,499.0,38.4,4.17,,,0.16,,,,0.0,0.16,,,0.0,,,,,lnr,23.0,193.0,142.0,France,98.64554050600564,100.0,59.6,61.9,0.75,0,16,0,0,38,100,,35.1,↗,5,"[3.4, 24.9, 33.7, 58.3, 43.9]",100,-0.16,1ère Ligne,1L,75,Haute,False,Moyenne,False,56,19.1,,,,,,,,,,,,0.0,,,,,,
lnr_2484,2484,guillaume-cramont,https://cdn.lnr.fr/joueur/2484-guillaume-cramont/photo/photoFull.a2503fca1a2646233602741328f9c3f7893fa1e1,G. Cramont,Toulouse,TLS,FRONT_ROW,1ère ligne,2020-2021,9,232.0,25.8,9.31,,,0.0,,,,1.03,0.69,,,1.72,,,,,lnr,20.0,183.0,107.0,France,93.53437260414006,85.6,68.2,68.6,0.6,100,68,64,42,30,85,,50.1,↗,5,"[53.4, 24.7, 55.9, 22.6, 97.0]",100,-1.25,1ère Ligne,1L,60,Moyenne,True,Basse,False,32,54.4,,,,,,,,,,,,0.0,,,,,,
lnr_337,337,geoffrey-cros,https://cdn.lnr.fr/joueur/337-geoffrey-cros/photo/photoFull.5130516f3d5f5fbc23b3eaab6efe1a2b3082c3df,G. Cros,Bordeaux,BOR,FULLBACK,Arrière,2020-2021,6,412.0,68.7,4.08,,,0.0,,,,1.94,0.58,,,3.88,,,,,lnr,,,,,0.0,0.0,72.6,71.9,0.75,100,50,65,42,30,0,3.88,50.0,→,0,[],100,0.0,Arrière,ARR,75,Haute,False,Moyenne,False,1,100.0,,,,,,,,,,,,0.0,,,,,,
lnr_1892,1892,guillaume-ducat,https://cdn.lnr.fr/joueur/1892-guillaume-ducat/photo/photoFull.bf7e6b3668f1d7c40821cbfca4c5f267bcf81dfe,G. Ducat,Bayonne,BAY,LOCK,2ème ligne,2020-2021,17,975.0,57.4,8.04,,,0.16,,,,0.0,0.0,,,0.0,,,,,lnr,24.0,,115.0,France,0.0,92.0,47.0,48.7,1.0,0,0,0,10,39,13,,25.2,→,5,"[32.1, 39.2, 47.8, 13.7, 22.8]",100,0.5,2ème Ligne,2L,100,Haute,False,Bonne,False,33,5.9,,,,,,,,,,,,0.0,,,,,,
lnr_2190,2190,guram-gogichashvili,https://cdn.lnr.fr/joueur/2190-guram-gogichashvili/photo/photoFull.d27019f52768bff9ad76599574dced3c5044bc4f,G. Gogichashvili,Racing 92,R92,FRONT_ROW,1ère ligne,2020-2021,16,599.0,37.4,10.68,,,0.53,,,,0.0,0.13,,,0.0,,,,,lnr,22.0,183.0,118.0,Géorgie,93.53437260414006,94.4,74.4,72.1,0.75,0,13,0,56,55,92,,47.7,↗,5,"[52.3, 41.2, 79.4, 39.4, 60.1]",100,-0.67,1ère Ligne,1L,75,Haute,False,Moyenne,False,19,73.5,73.3,GEORG,36.0,cluster_0,59.3,50.2,50.0,89.0,78.6,53.9,85.0,0.0,,,,,,
lnr_2201,2201,gia-kharaishvili,https://cdn.lnr.fr/joueur/2201-gia-kharaishvili/photo/photoFull.d27019f52768bff9ad76599574dced3c5044bc4f,G. Kharaishvili,Racing 92,R92,FRONT_ROW,1ère ligne,2020-2021,10,342.0,34.2,7.02,,,0.23,,,,0.0,0.23,,,0.0,,,,,lnr,22.0,180.0,120.0,Géorgie,92.0010222335804,96.0,62.6,63.4,0.75,0,23,0,17,41,93,,33.9,→,5,"[32.8, 39.8, 82.3, 26.0, 26.6]",100,-0.67,1ère Ligne,1L,75,Haute,False,Basse,False,50,27.9,,,,,,,,,,,,0.0,,,,,,
lnr_1084,1084,guillaume-marchand,https://cdn.lnr.fr/joueur/1084-guillaume-marchand/photo/photoFull.8e39a4ffde2d58962f9632bb5639326c8c077ac5,G. Marchand,Toulouse,TLS,FRONT_ROW,1ère ligne,2020-2021,18,761.0,42.3,10.51,,,0.63,,,,0.11,0.11,,,0.0,,,,,lnr,22.0,183.0,105.0,France,93.53437260414006,84.0,74.8,74.5,1.0,31,11,0,55,60,84,,52.6,↘,5,"[83.8, 81.0, 38.2, 52.4, 66.6]",100,-0.67,1ère Ligne,1L,100,Haute,False,Moyenne,False,11,85.3,80.2,France,28.0,cluster_1,97.3,91.7,50.0,90.1,57.0,70.1,89.4,0.5200000000000002,,,,,,
lnr_1447,1447,gela-aprasidze,https://cdn.lnr.fr/joueur/1447-gela-aprasidze/photo/photoFull.746d583d9f8a2aa9c322b15ebadc8acc096151d2,Gela Aprasidze,Montpellier,MHR,SCRUM_HALF,Demi de mêlée,2020-2021,5,125.0,25.0,4.48,,,0.0,,,,0.0,1.92,,,3.2,,,,,lnr,23.0,175.0,70.0,Géorgie,89.44543828264759,56.00000000000001,69.3,66.2,0.5,0,100,58,14,30,84,3.2,22.4,↘,5,"[31.3, 6.7, 18.3, 0, 51.8]",100,-0.16,Demi de mêlée,9,50,Basse,True,Basse,True,7,66.7,66.9,GEORG,45.0,cluster_0,57.3,70.2,52.6,87.6,91.9,57.6,88.1,0.0,,,,,,
lnr_662,662,giorgi-beria,https://cdn.lnr.fr/joueur/662-giorgi-beria/photo/photoFull.746d583d9f8a2aa9c322b15ebadc8acc096151d2,Giorgi Beria,Clermont,CLR,FRONT_ROW,1ère ligne,2020-2021,11,286.0,26.0,11.47,,,0.28,,,,0.0,0.0,,,0.0,,,,,lnr,21.0,175.0,108.0,France,89.44543828264759,86.4,70.4,70.3,0.6,0,0,0,65,43,85,,55.9,↗,5,"[77.7, 30.3, 96.8, 100, 27.6]",100,-1.03,1ère Ligne,1L,60,Moyenne,True,Basse,False,25,64.0,,,,,,,,,,,,0.0,,,,,,
lnr_1811,1811,giorgi-melikidze,https://cdn.lnr.fr/joueur/1811-giorgi-melikidze/photo/photoFull.0d105085f705532550693973c5545a1d4e020463,Giorgi Melikidze,Paris,SFP,FRONT_ROW,1ère ligne,2020-2021,16,315.0,19.7,8.63,,,0.0,,,,0.0,0.25,,,0.0,,,,,lnr,24.0,180.0,116.0,Géorgie,92.0010222335804,92.8,63.8,67.2,0.75,0,25,0,34,30,90,,41.1,↘,5,"[26.0, 33.3, 43.8, 42.4, 62.1]",100,0.5,1ère Ligne,1L,75,Haute,False,Basse,False,43,37.5,77.6,GEORG,27.0,cluster_0,52.2,50.2,50.0,88.4,89.4,54.2,92.0,0.2599999999999994,,,,,,
lnr_980,980,gregory-alldritt,https://cdn.lnr.fr/joueur/980-gregory-alldritt/photo/photoFull.7cb6d3e8fb1a9ef473f9440830017cd30be5f626,Gregory Alldritt,La Rochelle,LRO,BACK_ROW,3ème ligne,2020-2021,13,854.0,65.7,8.06,,,0.84,,,,0.37,1.31,,,4.68,,,,,lnr,,,,,0.0,0.0,70.6,69.4,1.0,55,100,100,7,65,0,,39.9,↗,5,"[37.3, 37.3, 46.5, 49.2, 47.8]",100,0.0,3ème Ligne,3L,100,Haute,False,Bonne,False,14,53.6,76.3,France,47.0,cluster_1,83.5,92.5,50.0,75.3,57.9,79.7,74.0,0.1299999999999997,,,,,,
lnr_1107,1107,hamza-kaabeche,https://cdn.lnr.fr/joueur/1107-hamza-kaabeche/photo/photoFull.8e39a4ffde2d58962f9632bb5639326c8c077ac5,Hamza Kaabeche,Lyon,LOU,FRONT_ROW,1ère ligne,2020-2021,11,351.0,31.9,15.95,,,0.46,,,,0.0,0.23,,,0.0,,,,,lnr,24.0,189.0,114.0,France,96.6010733452594,91.2,83.9,77.2,0.75,0,23,0,100,52,90,,38.9,→,5,"[24.7, 59.2, 51.8, 27.6, 52.4]",100,0.5,1ère Ligne,1L,75,Haute,False,Basse,False,6,92.6,,,,,,,,,,,,0.0,,,,,,
lnr_2081,2081,hans-nkinsi,https://cdn.lnr.fr/joueur/2081-hans-nkinsi/photo/photoFull.cba60bf104e3b342ceb7eeb5d08c240acb54484b,Hans Nkinsi,Castres,CAS,LOCK,2ème ligne,2020-2021,6,326.0,54.3,7.12,,,0.25,,,,0.25,0.25,,,0.0,,,,,lnr,,,,,0.0,0.0,48.6,53.9,0.75,47,23,0,1,43,0,,50.0,→,0,[],100,0.0,2ème Ligne,2L,75,Haute,False,Basse,False,31,11.8,,,,,,,,,,,,0.0,,,,,,
lnr_2175,2175,hassane-kolingar,https://cdn.lnr.fr/joueur/2175-hassane-kolingar/photo/photoFull.d27019f52768bff9ad76599574dced3c5044bc4f,Hassane Kolingar,Racing 92,R92,FRONT_ROW,1ère ligne,2020-2021,19,765.0,40.3,7.74,,,0.52,,,,0.0,0.21,,,1.05,,,,,lnr,23.0,184.0,115.0,France,94.0454893943266,92.0,68.2,72.7,1.0,0,21,39,25,55,90,,85.1,↗,5,"[100, 44.3, 92.5, 68.7, 100]",100,-0.16,1ère Ligne,1L,100,Haute,False,Moyenne,False,17,75.7,,,,,,,,,,,,0.0,,,,,,
lnr_354,354,hugo-zabalza,https://cdn.lnr.fr/joueur/354-hugo-zabalza/photo/photoFull.ea925ef6b0eeeaf7d1d25216bea712a737700f9f,Hugo Zabalza,Bayonne,BAY,SCRUM_HALF,Demi de mêlée,2020-2021,9,186.0,20.7,6.88,,,0.0,,,,0.0,1.72,,,0.0,,,,,lnr,21.0,176.0,82.0,France,89.95655507283415,65.60000000000001,73.2,68.1,0.6,0,98,0,68,30,92,0.0,25.5,→,5,"[27.3, 30.7, 36.3, 29.3, 22.8]",100,-1.03,Demi de mêlée,9,60,Moyenne,True,Basse,False,4,83.3,,,,,,,,,,,,0.0,,,,,,
lnr_1885,1885,ignacio-calles,https://cdn.lnr.fr/joueur/1885-ignacio-calles/photo/photoFull.1d6a32f7ce4a12d423552fb50b73687ec52ba345,Ignacio Calles,Pau,PAU,FRONT_ROW,1ère ligne,2020-2021,14,578.0,41.3,10.66,,,0.14,,,,0.0,0.14,,,0.0,,,,,lnr,25.0,187.0,116.0,Argentine,95.5788397648863,92.8,70.6,67.8,0.75,0,14,0,56,37,91,,23.9,↘,5,"[41.2, 28.4, 44.6, 3.1, 28.9]",100,1.26,1ère Ligne,1L,75,Haute,False,Moyenne,False,36,48.5,,,,,,,,,,,,0.0,,,,,,
lnr_611,611,jeremy-fernandez,https://cdn.lnr.fr/joueur/611-jeremy-fernandez/photo/photoFull.50e0d211418fb8267083232d5e5561b6e88fe79f,J. Fernandez,Castres,CAS,SCRUM_HALF,Demi de mêlée,2020-2021,13,175.0,13.5,7.31,,,0.0,,,,0.0,0.91,,,2.29,,,,,lnr,23.0,176.0,90.0,France,89.95655507283415,72.0,65.3,65.3,0.6,0,52,42,78,30,94,2.29,30.2,↘,5,"[45.0, 21.1, 37.3, 41.2, 28.7]",100,-0.16,Demi de mêlée,9,60,Moyenne,True,Basse,False,8,61.1,,,,,,,,,,,,0.0,,,,,,
lnr_2358,2358,jean-baptiste-gros,https://cdn.lnr.fr/joueur/2358-jean-baptiste-gros/photo/photoFull.2eaacbd11c12f10f571df4cbac07c560d1665acd,J. Gros,Toulon,TLN,FRONT_ROW,1ère ligne,2020-2021,14,752.0,53.7,7.98,,,0.0,,,,0.0,0.21,,,0.0,,,,,lnr,21.0,186.0,112.0,France,95.06772297469972,89.60000000000001,60.1,60.7,1.0,0,21,0,27,30,88,,40.3,↘,5,"[63.4, 47.8, 19.9, 19.9, 73.1]",100,-1.03,1ère Ligne,1L,100,Haute,False,Moyenne,False,61,11.8,72.2,France,21.0,cluster_1,58.0,52.6,50.0,90.2,77.0,50.0,87.9,0.0,,,,,,
lnr_2503,2503,juan-cruz-mallia,https://cdn.lnr.fr/joueur/2503-juan-cruz-mallia/photo/photoFull.2697f7f0cb7b3da001ecdd411641ac7914939acd,J. Mallia,Toulouse,TLS,WINGER,Ailier,2020-2021,8,455.0,56.9,3.87,,,0.18,,,,0.18,0.35,,,0.0,,,,,lnr,24.0,182.0,89.0,Argentine,93.0232558139535,71.2,57.1,58.3,0.75,1,29,0,37,49,90,0.0,15.4,→,2,"[28.8, 6.6]",100,0.5,Ailier,AIL,75,Haute,False,Moyenne,False,11,30.0,67.0,Argentine,45.0,cluster_1,66.3,66.5,52.0,88.7,88.9,61.3,89.3,0.0,,,,,,
lnr_693,693,jacobus-van-tonder,https://cdn.lnr.fr/joueur/693-jacobus-van-tonder/photo/photoFull.746d583d9f8a2aa9c322b15ebadc8acc096151d2,J. Van Tonder,Clermont,CLR,LOCK,2ème ligne,2020-2021,13,692.0,53.2,8.09,,,0.69,,,,0.35,0.12,,,0.58,,,,,lnr,23.0,197.0,118.0,Afrique du Sud,100.0,94.4,69.5,69.0,1.0,66,11,22,11,67,98,,45.3,↘,5,"[80.0, 77.2, 51.7, 43.9, 43.5]",100,-0.16,2ème Ligne,2L,100,Haute,False,Moyenne,False,8,79.4,,,,,,,,,,,,0.0,,,,,,
lnr_1433,1433,jeremie-maurouard,https://cdn.lnr.fr/joueur/1433-jeremie-maurouard/photo/photoFull.7260593a1939529b8f58882fcd9327e3deee5c0d,Jeremie Maurouard,Lyon,LOU,FRONT_ROW,1ère ligne,2020-2021,15,636.0,42.4,11.07,,,0.13,,,,0.13,1.01,,,0.63,,,,,lnr,28.0,180.0,95.0,France,92.0010222335804,76.0,77.0,74.3,1.0,37,100,23,61,36,77,,34.2,↗,5,"[0, 10.8, 57.0, 50.6, 41.8]",100,2.96,1ère Ligne,1L,100,Haute,False,Moyenne,False,10,86.8,,,,,,,,,,,,0.0,,,,,,
lnr_1909,1909,jordan-joseph,https://cdn.lnr.fr/joueur/1909-jordan-joseph/photo/photoFull.d27019f52768bff9ad76599574dced3c5044bc4f,Jordan Joseph,Racing 92,R92,LOCK,2ème ligne,2020-2021,11,562.0,51.1,5.69,,,0.85,,,,0.0,0.28,,,1.42,,,,,lnr,20.0,189.0,115.0,France,96.6010733452594,92.0,65.3,68.2,0.75,0,26,54,0,70,95,,61.0,↗,5,"[15.8, 41.8, 60.9, 54.2, 100]",100,-1.25,2ème Ligne,2L,75,Haute,False,Moyenne,False,12,67.6,76.7,Angleterre,37.0,cluster_1,80.4,69.0,50.0,89.7,89.3,80.1,97.4,0.1700000000000003,,,,,,
lnr_1131,1131,jordan-taufua,https://cdn.lnr.fr/joueur/1131-jordan-taufua/photo/photoFull.26cc6cf714855a6cf7c756abb25365c92c92a46a,Jordan Taufua,Lyon,LOU,BACK_ROW,3ème ligne,2020-2021,4,276.0,69.0,10.72,,,0.58,,,,0.29,0.0,,,0.0,,,,,lnr,,,,,0.0,0.0,63.6,66.2,0.6,43,0,0,47,54,0,,50.0,→,0,[],100,0.0,3ème Ligne,3L,60,Moyenne,True,Basse,True,19,35.7,,,,,,,,,,,,0.0,,,,,,
lnr_2289,2289,jules-danglot,https://cdn.lnr.fr/joueur/2289-jules-danglot/photo/photoFull.fb26dc620384a6249e4f25079e745b2cf06fe9f6,Jules Danglot,Montpellier,MHR,SCRUM_HALF,Demi de mêlée,2020-2021,6,266.0,44.3,6.62,,,0.0,,,,0.3,0.0,,,0.0,,,,,lnr,,,,,0.0,0.0,52.5,59.5,0.6,39,0,0,62,30,0,0.0,50.0,→,0,[],100,0.0,Demi de mêlée,9,60,Moyenne,True,Basse,False,16,16.7,,,,,,,,,,,,0.0,,,,,,
lnr_995,995,jules-le-bail,https://cdn.lnr.fr/joueur/995-jules-le-bail/photo/photoFull.55223152d2bdf719adae33c3f4ef18c348eed132,Jules Le Bail,La Rochelle,LRO,SCRUM_HALF,Demi de mêlée,2020-2021,15,461.0,30.7,5.73,,,0.17,,,,0.17,0.35,,,2.6,,,,,lnr,,,,,0.0,0.0,60.8,63.1,0.75,22,20,47,42,53,0,2.6,50.0,→,0,[],100,0.0,Demi de mêlée,9,75,Haute,False,Moyenne,False,10,47.2,,,,,,,,,,,,0.0,,,,,,
lnr_678,678,jules-plisson,https://cdn.lnr.fr/joueur/678-jules-plisson/photo/photoFull.6fc701688372b38c2cd93e972d93fc323ab7f457,Jules Plisson,La Rochelle,LRO,FLY_HALF,Demi d'ouverture,2020-2021,20,998.0,49.9,3.77,,,0.0,,,,0.08,0.4,,,12.18,,,,,lnr,,,,,0.0,0.0,60.1,60.1,1.0,5,31,97,28,30,0,12.18,50.0,→,0,[],100,0.0,Ouvreur,10,100,Haute,False,Bonne,False,10,25.0,67.5,France,13.0,cluster_1,60.5,58.5,69.5,76.6,92.1,53.8,89.1,0.0,,,,,,
lnr_1803,1803,julien-delbouis,https://cdn.lnr.fr/joueur/1803-julien-delbouis/photo/photoFull.0d105085f705532550693973c5545a1d4e020463,Julien Delbouis,Paris,SFP,CENTRE,Centre,2020-2021,10,404.0,40.4,6.73,,,0.59,,,,0.59,0.59,,,0.99,,,,,lnr,,,,,0.0,0.0,76.8,75.1,0.75,64,55,26,72,70,0,,50.0,→,0,[],100,0.0,Centre,CTR,75,Haute,False,Moyenne,False,2,95.7,,,,,,,,,,,,0.0,,,,,,
lnr_685,685,julien-heriteau,https://cdn.lnr.fr/joueur/685-julien-heriteau/photo/photoFull.66c8481f41dae2c760111c9de7f76f50fdc806b3,Julien Heriteau,Toulon,TLN,CENTRE,Centre,2020-2021,11,633.0,57.5,5.56,,,0.13,,,,0.38,0.76,,,0.0,,,,,lnr,,,,,0.0,0.0,65.6,65.6,1.0,41,71,0,49,39,0,,50.0,→,0,[],100,0.0,Centre,CTR,100,Haute,False,Moyenne,False,6,76.1,,,,,,,,,,,,0.0,,,,,,
lnr_2445,2445,julien-marchand,https://cdn.lnr.fr/joueur/2445-julien-marchand/photo/photoFull.a2503fca1a2646233602741328f9c3f7893fa1e1,Julien Marchand,Toulouse,TLS,FRONT_ROW,1ère ligne,2020-2021,13,618.0,47.5,9.45,,,1.29,,,,0.13,0.65,,,1.29,,,,,lnr,25.0,181.0,110.0,France,92.51213902376692,88.0,81.3,79.2,1.0,37,64,48,43,70,87,,45.0,↘,5,"[89.1, 58.1, 45.5, 23.4, 64.3]",100,1.26,1ère Ligne,1L,100,Haute,False,Moyenne,False,2,98.5,80.2,France,28.0,cluster_1,97.3,91.7,50.0,90.1,57.0,70.1,89.4,0.5200000000000002,,,,,,
lnr_1417,1417,julien-tisseron,https://cdn.lnr.fr/joueur/1417-julien-tisseron/photo/photoFull.5130516f3d5f5fbc23b3eaab6efe1a2b3082c3df,Julien Tisseron,Montpellier,MHR,FULLBACK,Arrière,2020-2021,12,747.0,62.2,3.96,,,0.11,,,,0.32,0.43,,,2.14,,,,,lnr,,,,,0.0,0.0,59.4,59.4,1.0,21,32,36,39,41,0,2.14,50.0,→,0,[],100,0.0,Arrière,ARR,100,Haute,False,Moyenne,False,8,30.0,,,,,,,,,,,,0.0,,,,,,
lnr_2069,2069,julius-nostadt,https://cdn.lnr.fr/joueur/2069-julius-nostadt/photo/photoFull.6fc701688372b38c2cd93e972d93fc323ab7f457,Julius Nostadt,Castres,CAS,FRONT_ROW,1ère ligne,2020-2021,14,389.0,27.8,9.67,,,0.21,,,,0.0,0.62,,,0.0,,,,,lnr,,,,,0.0,0.0,57.8,60.8,0.75,0,61,0,46,40,0,,50.0,→,0,[],100,0.0,1ère Ligne,1L,75,Haute,False,Basse,False,60,13.2,,,,,,,,,,,,0.0,,,,,,
lnr_2643,2643,konstantine-mikautadze,https://cdn.lnr.fr/joueur/2643-konstantine-mikautadze/photo/photoFull.5130516f3d5f5fbc23b3eaab6efe1a2b3082c3df,K. Mikautadze,Bayonne,BAY,LOCK,2ème ligne,2020-2021,16,794.0,49.6,9.67,,,0.2,,,,0.0,0.0,,,0.0,,,,,lnr,,,,,0.0,0.0,51.0,51.0,1.0,0,0,0,26,41,0,,50.0,→,0,[],100,0.0,2ème Ligne,2L,100,Haute,False,Moyenne,False,32,8.8,75.0,GEORG,39.0,cluster_0,61.1,57.0,50.0,91.9,76.0,53.7,89.2,0.0,,,,,,
lnr_1322,1322,kevin-firmin,https://cdn.lnr.fr/joueur/1322-kevin-firmin/photo/photoFull.28a7076c5091624b9d043c9f795307457230f77f,Kevin Firmin,Castres,CAS,FRONT_ROW,1ère ligne,2020-2021,2,61.0,30.5,15.74,,,0.0,,,,0.0,0.0,,,0.0,,,,,lnr,28.0,181.0,108.0,France,92.51213902376692,86.4,77.7,72.7,0.5,0,0,0,100,30,85,,31.7,↘,5,"[71.8, 40.3, 43.2, 19.9, 32.8]",100,2.96,1ère Ligne,1L,50,Basse,True,Basse,True,17,75.7,,,,,,,,,,,,0.0,,,,,,
lnr_1105,1105,killian-geraci,https://cdn.lnr.fr/joueur/1105-killian-geraci/photo/photoFull.8e39a4ffde2d58962f9632bb5639326c8c077ac5,Killian Geraci,Lyon,LOU,LOCK,2ème ligne,2020-2021,18,950.0,52.8,14.06,,,0.25,,,,0.0,0.17,,,0.0,,,,,lnr,22.0,,115.0,France,0.0,92.0,62.4,64.9,1.0,0,16,0,69,43,13,,59.7,↘,5,"[58.9, 100, 100, 20.7, 68.7]",100,-0.67,2ème Ligne,2L,100,Haute,False,Bonne,False,16,55.9,,,,,,,,,,,,0.0,,,,,,
lnr_585,585,levan-chilachava,https://cdn.lnr.fr/joueur/585-levan-chilachava/photo/photoFull.bf7e6b3668f1d7c40821cbfca4c5f267bcf81dfe,L. Chilachava,Castres,CAS,FRONT_ROW,1ère ligne,2020-2021,3,325.0,108.3,5.91,,,0.25,,,,0.0,0.25,,,0.0,,,,,lnr,29.0,188.0,133.0,Géorgie,96.08995655507285,100.0,65.6,69.0,0.75,0,25,0,5,42,100,,22.7,↘,5,"[64.3, 34.7, 17.0, 0, 36.2]",100,2.96,1ère Ligne,1L,75,Haute,False,Basse,True,45,35.3,79.5,GEORG,27.0,cluster_0,56.0,50.2,50.0,95.2,85.8,62.3,92.2,0.4499999999999999,,,,,,
lnr_1457,1457,louis-foursans-bourdette,https://cdn.lnr.fr/joueur/1457-louis-foursans-bourdette/photo/photoFull.eb7c8a121d72a5469d4eb6f17a32ea8cc568bf6c,L. Foursans Bourdette,Montpellier,MHR,FLY_HALF,Demi d'ouverture,2020-2021,5,269.0,53.8,4.46,,,0.59,,,,0.0,0.3,,,13.09,,,,,lnr,19.0,170.0,80.0,France,86.88985433171482,64.0,70.1,67.5,0.6,0,24,100,47,70,84,13.09,35.1,→,1,[39.9],100,-1.38,Ouvreur,10,60,Moyenne,True,Basse,False,3,83.3,,,,,,,,,,,,0.0,,,,,,
lnr_317,317,lekso-kaulashvili,https://cdn.lnr.fr/joueur/317-lekso-kaulashvili/photo/photoFull.bf4a801945c52387138b3325d9dd3bcf510292ab,L. Kaulashvili,Bordeaux,BOR,FRONT_ROW,1ère ligne,2020-2021,19,504.0,26.5,8.89,,,0.16,,,,0.16,0.16,,,0.0,,,,,lnr,28.0,185.0,132.0,Géorgie,94.55660618451316,100.0,71.8,69.9,0.75,45,16,0,37,38,99,,30.3,↗,5,"[28.0, 28.0, 39.4, 43.9, 28.0]",100,2.96,1ère Ligne,1L,75,Haute,False,Moyenne,False,28,59.6,,,,,,,,,,,,0.0,,,,,,
lnr_1911,1911,lekima-vuda-tagitagivalu,https://cdn.lnr.fr/joueur/1911-lekima-vuda-tagitagivalu/photo/photoFull.d27019f52768bff9ad76599574dced3c5044bc4f,L. Tagitagivalu,Pau,PAU,LOCK,2ème ligne,2020-2021,12,635.0,52.9,7.94,,,0.38,,,,0.38,0.63,,,0.63,,,,,lnr,25.0,195.0,110.0,Fidji,99.66777408637874,88.0,68.6,68.4,1.0,72,58,24,9,50,97,,44.1,↘,5,"[85.8, 49.3, 43.5, 28.7, 62.2]",100,1.26,2ème Ligne,2L,100,Haute,False,Moyenne,False,9,76.5,,,,,,,,,,,,0.0,,,,,,
lnr_985,985,levani-botia-veivuke,https://cdn.lnr.fr/joueur/985-levani-botia-veivuke/photo/photoFull.7cb6d3e8fb1a9ef473f9440830017cd30be5f626,L. Veivuke,La Rochelle,LRO,CENTRE,Centre,2020-2021,13,842.0,64.8,6.56,,,0.95,,,,0.95,1.14,,,1.9,,,,,lnr,,,,,0.0,0.0,87.2,84.8,1.0,100,100,49,69,70,0,,52.5,↗,5,"[23.4, 68.6, 53.3, 68.6, 66.4]",100,0.0,Centre,CTR,100,Haute,False,Bonne,False,1,100.0,82.5,FIJI,16.0,cluster_0,100.0,92.1,50.0,86.3,50.0,95.2,91.8,0.75,,,,,,
lnr_1001,1001,leo-aouf,https://cdn.lnr.fr/joueur/1001-leo-aouf/photo/photoFull.28a7076c5091624b9d043c9f795307457230f77f,Leo Aouf,La Rochelle,LRO,FRONT_ROW,1ère ligne,2020-2021,15,384.0,25.6,9.38,,,0.42,,,,0.21,0.21,,,1.04,,,,,lnr,24.0,182.0,120.0,France,93.0232558139535,96.0,73.6,69.8,0.75,59,21,39,42,50,93,,29.2,↘,5,"[48.7, 46.0, 60.9, 17.9, 20.7]",100,0.5,1ère Ligne,1L,75,Haute,False,Basse,False,30,57.4,,,,,,,,,,,,0.0,,,,,,
lnr_686,686,loic-godener,https://cdn.lnr.fr/joueur/686-loic-godener/photo/photoFull.c13853c24f9a438203d2dc57b45e48161a549ae5,Loic Godener,Paris,SFP,BACK_ROW,3ème ligne,2020-2021,18,844.0,46.9,11.18,,,0.28,,,,0.0,0.38,,,0.0,,,,,lnr,,,,,0.0,0.0,60.6,60.6,1.0,0,29,0,54,42,0,,50.0,→,0,[],100,0.0,3ème Ligne,3L,100,Haute,False,Bonne,False,24,17.9,,,,,,,,,,,,0.0,,,,,,
lnr_11434,11434,lopeti-timani,https://cdn.lnr.fr/joueur/11434-lopeti-timani/photo/photoFull.1f75a2a9ddd89799fc877d5c192b6ffeb86f7691,Lopeti Timani,La Rochelle,LRO,BACK_ROW,3ème ligne,2020-2021,9,266.0,29.6,8.42,,,0.0,,,,0.0,0.3,,,0.0,,,,,lnr,,,,,0.0,0.0,47.4,56.4,0.6,0,23,0,13,30,0,,50.0,→,0,[],100,0.0,3ème Ligne,3L,60,Moyenne,True,Basse,False,26,10.7,63.7,Australie,17.0,cluster_1,50.2,50.0,50.0,79.0,89.0,50.0,61.1,0.0,,,,,,
lnr_2170,2170,louis-dupichot,https://cdn.lnr.fr/joueur/2170-louis-dupichot/photo/photoFull.054c707edd7e8d2d4275da9b6750c4e791637d23,Louis Dupichot,Racing 92,R92,WINGER,Ailier,2020-2021,14,748.0,53.4,3.32,,,0.0,,,,1.6,0.53,,,1.6,,,,,lnr,,,,,0.0,0.0,72.1,72.1,1.0,87,44,37,24,30,0,1.6,50.0,→,0,[],100,0.0,Ailier,AIL,100,Haute,False,Moyenne,False,3,86.7,,,,,,,,,,,,0.0,,,,,,
lnr_553,553,louis-le-brun,https://cdn.lnr.fr/joueur/553-louis-le-brun/photo/photoFull.bf7e6b3668f1d7c40821cbfca4c5f267bcf81dfe,Louis Le Brun,Castres,CAS,FLY_HALF,Demi d'ouverture,2020-2021,1,40.0,40.0,6.0,,,0.0,,,,0.0,0.0,,,0.0,,,,,lnr,19.0,188.0,100.0,France,96.08995655507285,80.0,51.3,57.2,0.5,0,0,0,88,30,96,0.0,12.3,→,3,"[19.0, 0, 17.0]",100,-1.38,Ouvreur,10,50,Basse,True,Basse,True,12,8.3,,,,,,,,,,,,0.0,,,,,,
lnr_434,434,lucas-da-silva,https://cdn.lnr.fr/joueur/434-lucas-da-silva/photo/photoFull.5130516f3d5f5fbc23b3eaab6efe1a2b3082c3df,Lucas Da Silva,Paris,SFP,FRONT_ROW,1ère ligne,2020-2021,13,318.0,24.5,11.07,,,0.5,,,,0.0,0.0,,,0.0,,,,,lnr,,,,,0.0,0.0,61.4,63.6,0.75,0,0,0,61,54,0,,50.0,→,0,[],100,0.0,1ère Ligne,1L,75,Haute,False,Basse,False,49,29.4,,,,,,,,,,,,0.0,,,,,,
lnr_661,661,lucas-dessaigne,https://cdn.lnr.fr/joueur/661-lucas-dessaigne/photo/photoFull.b5e9990d9a31ede8327da9bafe6aeb896ea144f3,Lucas Dessaigne,Clermont,CLR,BACK_ROW,3ème ligne,2020-2021,5,251.0,50.2,10.2,,,0.64,,,,0.0,0.0,,,0.0,,,,,lnr,22.0,188.0,96.0,France,96.08995655507285,76.8,66.4,71.6,0.6,0,0,0,39,57,87,,80.8,↗,5,"[88.9, 80.0, 100, 68.7, 66.4]",100,-0.67,3ème Ligne,3L,60,Moyenne,True,Basse,False,6,80.4,,,,,,,,,,,,0.0,,,,,,
lnr_2444,2444,lucas-tauzin,https://cdn.lnr.fr/joueur/2444-lucas-tauzin/photo/photoFull.b5e9990d9a31ede8327da9bafe6aeb896ea144f3,Lucas Tauzin,Toulouse,TLS,WINGER,Ailier,2020-2021,4,155.0,38.8,6.19,,,0.0,,,,2.06,0.0,,,5.16,,,,,lnr,22.0,187.0,94.0,France,95.5788397648863,75.2,79.1,71.6,0.6,100,0,100,90,30,94,5.16,29.7,↗,5,"[3.3, 0, 13.1, 95.4, 18.3]",100,-0.67,Ailier,AIL,60,Moyenne,True,Basse,True,4,80.0,,,,,,,,,,,,0.0,,,,,,
lnr_2100,2100,luke-tagi,https://cdn.lnr.fr/joueur/2100-luke-tagi/photo/photoFull.1d6a32f7ce4a12d423552fb50b73687ec52ba345,Luke Tagi,Paris,SFP,FRONT_ROW,1ère ligne,2020-2021,11,125.0,11.4,15.36,,,0.0,,,,0.0,1.28,,,0.0,,,,,lnr,23.0,187.0,130.0,Fidji,95.5788397648863,100.0,83.0,73.7,0.5,0,100,0,100,30,99,,38.5,↗,5,"[36.2, 38.4, 22.7, 51.0, 53.3]",100,-0.16,1ère Ligne,1L,50,Basse,True,Basse,True,14,80.9,,,,,,,,,,,,0.0,,,,,,
lnr_1081,1081,leo-berdeu,https://cdn.lnr.fr/joueur/1081-leo-berdeu/photo/photoFull.8e39a4ffde2d58962f9632bb5639326c8c077ac5,Léo Berdeu,Lyon,LOU,FLY_HALF,Demi d'ouverture,2020-2021,17,689.0,40.5,5.22,,,0.0,,,,0.35,1.16,,,8.94,,,,,lnr,22.0,195.0,99.0,France,99.66777408637874,79.2,72.8,71.2,1.0,22,91,71,67,30,98,8.94,42.3,↗,5,"[51.0, 35.7, 20.5, 45.1, 68.7]",100,-0.67,Ouvreur,10,100,Haute,False,Moyenne,False,1,100.0,,,,,,,,,,,,0.0,,,,,,
lnr_1831,1831,moses-eneliko-alo-emile,https://cdn.lnr.fr/joueur/1831-moses-eneliko-alo-emile/photo/photoFull.eb7c8a121d72a5469d4eb6f17a32ea8cc568bf6c,M. Alo Emile,Paris,SFP,FRONT_ROW,1ère ligne,2020-2021,13,491.0,37.8,5.7,,,0.0,,,,0.16,0.33,,,0.0,,,,,lnr,21.0,187.0,125.0,Australie,95.5788397648863,100.0,58.5,62.9,0.75,45,33,0,3,30,96,,51.7,↗,5,"[66.7, 31.4, 40.9, 52.9, 83.0]",100,-1.03,1ère Ligne,1L,75,Haute,False,Moyenne,False,52,25.0,,,,,,,,,,,,0.0,,,,,,
lnr_1012,1012,martin-alonso-munoz,https://cdn.lnr.fr/joueur/1012-martin-alonso-munoz/photo/photoFull.fb26dc620384a6249e4f25079e745b2cf06fe9f6,M. Alonso Muñoz,La Rochelle,LRO,CENTRE,Centre,2020-2021,8,247.0,30.9,4.86,,,0.32,,,,0.65,0.0,,,3.24,,,,,lnr,,,,,0.0,0.0,62.7,65.6,0.6,70,0,84,35,52,0,,50.0,→,0,[],100,0.0,Centre,CTR,60,Moyenne,True,Basse,False,6,76.1,,,,,,,,,,,,0.0,,,,,,
lnr_323,323,mahamadou-diaby,https://cdn.lnr.fr/joueur/323-mahamadou-diaby/photo/photoFull.746d583d9f8a2aa9c322b15ebadc8acc096151d2,M. Diaby,Bordeaux,BOR,BACK_ROW,3ème ligne,2020-2021,13,933.0,71.8,13.12,,,0.17,,,,0.0,0.17,,,0.43,,,,,lnr,30.0,192.0,104.0,France,98.13442371581908,83.2,70.4,70.3,1.0,0,13,10,84,37,92,,45.5,↘,5,"[64.2, 59.2, 37.3, 54.1, 54.1]",100,2.61,3ème Ligne,3L,100,Haute,False,Bonne,False,10,67.9,,,,,,,,,,,,0.0,,,,,,
lnr_1123,1123,mickael-guillard,https://cdn.lnr.fr/joueur/1123-mickael-guillard/photo/photoFull.eff1aa9b4a9f2b351be13ae3eed38b31d19c422e,M. Guillard,Lyon,LOU,LOCK,2ème ligne,2020-2021,11,431.0,39.2,17.26,,,0.56,,,,0.19,0.56,,,0.0,,,,,lnr,20.0,197.0,113.0,France,100.0,90.4,89.4,80.5,0.75,36,51,0,100,60,98,,44.3,↘,5,"[100, 32.1, 66.5, 38.6, 39.2]",100,-1.25,2ème Ligne,2L,75,Haute,False,Moyenne,False,3,94.1,,,,,,,,,,,,0.0,,,,,,
lnr_1025,1025,matthias-haddad,https://cdn.lnr.fr/joueur/1025-matthias-haddad/photo/photoFull.01e7e4177db166b370a81655ed844dbb271b4fe2,M. Haddad,La Rochelle,LRO,BACK_ROW,3ème ligne,2020-2021,4,125.0,31.2,16.0,,,0.0,,,,0.0,0.0,,,0.0,,,,,lnr,20.0,192.0,99.0,France,98.13442371581908,79.2,65.0,66.4,0.5,0,0,0,100,30,89,,42.8,→,5,"[74.9, 22.9, 32.7, 38.5, 68.1]",100,-1.25,3ème Ligne,3L,50,Basse,True,Basse,True,18,39.3,,,,,,,,,,,,0.0,,,,,,
lnr_2384,2384,matthias-halagahu,https://cdn.lnr.fr/joueur/2384-matthias-halagahu/photo/photoFull.26dec662e84c737005260a65b33966bd7438db17,M. Halagahu,Toulon,TLN,LOCK,2ème ligne,2020-2021,5,220.0,44.0,18.55,,,0.36,,,,0.0,0.0,,,0.0,,,,,lnr,19.0,194.0,122.0,France,99.1566572961922,97.6,81.6,80.8,0.6,0,0,0,100,49,98,,100.0,→,3,"[100, 100, 90.0]",100,-1.38,2ème Ligne,2L,60,Moyenne,True,Basse,False,2,97.1,,,,,,,,,,,,0.0,,,,,,
lnr_10338,10338,ma-a-allan-nonu,https://cdn.lnr.fr/joueur/10338-ma-a-allan-nonu/photo/photoFull.2eaacbd11c12f10f571df4cbac07c560d1665acd,M. Nonu,Toulon,TLN,CENTRE,Centre,2020-2021,15,986.0,65.7,5.84,,,0.0,,,,0.24,0.32,,,0.0,,,,,lnr,38.0,183.0,108.0,Samoa américain,93.53437260414006,86.4,61.6,62.2,1.0,26,30,0,55,30,95,,43.1,↗,5,"[28.7, 60.1, 65.9, 43.2, 47.8]",100,-1.38,Centre,CTR,100,Haute,False,Bonne,False,13,47.8,,,,,,,,,,,,0.0,,,,,,
lnr_401,401,marcel-van-der-merwe,https://cdn.lnr.fr/joueur/401-marcel-van-der-merwe/photo/photoFull.5130516f3d5f5fbc23b3eaab6efe1a2b3082c3df,M. Van Der Merwe,La Rochelle,LRO,FRONT_ROW,1ère ligne,2020-2021,2,89.0,44.5,5.39,,,0.0,,,,0.0,0.0,,,0.0,,,,,lnr,,,,,0.0,0.0,41.5,55.8,0.5,0,0,0,0,30,0,,50.0,→,0,[],100,0.0,1ère Ligne,1L,50,Basse,True,Basse,True,65,5.9,,,,,,,,,,,,0.0,,,,,,
lnr_1441,1441,marco-tauleigne,https://cdn.lnr.fr/joueur/1441-marco-tauleigne/photo/photoFull.4cb2a4ab19ab443ff7739b68884b2f51b78c1bab,Marco Tauleigne,Bordeaux,BOR,BACK_ROW,3ème ligne,2020-2021,10,485.0,48.5,6.76,,,0.49,,,,0.49,0.49,,,0.0,,,,,lnr,27.0,191.0,115.0,France,97.62330692563252,92.0,66.3,66.9,0.75,72,38,0,0,50,98,,33.9,↘,5,"[62.3, 62.1, 9.2, 49.7, 30.8]",100,2.61,3ème Ligne,3L,75,Haute,False,Moyenne,False,17,42.9,,,,,,,,,,,,0.0,,,,,,
lnr_1745,1745,marcos-kremer,https://cdn.lnr.fr/joueur/1745-marcos-kremer/photo/photoFull.b5e9990d9a31ede8327da9bafe6aeb896ea144f3,Marcos Kremer,Paris,SFP,BACK_ROW,3ème ligne,2020-2021,15,929.0,61.9,9.3,,,0.26,,,,0.09,0.09,,,0.86,,,,,lnr,23.0,195.0,110.0,Argentine,99.66777408637874,88.0,59.1,60.4,1.0,13,7,21,26,41,96,,42.9,↘,5,"[36.7, 100, 40.1, 33.7, 50.4]",100,-0.16,3ème Ligne,3L,100,Haute,False,Bonne,False,25,14.3,61.9,Argentine,106.0,cluster_1,58.1,50.7,50.0,85.5,69.4,51.2,85.2,0.0,,,,,,
lnr_2342,2342,mathieu-tanguy,https://cdn.lnr.fr/joueur/2342-mathieu-tanguy/photo/photoFull.746d583d9f8a2aa9c322b15ebadc8acc096151d2,Mathieu Tanguy,La Rochelle,LRO,LOCK,2ème ligne,2020-2021,11,436.0,39.6,6.79,,,0.18,,,,0.18,0.37,,,0.92,,,,,lnr,24.0,195.0,107.0,France,99.66777408637874,85.6,59.8,62.1,0.75,34,34,35,0,40,96,,33.4,↘,5,"[45.1, 45.2, 24.6, 24.6, 49.1]",100,0.5,2ème Ligne,2L,75,Haute,False,Moyenne,False,19,47.1,,,,,,,,,,,,0.0,,,,,,
lnr_844,844,mathis-lafon,https://cdn.lnr.fr/joueur/844-mathis-lafon/photo/photoFull.d07a8ed44a912e5ca66bb66a4608b6fe5733b8b2,Mathis Lafon,La Rochelle,LRO,CENTRE,Centre,2020-2021,5,185.0,37.0,10.81,,,0.0,,,,0.43,0.0,,,2.16,,,,,lnr,,,,,0.0,0.0,62.0,65.2,0.6,46,0,56,100,30,0,,50.0,→,0,[],100,0.0,Centre,CTR,60,Moyenne,True,Basse,False,9,65.2,,,,,,,,,,,,0.0,,,,,,
lnr_2671,2671,matis-perchaud,https://cdn.lnr.fr/joueur/2671-matis-perchaud/photo/photoFull.9db3e1c64b0fa647759e691550b9e8351884f243,Matis Perchaud,Bayonne,BAY,FRONT_ROW,1ère ligne,2020-2021,9,296.0,32.9,10.27,,,0.81,,,,0.27,1.35,,,0.0,,,,,lnr,18.0,187.0,112.0,France,95.5788397648863,89.60000000000001,83.7,78.3,0.6,76,100,0,52,69,88,,70.7,↗,5,"[41.5, 63.8, 33.1, 100, 82.1]",100,-1.45,1ère Ligne,1L,60,Moyenne,True,Basse,False,4,95.6,,,,,,,,,,,,0.0,,,,,,
lnr_2198,2198,max-spring,https://cdn.lnr.fr/joueur/2198-max-spring/photo/photoFull.d27019f52768bff9ad76599574dced3c5044bc4f,Max Spring,Racing 92,R92,FULLBACK,Arrière,2020-2021,2,80.0,40.0,2.0,,,0.0,,,,0.0,1.0,,,0.0,,,,,lnr,20.0,173.0,75.0,France,88.42320470227449,60.0,55.2,58.9,0.5,0,99,0,0,30,94,0.0,12.7,↘,5,"[36.7, 22.9, 13.7, 5.7, 7.2]",100,-1.25,Arrière,ARR,50,Basse,True,Basse,True,9,20.0,,,,,,,,,,,,0.0,,,,,,
lnr_2560,2560,maxime-lafage,https://cdn.lnr.fr/joueur/2560-maxime-lafage/photo/photoFull.55223152d2bdf719adae33c3f4ef18c348eed132,Maxime Lafage,Bayonne,BAY,FLY_HALF,Demi d'ouverture,2020-2021,14,734.0,52.4,5.56,,,0.0,,,,0.22,0.65,,,4.14,,,,,lnr,,,,,0.0,0.0,60.9,60.9,1.0,14,51,33,76,30,0,4.14,50.0,→,0,[],100,0.0,Ouvreur,10,100,Haute,False,Moyenne,False,8,41.7,,,,,,,,,,,,0.0,,,,,,
lnr_349,349,maxime-lamothe,https://cdn.lnr.fr/joueur/349-maxime-lamothe/photo/photoFull.9db3e1c64b0fa647759e691550b9e8351884f243,Maxime Lamothe,Bordeaux,BOR,FRONT_ROW,1ère ligne,2020-2021,19,813.0,42.8,10.63,,,0.39,,,,0.2,0.59,,,2.95,,,,,lnr,22.0,183.0,109.0,France,93.53437260414006,87.2,75.7,73.9,1.0,57,58,100,56,49,86,,45.9,↘,5,"[94.5, 41.2, 54.0, 83.0, 26.0]",100,-0.67,1ère Ligne,1L,100,Haute,False,Bonne,False,12,83.1,,,,,,,,,,,,0.0,,,,,,
lnr_2589,2589,michael-ruru,https://cdn.lnr.fr/joueur/2589-michael-ruru/photo/photoFull.55223152d2bdf719adae33c3f4ef18c348eed132,Michael Ruru,Bayonne,BAY,SCRUM_HALF,Demi de mêlée,2020-2021,23,894.0,38.9,7.7,,,0.27,,,,0.36,0.98,,,0.45,,,,,lnr,,,,,0.0,0.0,78.0,78.0,1.0,47,56,8,87,67,0,0.45,50.0,→,0,[],100,0.0,Demi de mêlée,9,100,Haute,False,Bonne,False,1,100.0,,,,,,,,,,,,0.0,,,,,,
lnr_1901,1901,mickael-capelli,https://cdn.lnr.fr/joueur/1901-mickael-capelli/photo/photoFull.bf4a801945c52387138b3325d9dd3bcf510292ab,Mickael Capelli,Montpellier,MHR,LOCK,2ème ligne,2020-2021,8,410.0,51.2,8.59,,,0.2,,,,0.0,0.2,,,0.0,,,,,lnr,24.0,199.0,129.0,France,100.0,100.0,62.1,66.3,0.75,0,18,0,16,41,100,,57.3,↘,5,"[42.1, 100, 77.6, 59.2, 37.0]",100,0.5,2ème Ligne,2L,75,Haute,False,Moyenne,False,14,61.8,,,,,,,,,,,,0.0,,,,,,
lnr_1446,1446,mohamed-haouas,https://cdn.lnr.fr/joueur/1446-mohamed-haouas/photo/photoFull.4cb2a4ab19ab443ff7739b68884b2f51b78c1bab,Mohamed Haouas,Montpellier,MHR,FRONT_ROW,1ère ligne,2020-2021,13,689.0,53.0,9.4,,,0.12,,,,0.12,0.93,,,1.16,,,,,lnr,27.0,185.0,127.0,France,94.55660618451316,100.0,75.7,74.6,1.0,34,92,43,43,36,97,,46.1,→,5,"[44.3, 38.6, 34.0, 76.9, 53.6]",100,2.61,1ère Ligne,1L,100,Haute,False,Moyenne,False,9,88.2,61.5,France,16.0,cluster_1,68.3,54.2,50.0,91.4,50.3,50.9,92.4,0.0,,,,,,
lnr_2596,2596,nathanael-hulleu,https://cdn.lnr.fr/joueur/2596-nathanael-hulleu/photo/photoFull.50e0d211418fb8267083232d5e5561b6e88fe79f,N. Hulleu,Bordeaux,BOR,WINGER,Ailier,2020-2021,9,644.0,71.6,3.48,,,0.0,,,,0.5,0.5,,,1.24,,,,,lnr,20.0,178.0,86.0,France,90.97878865320726,68.8,57.6,56.1,1.0,20,41,28,28,30,87,1.24,18.9,→,5,"[37.8, 12.4, 25.5, 28.0, 10.1]",100,-1.25,Ailier,AIL,100,Haute,False,Moyenne,False,14,13.3,,,,,,,,,,,,0.0,,,,,,
lnr_1888,1888,nicolas-corato,https://cdn.lnr.fr/joueur/1888-nicolas-corato/photo/photoFull.bf7e6b3668f1d7c40821cbfca4c5f267bcf81dfe,Nicolas Corato,Pau,PAU,FRONT_ROW,1ère ligne,2020-2021,20,583.0,29.1,9.19,,,0.27,,,,0.0,0.14,,,0.0,,,,,lnr,23.0,184.0,123.0,France,94.0454893943266,98.4,68.4,70.0,0.75,0,14,0,40,43,95,,58.5,↘,5,"[37.7, 100, 54.1, 48.6, 70.4]",100,-0.16,1ère Ligne,1L,75,Haute,False,Moyenne,False,27,61.8,,,,,,,,,,,,0.0,,,,,,
lnr_2196,2196,nolann-le-garrec,https://cdn.lnr.fr/joueur/2196-nolann-le-garrec/photo/photoFull.7cb6d3e8fb1a9ef473f9440830017cd30be5f626,Nolann Le Garrec,Racing 92,R92,SCRUM_HALF,Demi de mêlée,2020-2021,13,405.0,31.2,6.72,,,0.0,,,,0.0,1.38,,,2.37,,,,,lnr,18.0,175.0,75.0,France,89.44543828264759,60.0,68.2,66.9,0.75,0,79,43,65,30,87,2.37,37.5,↗,5,"[44.7, 23.1, 30.1, 32.1, 62.9]",100,-1.45,Demi de mêlée,9,75,Haute,False,Moyenne,False,6,72.2,,,,,,,,,,,,0.0,,,,,,
lnr_2167,2167,olivier-klemenczak,https://cdn.lnr.fr/joueur/2167-olivier-klemenczak/photo/photoFull.bf4a801945c52387138b3325d9dd3bcf510292ab,O. Klemenczak,Racing 92,R92,CENTRE,Centre,2020-2021,15,993.0,66.2,5.88,,,0.0,,,,0.4,0.32,,,0.81,,,,,lnr,,,,,0.0,0.0,59.7,59.8,1.0,43,30,21,55,30,0,,34.0,→,1,[38.6],100,0.0,Centre,CTR,100,Haute,False,Bonne,False,17,30.4,,,,,,,,,,,,0.0,,,,,,
lnr_1814,1814,pierre-henri-azagoh-kouadio,https://cdn.lnr.fr/joueur/1814-pierre-henri-azagoh-kouadio/photo/photoFull.0d105085f705532550693973c5545a1d4e020463,P. Azagoh Kouadio,Paris,SFP,LOCK,2ème ligne,2020-2021,10,382.0,38.2,12.77,,,0.0,,,,0.0,0.42,,,0.0,,,,,lnr,22.0,196.0,103.0,France,100.0,82.39999999999999,68.6,71.3,0.75,0,39,0,57,30,96,,69.6,↗,5,"[25.2, 91.9, 90.5, 95.4, 79.0]",100,-0.67,2ème Ligne,2L,75,Haute,False,Basse,False,7,82.4,,,,,,,,,,,,0.0,,,,,,
lnr_1017,1017,paul-boudehent,https://cdn.lnr.fr/joueur/1017-paul-boudehent/photo/photoFull.7cb6d3e8fb1a9ef473f9440830017cd30be5f626,Paul Boudehent,La Rochelle,LRO,BACK_ROW,3ème ligne,2020-2021,11,662.0,60.2,10.15,,,0.24,,,,0.12,0.12,,,0.6,,,,,lnr,21.0,192.0,107.0,France,98.13442371581908,85.6,60.4,60.8,1.0,18,9,15,39,40,94,,39.0,↘,5,"[85.0, 44.5, 67.0, 22.9, 39.3]",100,-1.03,3ème Ligne,3L,100,Haute,False,Moyenne,False,23,21.4,,,,,,,,,,,,0.0,,,,,,
lnr_1385,1385,paul-vallee,https://cdn.lnr.fr/joueur/1385-paul-vallee/photo/photoFull.7260593a1939529b8f58882fcd9327e3deee5c0d,Paul Vallee,Montpellier,MHR,CENTRE,Centre,2020-2021,3,135.0,45.0,3.56,,,0.59,,,,0.0,0.0,,,0.0,,,,,lnr,18.0,186.0,83.0,France,95.06772297469972,66.4,56.4,58.8,0.5,0,0,0,10,70,80,,8.7,→,5,"[20.4, 0, 17.9, 10.5, 0]",100,-1.45,Centre,CTR,50,Basse,True,Basse,True,20,17.4,,,,,,,,,,,,0.0,,,,,,
lnr_1094,1094,paulo-tafili,https://cdn.lnr.fr/joueur/1094-paulo-tafili/photo/photoFull.c13853c24f9a438203d2dc57b45e48161a549ae5,Paulo Tafili,Toulouse,TLS,FRONT_ROW,1ère ligne,2020-2021,11,340.0,30.9,4.94,,,0.47,,,,0.0,0.0,,,0.0,,,,,lnr,,,,,0.0,0.0,48.3,53.7,0.75,0,0,0,0,53,0,,50.0,→,0,[],100,0.0,1ère Ligne,1L,75,Haute,False,Basse,False,67,2.9,,,,,,,,,,,,0.0,,,,,,
lnr_2461,2461,peato-mauvaka,https://cdn.lnr.fr/joueur/2461-peato-mauvaka/photo/photoFull.a2503fca1a2646233602741328f9c3f7893fa1e1,Peato Mauvaka,Toulouse,TLS,FRONT_ROW,1ère ligne,2020-2021,15,682.0,45.5,8.68,,,0.23,,,,0.47,0.47,,,1.17,,,,,lnr,24.0,184.0,112.0,France,94.0454893943266,89.60000000000001,71.1,73.9,1.0,100,47,43,35,41,88,,74.1,↗,4,"[62.8, 61.9, 95.7, 100]",100,0.5,1ère Ligne,1L,100,Haute,False,Moyenne,False,12,83.1,73.1,France,20.0,cluster_1,69.6,57.6,50.0,92.4,70.7,75.9,83.3,0.0,,,,,,
lnr_974,974,pierre-boudehent,https://cdn.lnr.fr/joueur/974-pierre-boudehent/photo/photoFull.55223152d2bdf719adae33c3f4ef18c348eed132,Pierre Boudehent,La Rochelle,LRO,FLY_HALF,Demi d'ouverture,2020-2021,3,58.0,19.3,2.76,,,0.0,,,,2.76,1.38,,,0.0,,,,,lnr,,,,,0.0,0.0,68.6,69.3,0.5,100,100,0,1,30,0,0.0,50.0,→,0,[],100,0.0,Ouvreur,10,50,Basse,True,Basse,True,2,91.7,,,,,,,,,,,,0.0,,,,,,
lnr_999,999,pierre-bourgarit,https://cdn.lnr.fr/joueur/999-pierre-bourgarit/photo/photoFull.7cb6d3e8fb1a9ef473f9440830017cd30be5f626,Pierre Bourgarit,La Rochelle,LRO,FRONT_ROW,1ère ligne,2020-2021,16,865.0,54.1,8.69,,,1.02,,,,0.83,0.46,,,4.16,,,,,lnr,23.0,184.0,108.0,France,94.0454893943266,86.4,78.6,76.4,1.0,100,46,100,35,70,86,,46.7,→,4,"[54.7, 62.9, 42.2, 57.7]",100,-0.16,1ère Ligne,1L,100,Haute,False,Bonne,False,8,89.7,73.1,France,7.0,cluster_1,76.0,56.6,50.0,70.3,81.1,70.1,88.7,0.0,,,,,,
lnr_637,637,pierre-colonna,https://cdn.lnr.fr/joueur/637-pierre-colonna/photo/photoFull.50e0d211418fb8267083232d5e5561b6e88fe79f,Pierre Colonna,Castres,CAS,FRONT_ROW,1ère ligne,2020-2021,5,67.0,13.4,13.13,,,0.0,,,,0.0,0.0,,,0.0,,,,,lnr,19.0,188.0,113.0,France,96.08995655507285,90.4,70.3,68.2,0.5,0,0,0,83,30,89,,41.2,↗,5,"[42.7, 41.2, 23.6, 62.1, 52.0]",100,-1.38,1ère Ligne,1L,50,Basse,True,Basse,True,34,51.5,,,,,,,,,,,,0.0,,,,,,
lnr_2456,2456,pierre-fouyssac,https://cdn.lnr.fr/joueur/2456-pierre-fouyssac/photo/photoFull.b5e9990d9a31ede8327da9bafe6aeb896ea144f3,Pierre Fouyssac,Toulouse,TLS,WINGER,Ailier,2020-2021,11,656.0,59.6,7.68,,,0.24,,,,0.24,1.46,,,1.22,,,,,lnr,26.0,189.0,101.0,France,96.6010733452594,80.80000000000001,70.8,69.2,1.0,4,100,28,100,56,96,1.22,34.3,↘,4,"[57.8, 39.3, 33.3, 36.3]",100,2.0,Ailier,AIL,100,Haute,False,Moyenne,False,5,73.3,,,,,,,,,,,,0.0,,,,,,
lnr_986,986,quentin-lespiaucq,https://cdn.lnr.fr/joueur/986-quentin-lespiaucq/photo/photoFull.7cb6d3e8fb1a9ef473f9440830017cd30be5f626,Quentin Lespiaucq,Pau,PAU,FRONT_ROW,1ère ligne,2020-2021,25,901.0,36.0,8.44,,,0.8,,,,0.36,1.07,,,2.22,,,,,lnr,26.0,180.0,102.0,France,92.0010222335804,81.6,82.3,78.4,1.0,100,100,82,32,68,82,,35.0,↗,5,"[19.1, 47.8, 11.7, 38.6, 56.5]",100,2.0,1ère Ligne,1L,100,Haute,False,Bonne,False,3,97.1,,,,,,,,,,,,0.0,,,,,,
lnr_2499,2499,richard-tamanui-arnold,https://cdn.lnr.fr/joueur/2499-richard-tamanui-arnold/photo/photoFull.58e6e4b7761b3420a57c37233cfce5ad6a1e7fad,R. Arnold,Toulouse,TLS,LOCK,2ème ligne,2020-2021,16,833.0,52.1,11.04,,,0.1,,,,0.1,0.29,,,0.0,,,,,lnr,,,,,0.0,0.0,54.8,54.8,1.0,19,27,0,40,35,0,,50.0,→,0,[],100,0.0,2ème Ligne,2L,100,Haute,False,Bonne,False,29,17.6,71.7,Australie,48.0,cluster_1,63.2,57.2,50.0,87.4,74.9,55.3,84.6,0.0,,,,,,
lnr_2443,2443,rodrigue-neti,https://cdn.lnr.fr/joueur/2443-rodrigue-neti/photo/photoFull.a2503fca1a2646233602741328f9c3f7893fa1e1,R. Neti,Toulouse,TLS,FRONT_ROW,1ère ligne,2020-2021,23,898.0,39.0,8.02,,,0.18,,,,0.0,0.36,,,0.0,,,,,lnr,25.0,185.0,121.0,France,94.55660618451316,96.8,67.0,64.4,1.0,0,36,0,28,39,94,,21.0,↘,5,"[29.8, 40.6, 13.7, 17.0, 23.1]",100,1.26,1ère Ligne,1L,100,Haute,False,Bonne,False,47,32.4,,,,,,,,,,,,0.0,,,,,,
lnr_1093,1093,romain-taofifenua,https://cdn.lnr.fr/joueur/1093-romain-taofifenua/photo/photoFull.8b942e992ebb42fdd1ca819c8cb833427c776cef,R. Taofifenua,Toulon,TLN,LOCK,2ème ligne,2020-2021,10,520.0,52.0,9.23,,,0.62,,,,0.0,0.31,,,0.77,,,,,lnr,30.0,,138.0,France,0.0,100.0,61.0,63.3,0.75,0,28,29,22,63,15,,30.6,→,5,"[36.8, 36.2, 20.3, 23.1, 47.8]",100,2.61,2ème Ligne,2L,75,Haute,False,Moyenne,False,18,50.0,73.1,France,35.0,cluster_1,66.2,74.1,50.0,90.6,69.4,62.7,85.2,0.0,,,,,,
lnr_993,993,remi-bourdeau,https://cdn.lnr.fr/joueur/993-remi-bourdeau/photo/photoFull.df70eb994b7734bdf40e01b850e18c98079124f9,Remi Bourdeau,La Rochelle,LRO,BACK_ROW,3ème ligne,2020-2021,16,927.0,57.9,8.72,,,0.43,,,,0.09,0.26,,,0.0,,,,,lnr,,,,,0.0,0.0,56.3,56.3,1.0,13,20,0,17,48,0,,50.0,→,0,[],100,0.0,3ème Ligne,3L,100,Haute,False,Bonne,False,27,7.1,,,,,,,,,,,,0.0,,,,,,
lnr_2677,2677,remy-baget,https://cdn.lnr.fr/joueur/2677-remy-baget/photo/photoFull.50e0d211418fb8267083232d5e5561b6e88fe79f,Remy Baget,Bayonne,BAY,WINGER,Ailier,2020-2021,7,523.0,74.7,3.37,,,0.46,,,,0.15,0.15,,,0.76,,,,,lnr,23.0,182.0,89.0,France,93.0232558139535,71.2,57.2,58.3,0.75,0,12,17,25,70,90,0.76,17.4,↗,5,"[11.9, 21.6, 35.4, 9.5, 16.4]",100,-0.16,Ailier,AIL,75,Haute,False,Moyenne,False,11,30.0,,,,,,,,,,,,0.0,,,,,,
lnr_1635,1635,robert-rodgers,https://cdn.lnr.fr/joueur/1635-robert-rodgers/photo/photoFull.91796dce63f27923866cec5e64aa529e672065a5,Robert Rodgers,Montpellier,MHR,FRONT_ROW,1ère ligne,2020-2021,4,101.0,25.2,11.88,,,0.0,,,,0.0,0.79,,,0.0,,,,,lnr,,,,,0.0,0.0,60.8,65.4,0.5,0,78,0,69,30,0,,50.0,→,0,[],100,0.0,1ère Ligne,1L,50,Basse,True,Basse,True,43,37.5,,,,,,,,,,,,0.0,,,,,,
lnr_1456,1456,romain-macurdy,https://cdn.lnr.fr/joueur/1456-romain-macurdy/photo/photoFull.50e0d211418fb8267083232d5e5561b6e88fe79f,Romain Macurdy,Montpellier,MHR,LOCK,2ème ligne,2020-2021,2,146.0,73.0,7.67,,,0.55,,,,0.55,0.0,,,2.74,,,,,lnr,,,,,0.0,0.0,54.9,68.1,0.5,100,0,100,7,59,0,,84.4,→,1,[100],100,0.0,2ème Ligne,2L,50,Basse,True,Basse,True,11,70.6,,,,,,,,,,,,0.0,,,,,,
lnr_2436,2436,romain-ntamack,https://cdn.lnr.fr/joueur/2436-romain-ntamack/photo/photoFull.a2503fca1a2646233602741328f9c3f7893fa1e1,Romain Ntamack,Toulouse,TLS,FLY_HALF,Demi d'ouverture,2020-2021,12,829.0,69.1,5.02,,,0.19,,,,0.29,0.48,,,4.63,,,,,lnr,21.0,186.0,91.0,France,95.06772297469972,72.8,65.3,63.7,1.0,18,38,37,62,51,93,4.63,24.0,↘,5,"[49.1, 36.7, 35.4, 13.7, 21.6]",100,-1.03,Ouvreur,10,100,Haute,False,Bonne,False,5,66.7,83.0,France,36.0,cluster_1,77.4,82.2,86.8,91.6,76.4,80.6,93.0,0.8,,,,,,
lnr_1804,1804,ryan-chapuis,https://cdn.lnr.fr/joueur/1804-ryan-chapuis/photo/photoFull.0d105085f705532550693973c5545a1d4e020463,Ryan Chapuis,Paris,SFP,BACK_ROW,3ème ligne,2020-2021,8,379.0,47.4,7.39,,,0.63,,,,0.21,0.0,,,1.06,,,,,lnr,23.0,190.0,105.0,France,97.11219013544596,84.0,61.0,64.4,0.75,31,0,26,0,56,92,,49.3,↘,5,"[47.1, 100, 57.6, 0, 82.0]",100,-0.16,3ème Ligne,3L,75,Haute,False,Basse,False,21,28.6,,,,,,,,,,,,0.0,,,,,,
lnr_555,555,santiago-arata-perrone,https://cdn.lnr.fr/joueur/555-santiago-arata-perrone/photo/photoFull.bf7e6b3668f1d7c40821cbfca4c5f267bcf81dfe,S. Arata Perrone,Castres,CAS,SCRUM_HALF,Demi de mêlée,2020-2021,19,767.0,40.4,9.91,,,0.42,,,,0.31,0.73,,,0.52,,,,,lnr,24.0,174.0,75.0,Italie,88.93432149246104,60.0,79.9,75.1,1.0,41,42,9,100,70,87,0.52,25.7,↘,5,"[8.7, 73.4, 46.0, 18.0, 16.2]",100,0.5,Demi de mêlée,9,100,Haute,False,Moyenne,False,2,94.4,60.2,URUG,32.0,cluster_0,50.0,50.0,50.0,77.0,100.0,56.6,88.8,0.0,,,,,,
lnr_2397,2397,santiago-chocobares,https://cdn.lnr.fr/joueur/2397-santiago-chocobares/photo/photoFull.a2503fca1a2646233602741328f9c3f7893fa1e1,S. Chocobares,Toulouse,TLS,CENTRE,Centre,2020-2021,6,480.0,80.0,7.17,,,0.0,,,,0.17,0.0,,,0.0,,,,,lnr,22.0,188.0,100.0,Argentine,96.08995655507285,80.0,60.2,60.7,0.75,18,0,0,81,30,91,,23.8,→,5,"[6.3, 33.9, 34.7, 19.0, 28.8]",100,-0.67,Centre,CTR,75,Haute,False,Moyenne,False,16,34.8,62.8,Argentine,20.0,cluster_1,58.2,57.3,50.0,87.9,90.9,54.6,94.1,0.0,,,,,,
lnr_86,86,sonatane-takulua,https://cdn.lnr.fr/joueur/86-sonatane-takulua/photo/photoFull.1f75a2a9ddd89799fc877d5c192b6ffeb86f7691,S. Takulua,Toulon,TLN,SCRUM_HALF,Demi de mêlée,2020-2021,20,757.0,37.9,6.55,,,0.0,,,,0.53,0.63,,,5.39,,,,,lnr,,,,,0.0,0.0,63.1,64.2,1.0,70,36,98,61,30,0,5.39,50.0,→,0,[],100,0.0,Demi de mêlée,9,100,Haute,False,Moyenne,False,10,47.2,85.6,TONGA,31.0,cluster_0,81.9,92.2,92.0,86.9,71.3,81.9,91.9,1.0599999999999994,,,,,,
lnr_1100,1100,sebastien-taofifenua,https://cdn.lnr.fr/joueur/1100-sebastien-taofifenua/photo/photoFull.6fc701688372b38c2cd93e972d93fc323ab7f457,S. Taofifenua,Toulon,TLN,FRONT_ROW,1ère ligne,2020-2021,19,736.0,38.7,8.91,,,0.11,,,,0.0,0.33,,,0.54,,,,,lnr,,,,,0.0,0.0,52.9,52.9,1.0,0,33,20,37,35,0,,50.0,→,0,[],100,0.0,1ère Ligne,1L,100,Haute,False,Moyenne,False,68,1.5,,,,,,,,,,,,0.0,,,,,,
lnr_1781,1781,sitaleki-timani,https://cdn.lnr.fr/joueur/1781-sitaleki-timani/photo/photoFull.1f75a2a9ddd89799fc877d5c192b6ffeb86f7691,S. Timani,Clermont,CLR,LOCK,2ème ligne,2020-2021,15,834.0,55.6,7.87,,,0.19,,,,0.1,0.0,,,0.0,,,,,lnr,,,,,0.0,0.0,47.2,47.2,1.0,19,0,0,9,40,0,,50.0,→,0,[],100,0.0,2ème Ligne,2L,100,Haute,False,Bonne,False,34,2.9,,,,,,,,,,,,0.0,,,,,,
lnr_660,660,samuel-ezeala,https://cdn.lnr.fr/joueur/660-samuel-ezeala/photo/photoFull.af05d90330b88b7be458e288b68ca734babbf81c,Samuel Ezeala,Clermont,CLR,CENTRE,Centre,2020-2021,1,53.0,53.0,0.0,,,0.0,,,,0.0,0.0,,,0.0,,,,,lnr,21.0,187.0,99.0,Espagne,95.5788397648863,79.2,47.5,59.0,0.5,0,0,0,0,30,90,,38.5,↗,5,"[9.2, 67.4, 18.2, 81.7, 30.8]",100,-1.03,Centre,CTR,50,Basse,True,Basse,True,19,21.7,,,,,,,,,,,,0.0,,,,,,
lnr_979,979,samuel-lagrange,https://cdn.lnr.fr/joueur/979-samuel-lagrange/photo/photoFull.673b50508ed570af2802365a4be2390538bb645a,Samuel Lagrange,La Rochelle,LRO,FRONT_ROW,1ère ligne,2020-2021,19,425.0,22.4,8.28,,,0.19,,,,0.19,0.19,,,3.76,,,,,lnr,,,,,0.0,0.0,53.4,57.5,0.75,54,19,100,31,39,0,,50.0,→,0,[],100,0.0,1ère Ligne,1L,75,Haute,False,Moyenne,False,64,7.4,,,,,,,,,,,,0.0,,,,,,
lnr_513,513,samuel-marques,https://cdn.lnr.fr/joueur/513-samuel-marques/photo/photoFull.cba60bf104e3b342ceb7eeb5d08c240acb54484b,Samuel Marques,Pau,PAU,SCRUM_HALF,Demi de mêlée,2020-2021,11,368.0,33.5,5.87,,,0.0,,,,0.65,1.09,,,3.7,,,,,lnr,,,,,0.0,0.0,67.3,68.8,0.75,85,62,67,45,30,0,3.7,50.0,→,0,[],100,0.0,Demi de mêlée,9,75,Haute,False,Basse,False,5,77.8,79.3,PORT,7.0,cluster_0,58.6,81.6,100.0,85.1,84.0,67.0,85.2,0.4299999999999997,,,,,,
lnr_2252,2252,samuel-maximin,https://cdn.lnr.fr/joueur/2252-samuel-maximin/photo/photoFull.5130516f3d5f5fbc23b3eaab6efe1a2b3082c3df,Samuel Maximin,Montpellier,MHR,LOCK,2ème ligne,2020-2021,2,122.0,61.0,11.15,,,0.0,,,,0.0,0.0,,,0.0,,,,,lnr,,,,,0.0,0.0,51.3,60.6,0.5,0,0,0,41,30,0,,50.0,→,0,[],100,0.0,2ème Ligne,2L,50,Basse,True,Basse,True,20,41.2,,,,,,,,,,,,0.0,,,,,,
lnr_1244,1244,simon-renda,https://cdn.lnr.fr/joueur/1244-simon-renda/photo/photoFull.28a7076c5091624b9d043c9f795307457230f77f,Simon Renda,Toulouse,TLS,CENTRE,Centre,2020-2021,3,161.0,53.7,6.46,,,0.0,,,,0.5,0.5,,,0.0,,,,,lnr,20.0,186.0,97.0,France,95.06772297469972,77.60000000000001,68.9,65.5,0.6,54,47,0,67,30,89,,22.2,→,5,"[41.2, 22.9, 41.9, 27.4, 9.2]",100,-1.25,Centre,CTR,60,Moyenne,True,Basse,True,8,69.6,,,,,,,,,,,,0.0,,,,,,
lnr_311,311,sipili-falatea,https://cdn.lnr.fr/joueur/311-sipili-falatea/photo/photoFull.9db3e1c64b0fa647759e691550b9e8351884f243,Sipili Falatea,Clermont,CLR,FRONT_ROW,1ère ligne,2020-2021,18,673.0,37.4,6.18,,,0.12,,,,0.12,0.48,,,0.59,,,,,lnr,23.0,183.0,115.0,France,93.53437260414006,92.0,61.5,62.4,1.0,34,48,22,8,36,90,,43.3,↗,5,"[36.2, 62.1, 91.1, 27.3, 44.7]",100,-0.16,1ère Ligne,1L,100,Haute,False,Moyenne,False,54,22.1,68.6,France,11.0,cluster_1,71.7,70.1,50.0,85.1,61.6,69.2,81.5,0.0,,,,,,
lnr_2669,2669,swan-cormenier,https://cdn.lnr.fr/joueur/2669-swan-cormenier/photo/photoFull.1d6a32f7ce4a12d423552fb50b73687ec52ba345,Swan Cormenier,Bayonne,BAY,FRONT_ROW,1ère ligne,2020-2021,14,479.0,34.2,9.35,,,0.0,,,,0.0,0.0,,,0.0,,,,,lnr,25.0,175.0,118.0,France,89.44543828264759,94.4,65.0,63.8,0.75,0,0,0,42,30,91,,18.9,↘,5,"[36.2, 31.2, 7.2, 18.3, 19.9]",100,1.26,1ère Ligne,1L,75,Haute,False,Moyenne,False,48,30.9,,,,,,,,,,,,0.0,,,,,,
lnr_1895,1895,thibault-daubagna,https://cdn.lnr.fr/joueur/1895-thibault-daubagna/photo/photoFull.bf4a801945c52387138b3325d9dd3bcf510292ab,T. Daubagna,Pau,PAU,SCRUM_HALF,Demi de mêlée,2020-2021,22,982.0,44.6,5.7,,,0.08,,,,0.16,0.57,,,2.85,,,,,lnr,26.0,177.0,83.0,France,90.46767186302073,66.4,64.6,64.5,1.0,21,33,52,41,41,92,2.85,36.6,↘,5,"[32.8, 71.3, 51.6, 21.1, 43.2]",100,2.0,Demi de mêlée,9,100,Haute,False,Bonne,False,9,55.6,,,,,,,,,,,,0.0,,,,,,
lnr_1930,1930,thibault-debaes,https://cdn.lnr.fr/joueur/1930-thibault-debaes/photo/photoFull.55223152d2bdf719adae33c3f4ef18c348eed132,T. Debaes,Pau,PAU,FLY_HALF,Demi d'ouverture,2020-2021,13,302.0,23.2,2.65,,,0.0,,,,0.53,0.79,,,0.79,,,,,lnr,,,,,0.0,0.0,57.3,60.5,0.75,33,62,6,0,30,0,0.79,50.0,→,0,[],100,0.0,Ouvreur,10,75,Haute,False,Basse,False,9,33.3,,,,,,,,,,,,0.0,,,,,,
lnr_89,89,theo-idjellidaine,https://cdn.lnr.fr/joueur/89-theo-idjellidaine/photo/photoFull.054c707edd7e8d2d4275da9b6750c4e791637d23,T. Idjellidaine,Toulouse,TLS,SCRUM_HALF,Demi de mêlée,2020-2021,4,80.0,20.0,4.0,,,0.0,,,,1.0,0.0,,,5.0,,,,,lnr,,,,,0.0,0.0,52.0,61.0,0.5,100,0,91,3,30,0,5.0,50.0,→,0,[],100,0.0,Demi de mêlée,9,50,Basse,True,Basse,True,13,33.3,,,,,,,,,,,,0.0,,,,,,
lnr_640,640,thomas-staniforth,https://cdn.lnr.fr/joueur/640-thomas-staniforth/photo/photoFull.50e0d211418fb8267083232d5e5561b6e88fe79f,T. Staniforth,Castres,CAS,LOCK,2ème ligne,2020-2021,10,669.0,66.9,12.68,,,0.36,,,,0.0,0.12,,,0.0,,,,,lnr,26.0,198.0,124.0,Australie,100.0,99.2,75.3,74.8,1.0,0,11,0,56,49,99,,51.6,↘,5,"[65.0, 98.1, 68.3, 46.9, 51.0]",100,2.0,2ème Ligne,2L,100,Haute,False,Moyenne,False,4,91.2,,,,,,,,,,,,0.0,,,,,,
lnr_903,903,tomaakino-taufa,https://cdn.lnr.fr/joueur/903-tomaakino-taufa/photo/photoFull.9db3e1c64b0fa647759e691550b9e8351884f243,T. Taufa,Montpellier,MHR,FRONT_ROW,1ère ligne,2020-2021,1,146.0,120.0,7.12,,,0.0,,,,0.0,0.0,,,0.0,,,,,lnr,26.0,180.0,145.0,Tonga,92.0010222335804,100.0,62.3,64.9,0.5,0,0,0,18,30,99,,23.7,↘,4,"[84.5, 0, 12.9, 29.8]",100,2.0,1ère Ligne,1L,50,Basse,True,Basse,True,46,33.8,,,,,,,,,,,,0.0,,,,,,
lnr_1976,1976,tristan-james-tedder,https://cdn.lnr.fr/joueur/1976-tristan-james-tedder/photo/photoFull.746d583d9f8a2aa9c322b15ebadc8acc096151d2,T. Tedder,Toulouse,TLS,FLY_HALF,Demi d'ouverture,2020-2021,4,134.0,33.5,5.37,,,0.0,,,,0.0,1.19,,,1.19,,,,,lnr,24.0,180.0,78.0,Autriche,92.0010222335804,62.4,66.9,64.1,0.5,0,93,9,71,30,87,1.19,8.7,→,5,"[2.6, 11.8, 11.8, 4.6, 7.2]",100,0.5,Ouvreur,10,50,Basse,True,Basse,True,4,75.0,,,,,,,,,,,,0.0,,,,,,
lnr_2678,2678,torsten-van-jaarsveld,https://cdn.lnr.fr/joueur/2678-torsten-van-jaarsveld/photo/photoFull.6f21bcf3f2603044fd281cd01cb394008aed942a,T. Van Jaarsveld,Bayonne,BAY,FRONT_ROW,1ère ligne,2020-2021,17,730.0,42.9,12.93,,,0.55,,,,0.0,0.22,,,1.1,,,,,lnr,,,,,0.0,0.0,67.7,67.7,1.0,0,22,41,81,56,0,,50.0,→,0,[],100,0.0,1ère Ligne,1L,100,Haute,False,Moyenne,False,37,47.1,,,,,,,,,,,,0.0,,,,,,
lnr_336,336,tani-vili,https://cdn.lnr.fr/joueur/336-tani-vili/photo/photoFull.0d105085f705532550693973c5545a1d4e020463,Tani Vili,Clermont,CLR,CENTRE,Centre,2020-2021,11,325.0,29.5,4.18,,,0.25,,,,0.98,0.49,,,1.23,,,,,lnr,20.0,187.0,109.0,France,95.5788397648863,87.2,74.8,69.9,0.75,100,46,32,22,47,97,,29.5,↗,5,"[28.8, 30.1, 47.8, 36.7, 25.3]",100,-1.25,Centre,CTR,75,Haute,False,Basse,False,4,87.0,,,,,,,,,,,,0.0,,,,,,
lnr_1047,1047,tavite-veredamu,https://cdn.lnr.fr/joueur/1047-tavite-veredamu/photo/photoFull.14f86258177c199d0ec3ee9450197974d20d92b1,Tavite Veredamu,Clermont,CLR,BACK_ROW,3ème ligne,2020-2021,4,160.0,40.0,12.5,,,0.5,,,,1.0,0.0,,,5.0,,,,,lnr,31.0,188.0,108.0,France,96.08995655507285,86.4,76.3,71.7,0.6,100,0,100,74,51,93,,30.3,↗,5,"[39.9, 26.2, 23.8, 52.2, 27.5]",100,2.0,3ème Ligne,3L,60,Moyenne,True,Basse,True,5,85.7,,,,,,,,,,,,0.0,,,,,,
lnr_2373,2373,teddy-baubigny,https://cdn.lnr.fr/joueur/2373-teddy-baubigny/photo/photoFull.2eaacbd11c12f10f571df4cbac07c560d1665acd,Teddy Baubigny,Racing 92,R92,FRONT_ROW,1ère ligne,2020-2021,22,965.0,43.9,10.78,,,0.25,,,,0.17,0.17,,,3.32,,,,,lnr,22.0,184.0,118.0,France,94.0454893943266,94.4,72.3,71.0,1.0,48,17,100,58,42,92,,43.9,↗,5,"[40.4, 40.4, 37.7, 59.7, 56.5]",100,-0.67,1ère Ligne,1L,100,Haute,False,Bonne,False,23,66.9,,,,,,,,,,,,0.0,,,,,,
lnr_987,987,teddy-thomas,https://cdn.lnr.fr/joueur/987-teddy-thomas/photo/photoFull.a2503fca1a2646233602741328f9c3f7893fa1e1,Teddy Thomas,Racing 92,R92,WINGER,Ailier,2020-2021,10,790.0,79.0,2.84,,,0.0,,,,1.72,1.11,,,4.05,,,,,lnr,27.0,185.0,94.0,France,94.55660618451316,75.2,84.3,78.6,1.0,94,91,92,13,30,93,4.05,13.3,↗,5,"[0, 17.7, 24.6, 23.6, 2.2]",100,2.61,Ailier,AIL,100,Haute,False,Moyenne,False,1,100.0,84.5,France,26.0,cluster_1,92.7,81.0,50.0,83.7,78.4,95.1,95.8,0.95,,,,,,
lnr_2674,2674,tevita-tatafu,https://cdn.lnr.fr/joueur/2674-tevita-tatafu/photo/photoFull.1d6a32f7ce4a12d423552fb50b73687ec52ba345,Tevita Tatafu,Bayonne,BAY,FRONT_ROW,1ère ligne,2020-2021,4,71.0,17.8,5.63,,,0.0,,,,0.0,0.0,,,0.0,,,,,lnr,18.0,183.0,133.0,Tonga,93.53437260414006,100.0,55.5,61.3,0.5,0,0,0,2,30,99,,33.5,→,5,"[23.6, 52.7, 21.6, 34.4, 46.7]",100,-1.45,1ère Ligne,1L,50,Basse,True,Basse,True,59,14.7,67.5,Japon,26.0,cluster_1,52.2,51.0,50.0,65.6,93.6,62.4,69.6,0.0,,,,,,
lnr_1122,1122,theo-william,https://cdn.lnr.fr/joueur/1122-theo-william/photo/photoFull.eff1aa9b4a9f2b351be13ae3eed38b31d19c422e,Theo William,Lyon,LOU,BACK_ROW,3ème ligne,2020-2021,7,373.0,53.3,13.94,,,0.43,,,,0.21,0.0,,,0.0,,,,,lnr,,,,,0.0,0.0,69.2,70.2,0.75,31,0,0,96,48,0,,55.7,↘,5,"[85.2, 59.1, 53.0, 72.6, 62.9]",100,0.0,3ème Ligne,3L,75,Haute,False,Basse,False,11,64.3,,,,,,,,,,,,0.0,,,,,,
lnr_2405,2405,thibaud-flament,https://cdn.lnr.fr/joueur/2405-thibaud-flament/photo/photoFull.a2503fca1a2646233602741328f9c3f7893fa1e1,Thibaud Flament,Toulouse,TLS,LOCK,2ème ligne,2020-2021,9,497.0,55.2,9.5,,,0.0,,,,0.32,1.29,,,0.8,,,,,lnr,23.0,,116.0,France,0.0,92.8,55.0,66.3,0.75,60,100,30,25,30,13,,32.0,↘,5,"[39.9, 21.0, 30.9, 47.8, 34.7]",100,-0.16,2ème Ligne,2L,75,Haute,False,Moyenne,False,25,29.4,76.6,France,15.0,cluster_1,90.8,66.9,50.0,90.2,68.6,100.0,80.2,0.1599999999999994,,,,,,
lnr_711,711,thibaud-lanen,https://cdn.lnr.fr/joueur/711-thibaud-lanen/photo/photoFull.b5e9990d9a31ede8327da9bafe6aeb896ea144f3,Thibaud Lanen,Clermont,CLR,LOCK,2ème ligne,2020-2021,13,519.0,39.9,10.17,,,0.46,,,,0.31,0.15,,,1.54,,,,,lnr,23.0,198.0,109.0,France,100.0,87.2,70.7,71.4,0.75,58,14,58,31,55,98,,58.9,↘,5,"[24.7, 100, 70.1, 65.3, 63.3]",100,-0.16,2ème Ligne,2L,75,Haute,False,Moyenne,False,6,85.3,,,,,,,,,,,,0.0,,,,,,
lnr_984,984,thierry-paiva,https://cdn.lnr.fr/joueur/984-thierry-paiva/photo/photoFull.af05d90330b88b7be458e288b68ca734babbf81c,Thierry Paiva,Bordeaux,BOR,FRONT_ROW,1ère ligne,2020-2021,15,546.0,36.4,7.47,,,0.29,,,,0.0,0.15,,,2.2,,,,,lnr,25.0,184.0,115.0,France,94.0454893943266,92.0,65.4,67.9,0.75,0,15,82,22,44,90,,51.2,↗,5,"[22.1, 77.1, 83.9, 100, 10.1]",100,1.26,1ère Ligne,1L,75,Haute,False,Moyenne,False,35,50.0,,,,,,,,,,,,0.0,,,,,,
lnr_1004,1004,thomas-berjon,https://cdn.lnr.fr/joueur/1004-thomas-berjon/photo/photoFull.7cb6d3e8fb1a9ef473f9440830017cd30be5f626,Thomas Berjon,La Rochelle,LRO,SCRUM_HALF,Demi de mêlée,2020-2021,18,559.0,31.1,5.87,,,0.0,,,,0.29,0.43,,,2.15,,,,,lnr,23.0,171.0,76.0,France,87.40097112190136,60.8,58.5,60.6,0.75,38,25,39,45,30,87,2.15,30.0,↘,5,"[44.3, 38.3, 19.3, 29.3, 39.4]",100,-0.16,Demi de mêlée,9,75,Haute,False,Moyenne,False,15,22.2,,,,,,,,,,,,0.0,,,,,,
lnr_1445,1445,thomas-darmon,https://cdn.lnr.fr/joueur/1445-thomas-darmon/photo/photoFull.4cb2a4ab19ab443ff7739b68884b2f51b78c1bab,Thomas Darmon,Montpellier,MHR,FLY_HALF,Demi d'ouverture,2020-2021,9,420.0,46.7,6.1,,,0.0,,,,0.19,0.76,,,0.95,,,,,lnr,22.0,181.0,88.0,France,92.51213902376692,70.39999999999999,62.8,61.5,0.75,12,60,8,91,30,90,0.95,17.5,→,5,"[20.3, 17.0, 68.7, 15.8, 0]",100,-0.67,Ouvreur,10,75,Haute,False,Moyenne,False,6,58.3,,,,,,,,,,,,0.0,,,,,,
lnr_891,891,thomas-fortunel,https://cdn.lnr.fr/joueur/891-thomas-fortunel/photo/photoFull.7260593a1939529b8f58882fcd9327e3deee5c0d,Thomas Fortunel,Castres,CAS,FLY_HALF,Demi d'ouverture,2020-2021,4,151.0,37.8,6.89,,,0.0,,,,0.0,0.0,,,0.0,,,,,lnr,25.0,178.0,83.0,France,90.97878865320726,66.4,54.6,59.5,0.6,0,0,0,100,30,88,0.0,18.5,↗,5,"[21.6, 0, 26.8, 21.1, 22.6]",100,1.26,Ouvreur,10,60,Moyenne,True,Basse,True,11,16.7,,,,,,,,,,,,0.0,,,,,,
lnr_139,139,thomas-hoarau,https://cdn.lnr.fr/joueur/139-thomas-hoarau/photo/photoFull.1f75a2a9ddd89799fc877d5c192b6ffeb86f7691,Thomas Hoarau,Toulon,TLN,LOCK,2ème ligne,2020-2021,7,211.0,30.1,11.0,,,1.14,,,,0.0,0.76,,,0.0,,,,,lnr,,,,,0.0,0.0,67.1,68.3,0.6,0,70,0,39,70,0,,50.0,→,0,[],100,0.0,2ème Ligne,2L,60,Moyenne,True,Basse,False,10,73.5,,,,,,,,,,,,0.0,,,,,,
lnr_320,320,thomas-jolmes,https://cdn.lnr.fr/joueur/320-thomas-jolmes/photo/photoFull.bf4a801945c52387138b3325d9dd3bcf510292ab,Thomas Jolmes,Bordeaux,BOR,LOCK,2ème ligne,2020-2021,8,451.0,56.4,9.22,,,0.0,,,,0.0,0.53,,,0.0,,,,,lnr,25.0,,117.0,France,0.0,93.6,50.9,60.6,0.75,0,49,0,22,30,14,,63.1,↗,5,"[91.9, 36.7, 100, 100, 45.4]",100,1.26,2ème Ligne,2L,75,Haute,False,Moyenne,False,20,41.2,,,,,,,,,,,,0.0,,,,,,
lnr_1024,1024,thomas-ployet,https://cdn.lnr.fr/joueur/1024-thomas-ployet/photo/photoFull.66c8481f41dae2c760111c9de7f76f50fdc806b3,Thomas Ployet,La Rochelle,LRO,LOCK,2ème ligne,2020-2021,1,70.0,70.0,17.14,,,0.0,,,,0.0,0.0,,,0.0,,,,,lnr,,,,,0.0,0.0,65.4,67.7,0.5,0,0,0,100,30,0,,50.0,→,0,[],100,0.0,2ème Ligne,2L,50,Basse,True,Basse,True,13,64.7,,,,,,,,,,,,0.0,,,,,,
lnr_1132,1132,thomas-roziere,https://cdn.lnr.fr/joueur/1132-thomas-roziere/photo/photoFull.d303b4e754d5628447799261cf17492ebc23d137,Thomas Roziere,Clermont,CLR,FULLBACK,Arrière,2020-2021,1,80.0,80.0,6.0,,,0.0,,,,1.0,1.0,,,0.0,,,,,lnr,,,,,0.0,0.0,68.6,69.3,0.5,66,99,0,81,30,0,0.0,50.0,→,0,[],100,0.0,Arrière,ARR,50,Basse,True,Basse,True,4,70.0,,,,,,,,,,,,0.0,,,,,,
lnr_1383,1383,tyler-duguid,https://cdn.lnr.fr/joueur/1383-tyler-duguid/photo/photoFull.4cb2a4ab19ab443ff7739b68884b2f51b78c1bab,Tyler Duguid,Montpellier,MHR,LOCK,2ème ligne,2020-2021,6,346.0,57.7,11.79,,,0.0,,,,0.0,0.0,,,0.0,,,,,lnr,,,,,0.0,0.0,52.8,57.7,0.75,0,0,0,47,30,0,,33.4,↘,5,"[71.6, 22.4, 52.2, 8.3, 48.5]",100,0.0,2ème Ligne,2L,75,Haute,False,Basse,False,28,20.6,,,,,,,,,,,,0.0,,,,,,
lnr_309,309,ugo-boniface,https://cdn.lnr.fr/joueur/309-ugo-boniface/photo/photoFull.9db3e1c64b0fa647759e691550b9e8351884f243,Ugo Boniface,Bayonne,BAY,FRONT_ROW,1ère ligne,2020-2021,15,787.0,52.5,9.25,,,0.41,,,,0.3,0.61,,,0.51,,,,,lnr,22.0,190.0,125.0,France,97.11219013544596,100.0,75.6,71.7,1.0,85,60,19,41,50,97,,28.2,↘,5,"[84.2, 55.5, 37.3, 13.7, 19.9]",100,-0.67,1ère Ligne,1L,100,Haute,False,Moyenne,False,21,70.6,,,,,,,,,,,,0.0,,,,,,
lnr_988,988,ulupano-seuteni,https://cdn.lnr.fr/joueur/988-ulupano-seuteni/photo/photoFull.7cb6d3e8fb1a9ef473f9440830017cd30be5f626,Ulupano Seuteni,Bordeaux,BOR,CENTRE,Centre,2020-2021,18,816.0,45.3,3.53,,,0.0,,,,0.2,1.08,,,2.45,,,,,lnr,27.0,187.0,103.0,Australie,95.5788397648863,82.39999999999999,67.7,65.0,1.0,22,100,63,10,30,93,,16.0,→,5,"[0, 27.0, 22.9, 21.0, 11.8]",100,2.61,Centre,CTR,100,Haute,False,Bonne,False,10,60.9,78.9,SAMOA,11.0,cluster_0,94.3,93.6,57.3,89.5,70.4,90.6,84.6,0.3900000000000005,,,,,,
lnr_549,549,vilimoni-botitu,https://cdn.lnr.fr/joueur/549-vilimoni-botitu/photo/photoFull.bf7e6b3668f1d7c40821cbfca4c5f267bcf81dfe,V. Botitu,Castres,CAS,CENTRE,Centre,2020-2021,15,905.0,60.3,6.54,,,0.09,,,,0.62,0.27,,,0.88,,,,,lnr,22.0,183.0,98.0,Fidji,93.53437260414006,78.4,70.4,66.7,1.0,67,25,23,68,36,89,,20.6,↗,5,"[32.1, 0, 36.0, 25.5, 19.7]",100,-0.67,Centre,CTR,100,Haute,False,Bonne,False,5,82.6,,,,,,,,,,,,0.0,,,,,,
lnr_1424,1424,vincent-giudicelli,https://cdn.lnr.fr/joueur/1424-vincent-giudicelli/photo/photoFull.1d6a32f7ce4a12d423552fb50b73687ec52ba345,V. Giudicelli,Montpellier,MHR,FRONT_ROW,1ère ligne,2020-2021,4,145.0,36.2,17.1,,,0.55,,,,0.0,0.0,,,0.0,,,,,lnr,23.0,184.0,102.0,France,94.0454893943266,81.6,81.8,73.4,0.5,0,0,0,100,56,82,,40.4,↘,5,"[100, 27.5, 53.7, 83.9, 9.5]",100,-0.16,1ère Ligne,1L,50,Basse,True,Basse,True,16,77.9,,,,,,,,,,,,0.0,,,,,,
lnr_1884,1884,vincent-pinto,https://cdn.lnr.fr/joueur/1884-vincent-pinto/photo/photoFull.fb26dc620384a6249e4f25079e745b2cf06fe9f6,Vincent Pinto,Pau,PAU,WINGER,Ailier,2020-2021,10,460.0,46.0,5.04,,,0.17,,,,1.04,0.35,,,1.74,,,,,lnr,,,,,0.0,0.0,67.7,68.3,0.75,53,29,40,63,48,0,1.74,50.0,→,0,[],100,0.0,Ailier,AIL,75,Haute,False,Moyenne,False,6,66.7,,,,,,,,,,,,0.0,,,,,,
lnr_1082,1082,vivien-devisme,https://cdn.lnr.fr/joueur/1082-vivien-devisme/photo/photoFull.8a8276a94cfaec44d9ad851c959e24101861b746,Vivien Devisme,Lyon,LOU,FRONT_ROW,1ère ligne,2020-2021,13,453.0,34.8,11.48,,,0.0,,,,0.0,0.0,,,0.0,,,,,lnr,,,,,0.0,0.0,55.2,58.9,0.75,0,0,0,65,30,0,,50.0,→,0,[],100,0.0,1ère Ligne,1L,75,Haute,False,Moyenne,False,62,10.3,,,,,,,,,,,,0.0,,,,,,
lnr_616,616,wayan-de-benedittis,https://cdn.lnr.fr/joueur/616-wayan-de-benedittis/photo/photoFull.55223152d2bdf719adae33c3f4ef18c348eed132,W. De Benedittis,Castres,CAS,FRONT_ROW,1ère ligne,2020-2021,9,245.0,27.2,6.2,,,0.0,,,,0.0,0.33,,,1.63,,,,,lnr,,,,,0.0,0.0,45.1,55.1,0.6,0,33,60,8,30,0,,50.0,→,0,[],100,0.0,1ère Ligne,1L,60,Moyenne,True,Basse,False,66,4.4,,,,,,,,,,,,0.0,,,,,,
lnr_1097,1097,xavier-mignot,https://cdn.lnr.fr/joueur/1097-xavier-mignot/photo/photoFull.d303b4e754d5628447799261cf17492ebc23d137,Xavier Mignot,Lyon,LOU,CENTRE,Centre,2020-2021,14,688.0,49.1,3.02,,,0.12,,,,0.7,0.47,,,2.33,,,,,lnr,,,,,0.0,0.0,61.5,61.5,1.0,76,44,60,0,38,0,,50.0,→,0,[],100,0.0,Centre,CTR,100,Haute,False,Moyenne,False,14,43.5,,,,,,,,,,,,0.0,,,,,,
lnr_677,677,yohan-beheregaray,https://cdn.lnr.fr/joueur/677-yohan-beheregaray/photo/photoFull.df70eb994b7734bdf40e01b850e18c98079124f9,Y. Beheregaray,Clermont,CLR,FRONT_ROW,1ère ligne,2020-2021,5,98.0,19.6,13.06,,,0.82,,,,0.0,0.0,,,0.0,,,,,lnr,,,,,0.0,0.0,70.6,70.3,0.5,0,0,0,82,69,0,,50.0,→,0,[],100,0.0,1ère Ligne,1L,50,Basse,True,Basse,True,25,64.0,,,,,,,,,,,,0.0,,,,,,
lnr_338,338,yoram-falatea-moefana,https://cdn.lnr.fr/joueur/338-yoram-falatea-moefana/photo/photoFull.9db3e1c64b0fa647759e691550b9e8351884f243,Y. Falatea Moefana,Bordeaux,BOR,CENTRE,Centre,2020-2021,14,716.0,51.1,7.04,,,0.0,,,,0.34,0.34,,,3.91,,,,,lnr,20.0,182.0,97.0,France,93.0232558139535,77.60000000000001,65.8,63.6,1.0,37,32,100,78,30,88,,27.0,↗,5,"[29.5, 34.7, 57.0, 34.7, 11.8]",100,-1.25,Centre,CTR,100,Haute,False,Moyenne,False,11,56.5,74.0,France,15.0,cluster_1,73.7,75.5,50.0,88.7,88.9,66.1,87.9,0.0,,,,,,
lnr_327,327,yann-lesgourgues,https://cdn.lnr.fr/joueur/327-yann-lesgourgues/photo/photoFull.df70eb994b7734bdf40e01b850e18c98079124f9,Y. Lesgourgues,Bordeaux,BOR,SCRUM_HALF,Demi de mêlée,2020-2021,21,643.0,30.6,3.23,,,0.12,,,,0.37,0.5,,,1.24,,,,,lnr,,,,,0.0,0.0,58.3,58.3,1.0,49,29,22,0,46,0,1.24,50.0,→,0,[],100,0.0,Demi de mêlée,9,100,Haute,False,Moyenne,False,17,11.1,,,,,,,,,,,,0.0,,,,,,
lnr_2648,2648,yann-david,https://cdn.lnr.fr/joueur/2648-yann-david/photo/photoFull.df70eb994b7734bdf40e01b850e18c98079124f9,Yann David,Castres,CAS,CENTRE,Centre,2020-2021,10,363.0,36.3,5.51,,,0.0,,,,0.0,0.44,,,0.0,,,,,lnr,,,,,0.0,0.0,53.7,57.8,0.75,0,41,0,48,30,0,,50.0,→,0,[],100,0.0,Centre,CTR,75,Haute,False,Basse,False,22,8.7,,,,,,,,,,,,0.0,,,,,,
lnr_131,131,yannick-arroyo,https://cdn.lnr.fr/joueur/131-yannick-arroyo/photo/photoFull.3bdbafd9a091ef5bb037d3de56d946eed2f8ad5f,Yannick Arroyo,Montpellier,MHR,FRONT_ROW,1ère ligne,2020-2021,8,202.0,25.2,6.73,,,0.79,,,,0.0,0.0,,,0.0,,,,,lnr,,,,,0.0,0.0,55.8,61.5,0.6,0,0,0,14,68,0,,50.0,→,0,[],100,0.0,1ère Ligne,1L,60,Moyenne,True,Basse,False,58,16.2,,,,,,,,,,,,0.0,,,,,,
lnr_2477,2477,yannick-youyoutte,https://cdn.lnr.fr/joueur/2477-yannick-youyoutte/photo/photoFull.6fc701688372b38c2cd93e972d93fc323ab7f457,Yannick Youyoutte,Toulouse,TLS,LOCK,2ème ligne,2020-2021,10,387.0,38.7,8.89,,,0.0,,,,0.83,1.03,,,0.0,,,,,lnr,,,,,0.0,0.0,54.6,58.5,0.75,100,95,0,19,30,0,,50.0,→,0,[],100,0.0,2ème Ligne,2L,75,Haute,False,Basse,False,27,23.5,,,,,,,,,,,,0.0,,,,,,
lnr_1917,1917,youri-delhommel,https://cdn.lnr.fr/joueur/1917-youri-delhommel/photo/photoFull.bf4a801945c52387138b3325d9dd3bcf510292ab,Youri Delhommel,Montpellier,MHR,FRONT_ROW,1ère ligne,2020-2021,14,488.0,34.9,8.2,,,0.0,,,,0.16,0.33,,,0.82,,,,,lnr,25.0,181.0,101.0,France,92.51213902376692,80.80000000000001,63.8,66.3,0.75,45,33,30,30,30,81,,46.0,↘,5,"[58.6, 100, 43.2, 43.2, 47.8]",100,1.26,1ère Ligne,1L,75,Haute,False,Moyenne,False,41,41.2,,,,,,,,,,,,0.0,,,,,,
lnr_663,663,alexandre-fischer,https://cdn.lnr.fr/joueur/663-alexandre-fischer/photo/photoFull.1d6a32f7ce4a12d423552fb50b73687ec52ba345,A. Fischer,Clermont,CLR,BACK_ROW,3ème ligne,2021-2022,12,620.0,51.7,11.48,,,0.65,,,,0.0,0.13,,,0.0,,,,,lnr,24.0,188.0,107.0,France,95.91836734693877,85.6,69.4,67.5,1.0,0,13,0,56,50,93,,32.1,↘,5,"[26.2, 59.9, 31.4, 52.3, 21.6]",100,0.5,3ème Ligne,3L,100,Haute,False,Moyenne,False,18,43.3,,,,,,,,,,,,0.0,,,,,,
lnr_2103,2103,adrien-lapegue-lafaye,https://cdn.lnr.fr/joueur/2103-adrien-lapegue-lafaye/photo/photoFull.6fc701688372b38c2cd93e972d93fc323ab7f457,A. Lapegue - Lafaye,Paris,SFP,WINGER,Ailier,2021-2022,12,844.0,70.3,2.84,,,0.0,,,,0.57,0.57,,,0.95,,,,,lnr,,,,,0.0,0.0,64.3,64.3,1.0,50,54,27,24,30,0,0.95,50.0,→,0,[],100,0.0,Ailier,AIL,100,Haute,False,Bonne,False,10,47.1,,,,,,,,,,,,0.0,,,,,,
lnr_2019,2019,alexandre-perez,https://cdn.lnr.fr/joueur/2019-alexandre-perez/photo/photoFull.1f75a2a9ddd89799fc877d5c192b6ffeb86f7691,A. Perez,Perpignan,PER,FLY_HALF,Demi d'ouverture,2021-2022,3,83.0,27.7,3.86,,,0.0,,,,0.0,0.0,,,0.0,,,,,lnr,,,,,0.0,0.0,46.4,58.2,0.5,0,0,0,31,30,0,0.0,50.0,→,0,[],100,0.0,Ouvreur,10,50,Basse,True,Basse,True,12,21.4,,,,,,,,,,,,0.0,,,,,,
lnr_2388,2388,adrien-warion,https://cdn.lnr.fr/joueur/2388-adrien-warion/photo/photoFull.b817331ae7e7f540e8505004318a8073270e5d10,Adrien Warion,Toulon,TLN,LOCK,2ème ligne,2021-2022,8,154.0,19.2,11.43,,,0.0,,,,0.0,0.0,,,0.0,,,,,lnr,21.0,,107.0,France,0.0,85.6,58.2,63.9,0.6,0,0,0,74,30,12,,50.9,↗,5,"[81.7, 36.2, 100, 39.9, 54.7]",100,-1.03,2ème Ligne,2L,60,Moyenne,True,Basse,False,21,41.2,,,,,,,,,,,,0.0,,,,,,
lnr_2022,2022,akato-fakatika,https://cdn.lnr.fr/joueur/2022-akato-fakatika/photo/photoFull.b817331ae7e7f540e8505004318a8073270e5d10,Akato Fakatika,Perpignan,PER,FRONT_ROW,1ère ligne,2021-2022,3,76.0,25.3,5.26,,,0.0,,,,0.0,0.0,,,0.0,,,,,lnr,,,,,0.0,0.0,43.1,57.8,0.5,0,0,0,7,30,0,,38.7,→,1,[44.3],100,0.0,1ère Ligne,1L,50,Basse,True,Basse,True,66,9.7,,,,,,,,,,,,0.0,,,,,,
lnr_314,314,alban-roussel,https://cdn.lnr.fr/joueur/314-alban-roussel/photo/photoFull.c13853c24f9a438203d2dc57b45e48161a549ae5,Alban Roussel,Bordeaux,BOR,LOCK,2ème ligne,2021-2022,13,449.0,34.5,9.27,,,0.53,,,,0.0,0.89,,,0.89,,,,,lnr,,,,,0.0,0.0,63.6,65.2,0.75,0,63,73,47,53,0,,50.0,→,0,[],100,0.0,2ème Ligne,2L,75,Haute,False,Moyenne,False,19,47.1,,,,,,,,,,,,0.0,,,,,,
lnr_1932,1932,alexis-levron,https://cdn.lnr.fr/joueur/1932-alexis-levron/photo/photoFull.d07a8ed44a912e5ca66bb66a4608b6fe5733b8b2,Alexis Levron,Pau,PAU,SCRUM_HALF,Demi de mêlée,2021-2022,7,152.0,21.7,5.79,,,0.0,,,,0.0,0.53,,,0.0,,,,,lnr,,,,,0.0,0.0,55.6,61.3,0.6,0,34,0,43,30,0,0.0,50.0,→,0,[],100,0.0,Demi de mêlée,9,60,Moyenne,True,Basse,False,16,25.0,,,,,,,,,,,,0.0,,,,,,
lnr_1126,1126,alfred-parisien,https://cdn.lnr.fr/joueur/1126-alfred-parisien/photo/photoFull.eff1aa9b4a9f2b351be13ae3eed38b31d19c422e,Alfred Parisien,Lyon,LOU,CENTRE,Centre,2021-2022,3,166.0,55.3,6.27,,,0.0,,,,0.0,0.48,,,0.0,,,,,lnr,21.0,182.0,91.0,France,92.85714285714286,72.8,57.0,59.4,0.6,0,29,0,54,30,85,,18.3,↗,5,"[7.2, 0, 23.6, 22.9, 26.0]",100,-1.03,Centre,CTR,60,Moyenne,True,Basse,True,25,12.5,,,,,,,,,,,,0.0,,,,,,
lnr_2169,2169,ali-oz,https://cdn.lnr.fr/joueur/2169-ali-oz/photo/photoFull.c13853c24f9a438203d2dc57b45e48161a549ae5,Ali Oz,Racing 92,R92,FRONT_ROW,1ère ligne,2021-2022,11,506.0,46.0,7.43,,,0.0,,,,0.0,0.47,,,0.0,,,,,lnr,,,,,0.0,0.0,50.7,55.5,0.75,0,45,0,31,30,0,,50.0,→,0,[],100,0.0,1ère Ligne,1L,75,Haute,False,Moyenne,False,68,6.9,,,,,,,,,,,,0.0,,,,,,
lnr_2195,2195,anthime-hemery,https://cdn.lnr.fr/joueur/2195-anthime-hemery/photo/photoFull.b5e9990d9a31ede8327da9bafe6aeb896ea144f3,Anthime Hemery,Racing 92,R92,BACK_ROW,3ème ligne,2021-2022,16,690.0,43.1,9.39,,,0.12,,,,0.12,0.46,,,1.16,,,,,lnr,21.0,189.0,110.0,France,96.42857142857144,88.0,60.3,60.5,1.0,27,46,83,33,34,95,,36.8,↘,5,"[69.5, 43.5, 39.1, 38.8, 38.3]",100,-1.03,3ème Ligne,3L,100,Haute,False,Moyenne,False,28,10.0,,,,,,,,,,,,0.0,,,,,,
lnr_322,322,antoine-miquel,https://cdn.lnr.fr/joueur/322-antoine-miquel/photo/photoFull.c13853c24f9a438203d2dc57b45e48161a549ae5,Antoine Miquel,Toulouse,TLS,BACK_ROW,3ème ligne,2021-2022,17,837.0,49.2,7.74,,,0.48,,,,0.0,1.05,,,0.48,,,,,lnr,,,,,0.0,0.0,61.4,61.4,1.0,0,100,34,15,45,0,,50.0,→,0,[],100,0.0,3ème Ligne,3L,100,Haute,False,Bonne,False,27,13.3,,,,,,,,,,,,0.0,,,,,,
lnr_593,593,antoine-tichit,https://cdn.lnr.fr/joueur/593-antoine-tichit/photo/photoFull.50e0d211418fb8267083232d5e5561b6e88fe79f,Antoine Tichit,Castres,CAS,FRONT_ROW,1ère ligne,2021-2022,12,532.0,44.3,6.17,,,0.15,,,,0.0,0.0,,,0.3,,,,,lnr,32.0,187.0,115.0,France,95.40816326530611,92.0,61.1,62.4,0.75,0,0,14,17,36,90,,27.3,↗,5,"[26.0, 12.9, 0, 19.4, 62.1]",100,1.26,1ère Ligne,1L,75,Haute,False,Moyenne,False,60,18.1,,,,,,,,,,,,0.0,,,,,,
lnr_420,420,arthur-bonneval,https://cdn.lnr.fr/joueur/420-arthur-bonneval/photo/photoFull.df70eb994b7734bdf40e01b850e18c98079124f9,Arthur Bonneval,Toulouse,TLS,WINGER,Ailier,2021-2022,9,544.0,60.4,3.53,,,0.15,,,,1.03,0.59,,,1.47,,,,,lnr,,,,,0.0,0.0,75.9,74.4,0.75,90,56,42,36,36,0,1.47,50.0,→,0,[],100,0.0,Ailier,AIL,75,Haute,False,Moyenne,False,3,88.2,,,,,,,,,,,,0.0,,,,,,
lnr_2441,2441,arthur-retiere,https://cdn.lnr.fr/joueur/2441-arthur-retiere/photo/photoFull.9db3e1c64b0fa647759e691550b9e8351884f243,Arthur Retiere,La Rochelle,LRO,WINGER,Demi de mêlée,2021-2022,10,558.0,55.8,4.16,,,0.0,,,,1.58,0.57,,,2.15,,,,,lnr,24.0,173.0,80.0,France,88.26530612244898,64.0,81.0,76.3,0.75,100,54,61,46,30,83,2.15,45.3,↗,5,"[17.5, 12.9, 0, 100, 45.0]",100,0.5,Ailier,AIL,75,Haute,False,Moyenne,False,1,100.0,,,,,,,,,,,,0.0,,,,,,
lnr_1416,1416,arthur-vincent,https://cdn.lnr.fr/joueur/1416-arthur-vincent/photo/photoFull.4cb2a4ab19ab443ff7739b68884b2f51b78c1bab,Arthur Vincent,Montpellier,MHR,CENTRE,Centre,2021-2022,7,434.0,62.0,6.82,,,0.37,,,,0.74,0.18,,,2.76,,,,,lnr,,,,,0.0,0.0,69.1,66.7,0.75,71,11,89,63,59,0,,26.5,↗,5,"[36.2, 0, 60.1, 19.9, 30.9]",100,0.0,Centre,CTR,75,Haute,False,Moyenne,False,9,71.4,69.6,France,14.0,cluster_1,78.7,56.5,50.0,91.9,80.4,68.5,98.6,0.0,,,,,,
lnr_808,808,benjamin-botica,https://cdn.lnr.fr/joueur/808-benjamin-botica/photo/photoFull.8a8276a94cfaec44d9ad851c959e24101861b746,B. Botica,Castres,CAS,FLY_HALF,Demi d'ouverture,2021-2022,9,629.0,69.9,3.43,,,0.0,,,,0.38,0.64,,,8.14,,,,,lnr,,,,,0.0,0.0,61.6,61.6,1.0,40,37,73,24,30,0,8.14,50.0,→,0,[],100,0.0,Ouvreur,10,100,Haute,False,Moyenne,False,7,57.1,,,,,,,,,,,,0.0,,,,,,
lnr_11098,11098,benjamin-boudou,https://cdn.lnr.fr/joueur/11098-benjamin-boudou/photo/photoFull.5130516f3d5f5fbc23b3eaab6efe1a2b3082c3df,B. Boudou,Clermont,CLR,FRONT_ROW,1ère ligne,2021-2022,8,85.0,10.6,11.29,,,0.0,,,,0.0,0.0,,,0.0,,,,,lnr,,,,,0.0,0.0,56.7,63.3,0.5,0,0,0,72,30,0,,50.0,→,0,[],100,0.0,1ère Ligne,1L,50,Basse,True,Basse,True,59,19.4,,,,,,,,,,,,0.0,,,,,,
lnr_1106,1106,baptiste-couilloud,https://cdn.lnr.fr/joueur/1106-baptiste-couilloud/photo/photoFull.8e39a4ffde2d58962f9632bb5639326c8c077ac5,B. Couilloud,Lyon,LOU,SCRUM_HALF,Demi de mêlée,2021-2022,16,905.0,56.6,5.66,,,0.0,,,,0.97,1.41,,,4.86,,,,,lnr,24.0,176.0,82.0,France,89.79591836734694,65.60000000000001,78.6,74.8,1.0,100,100,57,40,30,90,4.86,31.1,→,5,"[19.7, 49.5, 14.4, 21.6, 53.0]",100,0.5,Demi de mêlée,9,100,Haute,False,Bonne,False,5,80.0,75.9,France,14.0,cluster_1,68.6,67.8,50.0,95.3,89.1,66.7,93.0,0.0900000000000005,,,,,,
lnr_606,606,baptiste-delaporte,https://cdn.lnr.fr/joueur/606-baptiste-delaporte/photo/photoFull.50e0d211418fb8267083232d5e5561b6e88fe79f,B. Delaporte,Castres,CAS,BACK_ROW,3ème ligne,2021-2022,20,947.0,47.4,10.9,,,0.34,,,,0.0,0.59,,,0.0,,,,,lnr,25.0,190.0,110.0,France,96.93877551020408,88.0,69.0,68.7,1.0,0,59,0,49,41,95,,44.0,↘,5,"[48.4, 82.5, 59.6, 35.1, 47.0]",100,1.26,3ème Ligne,3L,100,Haute,False,Bonne,False,14,55.0,,,,,,,,,,,,0.0,,,,,,
lnr_241,241,baptiste-germain,https://cdn.lnr.fr/joueur/241-baptiste-germain/photo/photoFull.1d6a32f7ce4a12d423552fb50b73687ec52ba345,B. Germain,Toulouse,TLS,SCRUM_HALF,Demi de mêlée,2021-2022,16,642.0,40.1,6.23,,,0.25,,,,0.12,0.87,,,1.12,,,,,lnr,21.0,174.0,82.0,France,88.77551020408163,65.60000000000001,77.1,72.2,1.0,23,73,13,53,61,90,1.12,22.9,↘,5,"[18.3, 22.9, 28.3, 22.0, 27.5]",100,-1.03,Demi de mêlée,9,100,Haute,False,Moyenne,False,10,55.0,,,,,,,,,,,,0.0,,,,,,
lnr_1806,1806,baptiste-pesenti,https://cdn.lnr.fr/joueur/1806-baptiste-pesenti/photo/photoFull.0d105085f705532550693973c5545a1d4e020463,B. Pesenti,Racing 92,R92,BACK_ROW,3ème ligne,2021-2022,11,591.0,53.7,9.75,,,0.0,,,,0.0,0.14,,,0.68,,,,,lnr,24.0,195.0,118.0,France,99.48979591836736,94.4,57.4,65.7,0.75,0,14,49,37,30,99,,75.7,↗,5,"[36.2, 100, 70.9, 91.7, 98.5]",100,0.5,3ème Ligne,3L,75,Haute,False,Moyenne,False,20,36.7,,,,,,,,,,,,0.0,,,,,,
lnr_335,335,bastien-vergnes-taillefer,https://cdn.lnr.fr/joueur/335-bastien-vergnes-taillefer/photo/photoFull.9db3e1c64b0fa647759e691550b9e8351884f243,B. Vergnes Taillefer,Bordeaux,BOR,BACK_ROW,3ème ligne,2021-2022,19,972.0,51.2,9.79,,,0.41,,,,0.16,0.49,,,0.41,,,,,lnr,24.0,194.0,111.0,France,98.9795918367347,88.8,67.2,69.2,1.0,35,49,29,37,43,96,,60.8,↗,5,"[44.8, 84.5, 47.8, 100, 62.2]",100,0.5,3ème Ligne,3L,100,Haute,False,Bonne,False,13,60.0,,,,,,,,,,,,0.0,,,,,,
lnr_1127,1127,beka-saginadze,https://cdn.lnr.fr/joueur/1127-beka-saginadze/photo/photoFull.eff1aa9b4a9f2b351be13ae3eed38b31d19c422e,Beka Saginadze,Lyon,LOU,LOCK,2ème ligne,2021-2022,13,748.0,57.5,13.16,,,0.21,,,,0.0,0.32,,,1.07,,,,,lnr,23.0,191.0,110.0,Géorgie,97.44897959183672,88.0,79.7,75.5,1.0,0,23,88,95,39,95,,31.5,↘,5,"[17.0, 62.8, 18.8, 5.9, 59.6]",100,-0.16,2ème Ligne,2L,100,Haute,False,Moyenne,False,1,100.0,70.9,GEORG,30.0,cluster_0,50.0,50.0,50.0,68.5,100.0,53.0,85.9,0.0,,,,,,
lnr_2389,2389,bruce-devaux,https://cdn.lnr.fr/joueur/2389-bruce-devaux/photo/photoFull.b817331ae7e7f540e8505004318a8073270e5d10,Bruce Devaux,Toulon,TLN,FRONT_ROW,1ère ligne,2021-2022,17,670.0,39.4,11.22,,,0.0,,,,0.0,0.0,,,0.0,,,,,lnr,25.0,183.0,108.0,France,93.36734693877553,86.4,70.0,69.3,1.0,0,0,0,71,30,85,,42.3,→,5,"[58.3, 58.3, 56.5, 50.0, 38.4]",100,1.26,1ère Ligne,1L,100,Haute,False,Moyenne,False,34,54.2,,,,,,,,,,,,0.0,,,,,,
lnr_1915,1915,clement-laporte,https://cdn.lnr.fr/joueur/1915-clement-laporte/photo/photoFull.bf4a801945c52387138b3325d9dd3bcf510292ab,C. Laporte,Lyon,LOU,FULLBACK,Arrière,2021-2022,13,717.0,55.2,3.12,,,0.0,,,,0.33,1.12,,,1.12,,,,,lnr,,,,,0.0,0.0,59.1,59.1,1.0,4,74,17,59,30,0,1.12,50.0,→,0,[],100,0.0,Arrière,ARR,100,Haute,False,Moyenne,False,9,20.0,,,,,,,,,,,,0.0,,,,,,
lnr_694,694,cristian-ojovan,https://cdn.lnr.fr/joueur/694-cristian-ojovan/photo/photoFull.b5e9990d9a31ede8327da9bafe6aeb896ea144f3,C. Ojovan,Clermont,CLR,FRONT_ROW,1ère ligne,2021-2022,22,943.0,42.9,7.8,,,0.0,,,,0.0,0.08,,,0.0,,,,,lnr,25.0,183.0,120.0,Moldavie,93.36734693877553,96.0,64.1,64.0,1.0,0,8,0,35,30,93,,36.9,↘,5,"[57.5, 33.6, 46.9, 30.9, 46.9]",100,1.26,1ère Ligne,1L,100,Haute,False,Bonne,False,58,20.8,,,,,,,,,,,,0.0,,,,,,
lnr_2354,2354,christopher-tolofua,https://cdn.lnr.fr/joueur/2354-christopher-tolofua/photo/photoFull.4cb2a4ab19ab443ff7739b68884b2f51b78c1bab,C. Tolofua,Toulon,TLN,FRONT_ROW,1ère ligne,2021-2022,13,719.0,55.3,7.45,,,0.45,,,,0.0,0.11,,,0.0,,,,,lnr,28.0,182.0,120.0,France,92.85714285714286,96.0,70.2,66.7,1.0,0,11,0,31,47,93,,16.3,↗,5,"[19.2, 8.5, 39.4, 3.5, 17.6]",100,2.96,1ère Ligne,1L,100,Haute,False,Moyenne,False,46,36.1,,,,,,,,,,,,0.0,,,,,,
lnr_2165,2165,camille-chat,https://cdn.lnr.fr/joueur/2165-camille-chat/photo/photoFull.8e39a4ffde2d58962f9632bb5639326c8c077ac5,Camille Chat,Racing 92,R92,FRONT_ROW,1ère ligne,2021-2022,19,910.0,47.9,8.97,,,0.79,,,,0.18,0.53,,,2.2,,,,,lnr,26.0,178.0,101.0,France,90.81632653061224,80.80000000000001,78.1,77.1,1.0,48,51,100,47,59,81,,52.1,→,5,"[29.5, 67.0, 50.4, 32.8, 90.5]",100,2.0,1ère Ligne,1L,100,Haute,False,Bonne,False,6,93.1,72.4,France,37.0,cluster_1,80.0,65.3,50.0,91.8,65.2,64.4,91.6,0.0,,,,,,
lnr_2162,2162,cedate-gomes-sa,https://cdn.lnr.fr/joueur/2162-cedate-gomes-sa/photo/photoFull.8e39a4ffde2d58962f9632bb5639326c8c077ac5,Cedate Gomes Sa,Racing 92,R92,FRONT_ROW,1ère ligne,2021-2022,16,598.0,37.4,4.82,,,0.13,,,,0.0,0.0,,,2.01,,,,,lnr,28.0,185.0,113.0,France,94.3877551020408,90.4,59.3,67.3,0.75,0,0,94,3,35,89,,66.6,→,5,"[100, 53.2, 47.8, 30.3, 100]",100,2.96,1ère Ligne,1L,75,Haute,False,Moyenne,False,45,38.9,77.7,France,12.0,cluster_1,63.9,56.4,50.0,90.7,83.7,62.8,88.2,0.2700000000000003,,,,,,
lnr_2355,2355,charles-ollivon,https://cdn.lnr.fr/joueur/2355-charles-ollivon/photo/photoFull.2eaacbd11c12f10f571df4cbac07c560d1665acd,Charles Ollivon,Toulon,TLN,BACK_ROW,3ème ligne,2021-2022,6,386.0,64.3,12.85,,,0.62,,,,0.0,0.0,,,0.0,,,,,lnr,28.0,199.0,114.0,France,100.0,91.2,73.4,72.2,0.75,0,0,0,71,49,98,,38.3,→,5,"[31.4, 32.7, 31.9, 31.9, 64.8]",100,2.96,3ème Ligne,3L,75,Haute,False,Basse,False,7,80.0,79.3,France,30.0,cluster_1,93.5,96.5,50.0,91.6,50.0,93.2,89.9,0.4299999999999997,,,,,,
lnr_213,213,charlie-francoz,https://cdn.lnr.fr/joueur/213-charlie-francoz/photo/photoFull.22d524affa325bfad2a5469bb23df8603fc2554d,Charlie Francoz,Paris,SFP,BACK_ROW,3ème ligne,2021-2022,5,230.0,46.0,9.74,,,0.0,,,,0.35,0.7,,,0.0,,,,,lnr,,,,,0.0,0.0,58.2,62.9,0.6,78,70,0,36,30,0,,50.0,→,0,[],100,0.0,3ème Ligne,3L,60,Moyenne,True,Basse,False,24,23.3,,,,,,,,,,,,0.0,,,,,,
lnr_2451,2451,cyril-baille,https://cdn.lnr.fr/joueur/2451-cyril-baille/photo/photoFull.a2503fca1a2646233602741328f9c3f7893fa1e1,Cyril Baille,Toulouse,TLS,FRONT_ROW,1ère ligne,2021-2022,18,856.0,47.6,8.69,,,0.0,,,,0.0,0.93,,,0.47,,,,,lnr,28.0,182.0,118.0,France,92.85714285714286,94.4,72.5,68.9,1.0,0,89,22,44,30,91,,15.3,↘,5,"[22.6, 34.7, 29.7, 5.9, 7.2]",100,2.96,1ère Ligne,1L,100,Haute,False,Bonne,False,40,45.8,79.6,France,42.0,cluster_1,94.8,100.0,50.0,93.7,66.4,83.5,88.2,0.4599999999999994,,,,,,
lnr_324,324,cyril-cazeaux,https://cdn.lnr.fr/joueur/324-cyril-cazeaux/photo/photoFull.9db3e1c64b0fa647759e691550b9e8351884f243,Cyril Cazeaux,Bordeaux,BOR,LOCK,2ème ligne,2021-2022,5,241.0,48.2,7.97,,,0.66,,,,0.33,0.33,,,1.66,,,,,lnr,27.0,198.0,117.0,France,100.0,93.6,76.4,73.8,0.6,94,23,100,32,59,98,,44.4,↘,5,"[48.6, 53.0, 43.2, 49.3, 56.5]",100,2.61,2ème Ligne,2L,60,Moyenne,True,Basse,False,7,82.4,,,,,,,,,,,,0.0,,,,,,
lnr_708,708,daniel-bibi-biziwu,https://cdn.lnr.fr/joueur/708-daniel-bibi-biziwu/photo/photoFull.b948a9307d0771aeee5c40d614c45938eb2eb700,D. Bibi Biziwu,Clermont,CLR,FRONT_ROW,1ère ligne,2021-2022,9,286.0,31.8,7.55,,,0.0,,,,0.28,0.0,,,0.0,,,,,lnr,20.0,183.0,119.0,France,93.36734693877553,95.2,62.7,64.2,0.6,75,0,0,32,30,92,,36.0,↘,5,"[29.8, 65.3, 12.9, 72.6, 26.8]",100,-1.25,1ère Ligne,1L,60,Moyenne,True,Basse,False,57,22.2,,,,,,,,,,,,0.0,,,,,,
lnr_1034,1034,davit-niniashvili,https://cdn.lnr.fr/joueur/1034-davit-niniashvili/photo/photoFull.7cb6d3e8fb1a9ef473f9440830017cd30be5f626,D. Niniashvili,Lyon,LOU,FULLBACK,Arrière,2021-2022,14,652.0,46.6,4.17,,,0.37,,,,0.74,0.86,,,1.23,,,,,lnr,,,,,0.0,0.0,66.9,65.7,1.0,34,57,19,86,52,0,1.23,28.0,→,5,"[10.5, 38.6, 55.0, 26.8, 24.9]",100,0.0,Arrière,ARR,100,Haute,False,Moyenne,False,4,70.0,83.0,GEORG,20.0,cluster_0,92.7,90.4,51.1,90.3,71.1,93.4,79.6,0.8,,,,,,
lnr_2500,2500,david-ainuu,https://cdn.lnr.fr/joueur/2500-david-ainuu/photo/photoFull.7ca2942712296b23bc0c05ee5ba8a7306bef7b5e,David Ainuu,Toulouse,TLS,FRONT_ROW,1ère ligne,2021-2022,17,432.0,25.4,8.15,,,0.0,,,,0.0,0.37,,,0.0,,,,,lnr,22.0,178.0,122.0,Etats-Unis,90.81632653061224,97.6,64.8,65.6,0.75,0,36,0,38,30,93,,42.0,↗,5,"[44.7, 30.7, 35.4, 36.2, 70.2]",100,-0.67,1ère Ligne,1L,75,Haute,False,Moyenne,False,51,30.6,,,,,,,,,,,,0.0,,,,,,
lnr_1079,1079,demba-bamba,https://cdn.lnr.fr/joueur/1079-demba-bamba/photo/photoFull.8b942e992ebb42fdd1ca819c8cb833427c776cef,Demba Bamba,Lyon,LOU,FRONT_ROW,1ère ligne,2021-2022,15,859.0,57.3,7.73,,,0.19,,,,0.28,0.56,,,0.93,,,,,lnr,24.0,185.0,125.0,France,94.3877551020408,100.0,70.8,72.0,1.0,75,54,43,34,37,96,,60.5,↗,5,"[52.9, 65.6, 79.4, 64.2, 77.9]",100,0.5,1ère Ligne,1L,100,Haute,False,Bonne,False,21,72.2,73.9,France,25.0,cluster_1,100.0,78.2,50.0,85.5,58.7,81.7,88.4,0.0,,,,,,
lnr_2501,2501,dimitri-delibes,https://cdn.lnr.fr/joueur/2501-dimitri-delibes/photo/photoFull.7ca2942712296b23bc0c05ee5ba8a7306bef7b5e,Dimitri Delibes,Toulouse,TLS,CENTRE,Centre,2021-2022,11,691.0,62.8,4.63,,,0.12,,,,0.69,0.46,,,1.74,,,,,lnr,23.0,190.0,98.0,France,96.93877551020408,78.4,67.1,64.4,1.0,67,27,56,29,39,90,,23.2,↘,5,"[33.3, 22.9, 0, 25.5, 38.6]",100,-0.16,Centre,CTR,100,Haute,False,Moyenne,False,11,64.3,,,,,,,,,,,,0.0,,,,,,
lnr_2448,2448,dorian-aldegheri,https://cdn.lnr.fr/joueur/2448-dorian-aldegheri/photo/photoFull.a2503fca1a2646233602741328f9c3f7893fa1e1,Dorian Aldegheri,Toulouse,TLS,FRONT_ROW,1ère ligne,2021-2022,17,803.0,47.2,7.87,,,0.4,,,,0.0,0.3,,,0.0,,,,,lnr,28.0,180.0,119.0,France,91.83673469387756,95.2,71.6,69.7,1.0,0,29,0,35,45,92,,31.7,→,5,"[49.7, 37.7, 33.6, 47.8, 24.4]",100,2.96,1ère Ligne,1L,100,Haute,False,Bonne,False,32,56.9,59.1,France,9.0,cluster_1,55.9,50.0,50.0,89.5,51.0,55.5,85.5,0.0,,,,,,
lnr_1988,1988,dorian-laborde,https://cdn.lnr.fr/joueur/1988-dorian-laborde/photo/photoFull.df70eb994b7734bdf40e01b850e18c98079124f9,Dorian Laborde,Toulon,TLN,WINGER,Ailier,2021-2022,4,488.0,120.0,5.9,,,0.16,,,,0.33,0.82,,,0.82,,,,,lnr,,,,,0.0,0.0,66.3,67.3,0.75,29,87,23,76,37,0,0.82,50.0,→,0,[],100,0.0,Ailier,AIL,75,Haute,False,Moyenne,True,9,52.9,,,,,,,,,,,,0.0,,,,,,
lnr_2632,2632,eneriko-buliruarua,https://cdn.lnr.fr/joueur/2632-eneriko-buliruarua/photo/photoFull.746d583d9f8a2aa9c322b15ebadc8acc096151d2,E. Buliruarua,La Rochelle,LRO,CENTRE,Centre,2021-2022,16,657.0,41.1,4.87,,,0.0,,,,0.49,0.61,,,1.83,,,,,lnr,25.0,186.0,106.0,Fidji,94.89795918367348,84.8,65.6,64.1,1.0,47,36,59,33,30,95,,28.2,↘,5,"[41.2, 43.6, 43.6, 5.2, 37.3]",100,1.26,Centre,CTR,100,Haute,False,Moyenne,False,12,60.7,,,,,,,,,,,,0.0,,,,,,
lnr_2498,2498,emmanuel-meafou,https://cdn.lnr.fr/joueur/2498-emmanuel-meafou/photo/photoFull.7ca2942712296b23bc0c05ee5ba8a7306bef7b5e,E. Meafou,Toulouse,TLS,LOCK,2ème ligne,2021-2022,16,865.0,54.1,8.69,,,0.83,,,,0.18,1.85,,,0.92,,,,,lnr,23.0,,145.0,France,0.0,100.0,69.3,68.0,1.0,51,100,75,40,66,15,,38.0,→,5,"[43.8, 40.3, 30.6, 51.1, 45.3]",100,-0.16,2ème Ligne,2L,100,Haute,False,Bonne,False,13,64.7,,,,,,,,,,,,0.0,,,,,,
lnr_2004,2004,edward-dratai-sawailau,https://cdn.lnr.fr/joueur/2004-edward-dratai-sawailau/photo/photoFull.c13853c24f9a438203d2dc57b45e48161a549ae5,E. Sawailau,Perpignan,PER,CENTRE,Centre,2021-2022,3,104.0,34.7,6.92,,,0.0,,,,0.77,0.0,,,3.85,,,,,lnr,,,,,0.0,0.0,61.9,65.9,0.5,74,0,100,65,30,0,,50.0,→,0,[],100,0.0,Centre,CTR,50,Basse,True,Basse,True,10,67.9,,,,,,,,,,,,0.0,,,,,,
lnr_1905,1905,eliott-roudil,https://cdn.lnr.fr/joueur/1905-eliott-roudil/photo/photoFull.55223152d2bdf719adae33c3f4ef18c348eed132,Eliott Roudil,Pau,PAU,CENTRE,Centre,2021-2022,16,868.0,54.2,5.53,,,0.18,,,,0.37,0.37,,,0.46,,,,,lnr,,,,,0.0,0.0,59.4,59.4,1.0,36,22,15,43,44,0,,50.0,→,0,[],100,0.0,Centre,CTR,100,Haute,False,Bonne,False,25,12.5,,,,,,,,,,,,0.0,,,,,,
lnr_2349,2349,emerick-setiano,https://cdn.lnr.fr/joueur/2349-emerick-setiano/photo/photoFull.1d6a32f7ce4a12d423552fb50b73687ec52ba345,Emerick Setiano,Toulon,TLN,FRONT_ROW,1ère ligne,2021-2022,17,341.0,20.1,14.55,,,0.0,,,,0.0,0.0,,,0.0,,,,,lnr,25.0,183.0,115.0,France,93.36734693877553,92.0,76.8,73.8,0.75,0,0,0,100,30,90,,43.5,→,5,"[47.8, 42.2, 2.5, 100, 5.1]",100,1.26,1ère Ligne,1L,75,Haute,False,Basse,False,15,80.6,,,,,,,,,,,,0.0,,,,,,
lnr_2780,2780,enzo-benmegal,https://cdn.lnr.fr/joueur/2780-enzo-benmegal/photo/photoFull.fe5b6edecb877fb4ff7853edcd6a3662574bc87d,Enzo Benmegal,Racing 92,R92,WINGER,Ailier,2021-2022,2,60.0,30.0,5.33,,,0.0,,,,0.0,0.0,,,0.0,,,,,lnr,,,,,0.0,0.0,50.0,60.0,0.5,0,0,0,66,30,0,0.0,50.0,→,0,[],100,0.0,Ailier,AIL,50,Basse,True,Basse,True,15,17.6,,,,,,,,,,,,0.0,,,,,,
lnr_1941,1941,eoghan-barrett,https://cdn.lnr.fr/joueur/1941-eoghan-barrett/photo/photoFull.58e6e4b7761b3420a57c37233cfce5ad6a1e7fad,Eoghan Barrett,Pau,PAU,CENTRE,Centre,2021-2022,8,498.0,62.2,5.3,,,0.16,,,,0.64,0.16,,,1.61,,,,,lnr,,,,,0.0,0.0,61.0,63.2,0.75,62,10,52,39,43,0,,50.0,→,0,[],100,0.0,Centre,CTR,75,Haute,False,Moyenne,False,19,35.7,,,,,,,,,,,,0.0,,,,,,
lnr_1125,1125,ethan-dumortier,https://cdn.lnr.fr/joueur/1125-ethan-dumortier/photo/photoFull.eff1aa9b4a9f2b351be13ae3eed38b31d19c422e,Ethan Dumortier,Lyon,LOU,CENTRE,Centre,2021-2022,13,791.0,60.8,2.73,,,0.1,,,,0.51,0.4,,,1.01,,,,,lnr,21.0,191.0,93.0,France,97.44897959183672,74.4,59.2,58.4,1.0,49,24,32,0,38,87,,26.8,→,5,"[12.9, 39.9, 37.6, 24.9, 29.8]",100,-1.03,Centre,CTR,100,Haute,False,Moyenne,False,27,7.1,,,,,,,,,,,,0.0,,,,,,
lnr_667,667,etienne-falgoux,https://cdn.lnr.fr/joueur/667-etienne-falgoux/photo/photoFull.b5e9990d9a31ede8327da9bafe6aeb896ea144f3,Etienne Falgoux,Clermont,CLR,FRONT_ROW,1ère ligne,2021-2022,20,857.0,42.9,6.63,,,0.65,,,,0.0,0.09,,,0.0,,,,,lnr,29.0,183.0,105.0,France,93.36734693877553,84.0,68.8,66.7,1.0,0,9,0,22,54,84,,25.6,↘,5,"[50.4, 14.1, 14.7, 23.6, 37.7]",100,2.96,1ère Ligne,1L,100,Haute,False,Bonne,False,46,36.1,,,,,,,,,,,,0.0,,,,,,
lnr_280,280,federico-mori,https://cdn.lnr.fr/joueur/280-federico-mori/photo/photoFull.1d6a32f7ce4a12d423552fb50b73687ec52ba345,F. Mori,Bordeaux,BOR,CENTRE,Centre,2021-2022,15,727.0,48.5,2.64,,,0.0,,,,0.88,0.55,,,2.2,,,,,lnr,21.0,188.0,108.0,Italie,95.91836734693877,86.4,64.6,60.9,1.0,85,33,71,0,30,96,,11.8,↘,5,"[34.7, 6.5, 7.3, 0, 20.7]",100,-1.03,Centre,CTR,100,Haute,False,Moyenne,False,23,21.4,65.8,ITALY,15.0,cluster_1,75.5,77.1,50.0,82.2,55.8,65.6,80.7,0.0,,,,,,
lnr_1900,1900,fabrice-metz,https://cdn.lnr.fr/joueur/1900-fabrice-metz/photo/photoFull.55223152d2bdf719adae33c3f4ef18c348eed132,Fabrice Metz,Pau,PAU,LOCK,2ème ligne,2021-2022,15,637.0,42.5,9.04,,,0.0,,,,0.13,0.13,,,0.0,,,,,lnr,,,,,0.0,0.0,53.9,53.9,1.0,37,9,0,45,30,0,,50.0,→,0,[],100,0.0,2ème Ligne,2L,100,Haute,False,Moyenne,False,34,2.9,,,,,,,,,,,,0.0,,,,,,
lnr_2658,2658,facundo-bosch,https://cdn.lnr.fr/joueur/2658-facundo-bosch/photo/photoFull.1d6a32f7ce4a12d423552fb50b73687ec52ba345,Facundo Bosch,La Rochelle,LRO,FRONT_ROW,1ère ligne,2021-2022,13,483.0,37.2,11.43,,,0.99,,,,0.17,0.83,,,1.66,,,,,lnr,30.0,180.0,100.0,Argentine,91.83673469387756,80.0,88.1,81.6,0.75,45,80,78,74,67,80,,47.9,↘,5,"[100, 56.5, 33.8, 77.1, 38.5]",100,2.61,1ère Ligne,1L,75,Haute,False,Moyenne,False,2,98.6,67.0,Argentine,25.0,cluster_1,51.2,50.0,50.0,76.2,91.1,50.0,87.6,0.0,,,,,,
lnr_2453,2453,francois-cros,https://cdn.lnr.fr/joueur/2453-francois-cros/photo/photoFull.a2503fca1a2646233602741328f9c3f7893fa1e1,Francois Cros,Toulouse,TLS,BACK_ROW,3ème ligne,2021-2022,16,974.0,60.9,11.66,,,0.66,,,,0.0,0.25,,,0.41,,,,,lnr,28.0,190.0,111.0,France,96.93877551020408,88.8,73.7,76.5,1.0,0,25,29,58,51,95,,74.1,→,2,"[100, 75.9]",100,2.96,3ème Ligne,3L,100,Haute,False,Bonne,False,2,95.0,67.6,France,25.0,cluster_1,61.3,57.0,50.0,90.8,77.7,56.7,86.9,0.0,,,,,,
lnr_1009,1009,georges-henri-colombe-reazel,https://cdn.lnr.fr/joueur/1009-georges-henri-colombe-reazel/photo/photoFull.a2503fca1a2646233602741328f9c3f7893fa1e1,G. Colombe Reazel,Racing 92,R92,FRONT_ROW,1ère ligne,2021-2022,12,493.0,41.1,4.22,,,0.65,,,,0.16,1.14,,,0.0,,,,,lnr,24.0,193.0,142.0,France,98.46938775510203,100.0,71.5,69.4,0.75,43,100,0,0,54,100,,35.1,↗,5,"[3.4, 24.9, 33.7, 58.3, 43.9]",100,0.5,1ère Ligne,1L,75,Haute,False,Moyenne,False,33,55.6,,,,,,,,,,,,0.0,,,,,,
lnr_2484,2484,guillaume-cramont,https://cdn.lnr.fr/joueur/2484-guillaume-cramont/photo/photoFull.a2503fca1a2646233602741328f9c3f7893fa1e1,G. Cramont,Toulouse,TLS,FRONT_ROW,1ère ligne,2021-2022,11,630.0,57.3,8.38,,,0.25,,,,0.38,0.25,,,1.9,,,,,lnr,21.0,183.0,107.0,France,93.36734693877553,85.6,68.4,68.5,1.0,100,24,89,41,39,85,,50.1,↗,5,"[53.4, 24.7, 55.9, 22.6, 97.0]",100,-1.03,1ère Ligne,1L,100,Haute,False,Moyenne,False,39,47.2,,,,,,,,,,,,0.0,,,,,,
lnr_337,337,geoffrey-cros,https://cdn.lnr.fr/joueur/337-geoffrey-cros/photo/photoFull.5130516f3d5f5fbc23b3eaab6efe1a2b3082c3df,G. Cros,Bordeaux,BOR,FULLBACK,Arrière,2021-2022,8,529.0,66.1,3.78,,,0.0,,,,0.6,0.45,,,1.51,,,,,lnr,,,,,0.0,0.0,59.6,62.2,0.75,23,30,23,76,30,0,1.51,50.0,→,0,[],100,0.0,Arrière,ARR,75,Haute,False,Moyenne,False,6,50.0,,,,,,,,,,,,0.0,,,,,,
lnr_1892,1892,guillaume-ducat,https://cdn.lnr.fr/joueur/1892-guillaume-ducat/photo/photoFull.bf7e6b3668f1d7c40821cbfca4c5f267bcf81dfe,G. Ducat,Pau,PAU,LOCK,2ème ligne,2021-2022,4,146.0,36.5,3.84,,,0.0,,,,0.0,0.0,,,0.0,,,,,lnr,25.0,,115.0,France,0.0,92.0,42.8,57.0,0.5,0,0,0,0,30,13,,25.2,→,5,"[32.1, 39.2, 47.8, 13.7, 22.8]",100,1.26,2ème Ligne,2L,50,Basse,True,Basse,True,32,8.8,,,,,,,,,,,,0.0,,,,,,
lnr_2190,2190,guram-gogichashvili,https://cdn.lnr.fr/joueur/2190-guram-gogichashvili/photo/photoFull.d27019f52768bff9ad76599574dced3c5044bc4f,G. Gogichashvili,Racing 92,R92,FRONT_ROW,1ère ligne,2021-2022,17,695.0,40.9,9.78,,,0.23,,,,0.0,0.0,,,0.0,,,,,lnr,23.0,183.0,118.0,Géorgie,93.36734693877553,94.4,68.9,68.8,1.0,0,0,0,56,39,92,,47.7,↗,5,"[52.3, 41.2, 79.4, 39.4, 60.1]",100,-0.16,1ère Ligne,1L,100,Haute,False,Moyenne,False,36,50.7,73.3,GEORG,36.0,cluster_0,59.3,50.2,50.0,89.0,78.6,53.9,85.0,0.0,,,,,,
lnr_2201,2201,gia-kharaishvili,https://cdn.lnr.fr/joueur/2201-gia-kharaishvili/photo/photoFull.d27019f52768bff9ad76599574dced3c5044bc4f,G. Kharaishvili,Racing 92,R92,FRONT_ROW,1ère ligne,2021-2022,5,121.0,24.2,11.9,,,0.66,,,,0.0,0.0,,,0.0,,,,,lnr,23.0,180.0,120.0,Géorgie,91.83673469387756,96.0,78.7,71.5,0.5,0,0,0,79,55,92,,33.9,→,5,"[32.8, 39.8, 82.3, 26.0, 26.6]",100,-0.16,1ère Ligne,1L,50,Basse,True,Basse,True,24,68.1,,,,,,,,,,,,0.0,,,,,,
lnr_1084,1084,guillaume-marchand,https://cdn.lnr.fr/joueur/1084-guillaume-marchand/photo/photoFull.8e39a4ffde2d58962f9632bb5639326c8c077ac5,G. Marchand,Lyon,LOU,FRONT_ROW,1ère ligne,2021-2022,19,887.0,46.7,10.28,,,0.54,,,,0.09,0.27,,,0.0,,,,,lnr,23.0,183.0,105.0,France,93.36734693877553,84.0,74.3,74.2,1.0,24,26,0,61,50,84,,52.6,↘,5,"[83.8, 81.0, 38.2, 52.4, 66.6]",100,-0.16,1ère Ligne,1L,100,Haute,False,Bonne,False,16,79.2,80.2,France,28.0,cluster_1,97.3,91.7,50.0,90.1,57.0,70.1,89.4,0.5200000000000002,,,,,,
lnr_1990,1990,giorgi-tetrashvili,https://cdn.lnr.fr/joueur/1990-giorgi-tetrashvili/photo/photoFull.746d583d9f8a2aa9c322b15ebadc8acc096151d2,G. Tetrashvili,Perpignan,PER,FRONT_ROW,1ère ligne,2021-2022,7,312.0,44.6,6.67,,,0.0,,,,0.0,0.26,,,0.0,,,,,lnr,28.0,177.0,114.0,Géorgie,90.3061224489796,91.2,63.6,66.6,0.75,0,25,0,23,30,88,,43.6,↗,5,"[3.6, 3.6, 98.5, 73.2, 37.7]",100,2.96,1ère Ligne,1L,75,Haute,False,Basse,False,49,33.3,52.2,GEORG,7.0,cluster_0,50.0,50.0,50.0,50.0,100.0,50.0,50.0,0.0,,,,,,
lnr_1558,1558,gabin-michet,https://cdn.lnr.fr/joueur/1558-gabin-michet/photo/photoFull.1f75a2a9ddd89799fc877d5c192b6ffeb86f7691,Gabin Michet,Clermont,CLR,FLY_HALF,Demi d'ouverture,2021-2022,7,189.0,27.0,4.23,,,0.0,,,,0.0,0.0,,,1.27,,,,,lnr,,,,,0.0,0.0,47.8,56.7,0.6,0,0,11,38,30,0,1.27,50.0,→,0,[],100,0.0,Ouvreur,10,60,Moyenne,True,Basse,False,13,14.3,,,,,,,,,,,,0.0,,,,,,
lnr_2360,2360,gabin-villiere,https://cdn.lnr.fr/joueur/2360-gabin-villiere/photo/photoFull.2eaacbd11c12f10f571df4cbac07c560d1665acd,Gabin Villiere,Toulon,TLN,WINGER,Ailier,2021-2022,10,800.0,80.0,5.2,,,0.9,,,,0.4,0.8,,,1.0,,,,,lnr,26.0,180.0,88.0,France,91.83673469387756,70.39999999999999,76.3,72.0,1.0,35,84,28,64,68,89,1.0,14.9,→,5,"[29.3, 7.9, 17.7, 20.8, 9.2]",100,2.0,Ailier,AIL,100,Haute,False,Bonne,False,5,76.5,83.5,France,12.0,cluster_1,93.7,76.6,50.0,94.0,78.4,91.6,91.7,0.8500000000000001,,,,,,
lnr_276,276,gatien-masse,https://cdn.lnr.fr/joueur/276-gatien-masse/photo/photoFull.673b50508ed570af2802365a4be2390538bb645a,Gatien Masse,Bordeaux,BOR,CENTRE,Centre,2021-2022,10,395.0,39.5,5.06,,,0.0,,,,0.81,0.41,,,0.0,,,,,lnr,,,,,0.0,0.0,62.0,64.0,0.75,78,24,0,36,30,0,,50.0,→,0,[],100,0.0,Centre,CTR,75,Haute,False,Basse,False,13,55.4,,,,,,,,,,,,0.0,,,,,,
lnr_1447,1447,gela-aprasidze,https://cdn.lnr.fr/joueur/1447-gela-aprasidze/photo/photoFull.746d583d9f8a2aa9c322b15ebadc8acc096151d2,Gela Aprasidze,Montpellier,MHR,SCRUM_HALF,Demi de mêlée,2021-2022,15,510.0,34.0,7.37,,,0.31,,,,0.31,0.78,,,4.24,,,,,lnr,24.0,175.0,70.0,Géorgie,89.28571428571429,56.00000000000001,82.7,74.5,0.75,59,63,50,78,68,82,4.24,22.4,↘,5,"[31.3, 6.7, 18.3, 0, 51.8]",100,0.5,Demi de mêlée,9,75,Haute,False,Moyenne,False,6,75.0,66.9,GEORG,45.0,cluster_0,57.3,70.2,52.6,87.6,91.9,57.6,88.1,0.0,,,,,,
lnr_709,709,george-moala,https://cdn.lnr.fr/joueur/709-george-moala/photo/photoFull.b5e9990d9a31ede8327da9bafe6aeb896ea144f3,George Moala,Clermont,CLR,CENTRE,Centre,2021-2022,13,924.0,71.1,5.28,,,0.09,,,,0.26,0.61,,,3.03,,,,,lnr,31.0,188.0,99.0,Nouvelle Zélande,95.91836734693877,79.2,64.9,61.2,1.0,25,36,97,39,37,91,,7.6,↘,4,"[21.6, 12.4, 9.8, 0]",100,2.0,Centre,CTR,100,Haute,False,Bonne,False,21,26.8,,,,,,,,,,,,0.0,,,,,,
lnr_2002,2002,george-tilsley,https://cdn.lnr.fr/joueur/2002-george-tilsley/photo/photoFull.8a8276a94cfaec44d9ad851c959e24101861b746,George Tilsley,Perpignan,PER,WINGER,Ailier,2021-2022,21,985.0,46.9,5.28,,,0.49,,,,0.32,0.89,,,0.41,,,,,lnr,,,,,0.0,0.0,68.4,68.4,1.0,28,96,12,66,51,0,0.41,50.0,→,0,[],100,0.0,Ailier,AIL,100,Haute,False,Bonne,False,8,58.8,,,,,,,,,,,,0.0,,,,,,
lnr_662,662,giorgi-beria,https://cdn.lnr.fr/joueur/662-giorgi-beria/photo/photoFull.746d583d9f8a2aa9c322b15ebadc8acc096151d2,Giorgi Beria,Clermont,CLR,FRONT_ROW,1ère ligne,2021-2022,13,471.0,36.2,13.08,,,0.68,,,,0.0,0.0,,,0.85,,,,,lnr,22.0,175.0,108.0,France,89.28571428571429,86.4,79.8,76.3,0.75,0,0,40,91,55,85,,55.9,↗,5,"[77.7, 30.3, 96.8, 100, 27.6]",100,-0.67,1ère Ligne,1L,75,Haute,False,Moyenne,False,9,88.9,,,,,,,,,,,,0.0,,,,,,
lnr_1811,1811,giorgi-melikidze,https://cdn.lnr.fr/joueur/1811-giorgi-melikidze/photo/photoFull.0d105085f705532550693973c5545a1d4e020463,Giorgi Melikidze,Paris,SFP,FRONT_ROW,1ère ligne,2021-2022,23,918.0,39.9,7.58,,,0.52,,,,0.0,0.17,,,0.0,,,,,lnr,25.0,180.0,116.0,Géorgie,91.83673469387756,92.8,69.5,69.1,1.0,0,16,0,32,49,90,,41.1,↘,5,"[26.0, 33.3, 43.8, 42.4, 62.1]",100,1.26,1ère Ligne,1L,100,Haute,False,Bonne,False,36,50.7,77.6,GEORG,27.0,cluster_0,52.2,50.2,50.0,88.4,89.4,54.2,92.0,0.2599999999999994,,,,,,
lnr_1887,1887,guram-papidze,https://cdn.lnr.fr/joueur/1887-guram-papidze/photo/photoFull.bf4a801945c52387138b3325d9dd3bcf510292ab,Guram Papidze,La Rochelle,LRO,FRONT_ROW,1ère ligne,2021-2022,15,432.0,28.8,13.33,,,0.19,,,,0.0,0.0,,,0.93,,,,,lnr,24.0,187.0,122.0,Géorgie,95.40816326530611,97.6,77.6,74.8,0.75,0,0,43,94,37,94,,49.9,↗,5,"[14.6, 76.1, 95.9, 68.7, 36.2]",100,0.5,1ère Ligne,1L,75,Haute,False,Moyenne,False,12,84.0,67.4,GEORG,8.0,cluster_0,55.5,50.2,50.0,90.5,70.3,55.3,73.2,0.0,,,,,,
lnr_1107,1107,hamza-kaabeche,https://cdn.lnr.fr/joueur/1107-hamza-kaabeche/photo/photoFull.8e39a4ffde2d58962f9632bb5639326c8c077ac5,Hamza Kaabeche,Lyon,LOU,FRONT_ROW,1ère ligne,2021-2022,11,278.0,25.3,5.18,,,0.0,,,,0.0,0.86,,,0.0,,,,,lnr,25.0,189.0,114.0,France,96.42857142857144,91.2,62.0,65.5,0.6,0,83,0,7,30,90,,38.9,→,5,"[24.7, 59.2, 51.8, 27.6, 52.4]",100,1.26,1ère Ligne,1L,60,Moyenne,True,Basse,False,52,27.8,,,,,,,,,,,,0.0,,,,,,
lnr_2175,2175,hassane-kolingar,https://cdn.lnr.fr/joueur/2175-hassane-kolingar/photo/photoFull.d27019f52768bff9ad76599574dced3c5044bc4f,Hassane Kolingar,Racing 92,R92,FRONT_ROW,1ère ligne,2021-2022,24,962.0,40.1,9.15,,,0.33,,,,0.0,0.17,,,0.42,,,,,lnr,24.0,184.0,115.0,France,93.87755102040816,92.0,70.0,74.3,1.0,0,16,20,49,42,90,,85.1,↗,5,"[100, 44.3, 92.5, 68.7, 100]",100,0.5,1ère Ligne,1L,100,Haute,False,Bonne,False,14,81.9,,,,,,,,,,,,0.0,,,,,,
lnr_2393,2393,ian-boubila,https://cdn.lnr.fr/joueur/2393-ian-boubila/photo/photoFull.d12b43ca6e7fc340fc47e57d679419cdf389ce62,Ian Boubila,Toulouse,TLS,FRONT_ROW,1ère ligne,2021-2022,10,157.0,15.7,8.15,,,1.02,,,,0.0,1.53,,,0.0,,,,,lnr,,,,,0.0,0.0,67.0,68.2,0.6,0,100,0,38,68,0,,50.0,→,0,[],100,0.0,1ère Ligne,1L,60,Moyenne,True,Basse,False,42,43.1,,,,,,,,,,,,0.0,,,,,,
lnr_1885,1885,ignacio-calles,https://cdn.lnr.fr/joueur/1885-ignacio-calles/photo/photoFull.1d6a32f7ce4a12d423552fb50b73687ec52ba345,Ignacio Calles,Pau,PAU,FRONT_ROW,1ère ligne,2021-2022,19,664.0,34.9,9.64,,,0.24,,,,0.0,0.0,,,0.0,,,,,lnr,26.0,187.0,116.0,Argentine,95.40816326530611,92.8,70.7,67.8,1.0,0,0,0,54,39,91,,23.9,↘,5,"[41.2, 28.4, 44.6, 3.1, 28.9]",100,2.0,1ère Ligne,1L,100,Haute,False,Moyenne,False,43,41.7,,,,,,,,,,,,0.0,,,,,,
lnr_1958,1958,jeronimo-de-la-fuente,https://cdn.lnr.fr/joueur/1958-jeronimo-de-la-fuente/photo/photoFull.14f86258177c199d0ec3ee9450197974d20d92b1,J. De La Fuente,Perpignan,PER,CENTRE,Centre,2021-2022,14,979.0,69.9,8.34,,,0.16,,,,0.0,0.25,,,0.41,,,,,lnr,,,,,0.0,0.0,58.0,58.3,1.0,0,15,13,87,43,0,,32.4,↗,5,"[22.9, 15.0, 37.3, 37.3, 46.5]",100,0.0,Centre,CTR,100,Haute,False,Bonne,False,28,3.6,71.4,Argentine,82.0,cluster_1,71.0,69.3,50.0,89.0,85.6,67.8,90.1,0.0,,,,,,
lnr_611,611,jeremy-fernandez,https://cdn.lnr.fr/joueur/611-jeremy-fernandez/photo/photoFull.50e0d211418fb8267083232d5e5561b6e88fe79f,J. Fernandez,Castres,CAS,SCRUM_HALF,Demi de mêlée,2021-2022,23,841.0,36.6,6.37,,,0.57,,,,0.38,0.76,,,0.76,,,,,lnr,24.0,176.0,90.0,France,89.79591836734694,72.0,82.1,77.4,1.0,73,61,9,56,70,94,0.76,30.2,↘,5,"[45.0, 21.1, 37.3, 41.2, 28.7]",100,0.5,Demi de mêlée,9,100,Haute,False,Bonne,False,3,90.0,,,,,,,,,,,,0.0,,,,,,
lnr_2358,2358,jean-baptiste-gros,https://cdn.lnr.fr/joueur/2358-jean-baptiste-gros/photo/photoFull.2eaacbd11c12f10f571df4cbac07c560d1665acd,J. Gros,Toulon,TLN,FRONT_ROW,1ère ligne,2021-2022,14,770.0,55.0,7.69,,,0.1,,,,0.0,0.0,,,0.52,,,,,lnr,22.0,186.0,112.0,France,94.89795918367348,89.60000000000001,61.6,62.0,1.0,0,0,24,33,34,88,,40.3,↘,5,"[63.4, 47.8, 19.9, 19.9, 73.1]",100,-0.67,1ère Ligne,1L,100,Haute,False,Moyenne,False,61,16.7,72.2,France,21.0,cluster_1,58.0,52.6,50.0,90.2,77.0,50.0,87.9,0.0,,,,,,
lnr_1782,1782,james-robert-hall,https://cdn.lnr.fr/joueur/1782-james-robert-hall/photo/photoFull.746d583d9f8a2aa9c322b15ebadc8acc096151d2,J. Hall,Paris,SFP,SCRUM_HALF,Demi de mêlée,2021-2022,20,842.0,42.1,4.75,,,0.0,,,,0.1,0.67,,,0.48,,,,,lnr,26.0,173.0,82.0,Afrique du Sud,88.26530612244898,65.60000000000001,62.8,62.7,1.0,19,50,6,20,30,89,0.48,33.7,↘,5,"[34.0, 34.0, 19.1, 50.4, 41.2]",100,2.0,Demi de mêlée,9,100,Haute,False,Bonne,False,14,35.0,,,,,,,,,,,,0.0,,,,,,
lnr_2127,2127,jonathan-maiau,https://cdn.lnr.fr/joueur/2127-jonathan-maiau/photo/photoFull.3bdbafd9a091ef5bb037d3de56d946eed2f8ad5f,J. Maiau,Racing 92,R92,FRONT_ROW,1ère ligne,2021-2022,4,79.0,19.8,13.16,,,0.0,,,,0.0,0.0,,,0.0,,,,,lnr,,,,,0.0,0.0,60.9,65.4,0.5,0,0,0,92,30,0,,50.0,→,0,[],100,0.0,1ère Ligne,1L,50,Basse,True,Basse,True,55,25.0,,,,,,,,,,,,0.0,,,,,,
lnr_329,329,jefferson-poirot,https://cdn.lnr.fr/joueur/329-jefferson-poirot/photo/photoFull.9db3e1c64b0fa647759e691550b9e8351884f243,J. Poirot,Bordeaux,BOR,FRONT_ROW,1ère ligne,2021-2022,17,717.0,42.2,10.93,,,0.45,,,,0.0,0.67,,,0.0,,,,,lnr,29.0,181.0,117.0,France,92.3469387755102,93.6,80.9,79.7,1.0,0,64,0,68,47,91,,52.8,↗,5,"[23.8, 87.9, 30.9, 68.7, 71.5]",100,2.96,1ère Ligne,1L,100,Haute,False,Moyenne,False,4,95.8,70.5,France,38.0,cluster_1,83.0,75.0,50.0,90.9,60.0,60.3,88.8,0.0,,,,,,
lnr_1083,1083,jerome-rey,https://cdn.lnr.fr/joueur/1083-jerome-rey/photo/photoFull.8e39a4ffde2d58962f9632bb5639326c8c077ac5,J. Rey,Lyon,LOU,FRONT_ROW,1ère ligne,2021-2022,19,869.0,45.7,10.22,,,0.0,,,,0.0,0.09,,,0.46,,,,,lnr,26.0,181.0,133.0,France,92.3469387755102,100.0,71.8,74.9,1.0,0,9,22,61,30,99,,75.3,↗,5,"[100, 67.3, 100, 100, 55.7]",100,2.0,1ère Ligne,1L,100,Haute,False,Bonne,False,11,86.1,,,,,,,,,,,,0.0,,,,,,
lnr_970,970,joel-antonio-sclavi,https://cdn.lnr.fr/joueur/970-joel-antonio-sclavi/photo/photoFull.7cb6d3e8fb1a9ef473f9440830017cd30be5f626,J. Sclavi,La Rochelle,LRO,FRONT_ROW,1ère ligne,2021-2022,13,580.0,44.6,5.52,,,0.14,,,,0.0,0.0,,,0.69,,,,,lnr,27.0,188.0,135.0,Argentine,95.91836734693877,100.0,62.8,65.5,0.75,0,0,32,10,35,100,,39.9,↗,5,"[10.7, 5.9, 13.3, 12.1, 100]",100,2.61,1ère Ligne,1L,75,Haute,False,Moyenne,False,52,27.8,62.7,Argentine,15.0,cluster_1,57.6,50.0,50.0,91.1,60.1,50.0,79.7,0.0,,,,,,
lnr_1739,1739,juan-john-van-der-mescht,https://cdn.lnr.fr/joueur/1739-juan-john-van-der-mescht/photo/photoFull.af05d90330b88b7be458e288b68ca734babbf81c,J. Van Der Mescht,Paris,SFP,LOCK,2ème ligne,2021-2022,19,620.0,32.6,6.84,,,0.9,,,,0.0,0.0,,,0.0,,,,,lnr,,,,,0.0,0.0,57.4,57.4,1.0,0,0,0,18,69,0,,50.0,→,0,[],100,0.0,2ème Ligne,2L,100,Haute,False,Moyenne,False,30,14.7,,,,,,,,,,,,0.0,,,,,,
lnr_693,693,jacobus-van-tonder,https://cdn.lnr.fr/joueur/693-jacobus-van-tonder/photo/photoFull.746d583d9f8a2aa9c322b15ebadc8acc096151d2,J. Van Tonder,Clermont,CLR,LOCK,2ème ligne,2021-2022,12,625.0,52.1,8.45,,,0.26,,,,0.0,0.0,,,1.28,,,,,lnr,24.0,197.0,118.0,Afrique du Sud,100.0,94.4,66.3,66.6,1.0,0,0,100,37,41,98,,45.3,↘,5,"[80.0, 77.2, 51.7, 43.9, 43.5]",100,0.5,2ème Ligne,2L,100,Haute,False,Moyenne,False,17,51.5,,,,,,,,,,,,0.0,,,,,,
lnr_1853,1853,jack-maddocks,https://cdn.lnr.fr/joueur/1853-jack-maddocks/photo/photoFull.bf4a801945c52387138b3325d9dd3bcf510292ab,Jack Maddocks,Pau,PAU,FULLBACK,Arrière,2021-2022,4,284.0,71.0,2.54,,,0.0,,,,0.56,0.56,,,1.41,,,,,lnr,25.0,194.0,100.0,Australie,98.9795918367347,80.0,61.3,62.0,0.6,21,37,22,45,30,98,1.41,12.4,↘,5,"[32.1, 32.1, 9.8, 11.8, 1.8]",100,1.26,Arrière,ARR,60,Moyenne,True,Basse,True,7,40.0,69.4,Australie,12.0,cluster_1,75.2,57.4,50.0,91.7,89.8,68.6,94.8,0.0,,,,,,
lnr_1433,1433,jeremie-maurouard,https://cdn.lnr.fr/joueur/1433-jeremie-maurouard/photo/photoFull.7260593a1939529b8f58882fcd9327e3deee5c0d,Jeremie Maurouard,Montpellier,MHR,FRONT_ROW,1ère ligne,2021-2022,15,640.0,42.7,11.62,,,0.75,,,,0.25,0.88,,,1.88,,,,,lnr,29.0,180.0,95.0,France,91.83673469387756,76.0,86.6,82.0,1.0,67,85,88,76,58,77,,34.2,↗,5,"[0, 10.8, 57.0, 50.6, 41.8]",100,2.96,1ère Ligne,1L,100,Haute,False,Moyenne,False,1,100.0,,,,,,,,,,,,0.0,,,,,,
lnr_1955,1955,joaquin-oviedo,https://cdn.lnr.fr/joueur/1955-joaquin-oviedo/photo/photoFull.14f86258177c199d0ec3ee9450197974d20d92b1,Joaquin Oviedo,Perpignan,PER,BACK_ROW,3ème ligne,2021-2022,11,592.0,53.8,16.35,,,0.81,,,,0.14,0.14,,,0.68,,,,,lnr,20.0,191.0,113.0,Argentine,97.44897959183672,90.4,79.3,76.5,0.75,31,14,49,100,55,97,,61.9,↗,5,"[44.3, 89.7, 100, 90.6, 39.3]",100,-1.25,3ème Ligne,3L,75,Haute,False,Moyenne,False,2,95.0,,,,,,,,,,,,0.0,,,,,,
lnr_1075,1075,joel-kpoku,https://cdn.lnr.fr/joueur/1075-joel-kpoku/photo/photoFull.bf4a801945c52387138b3325d9dd3bcf510292ab,Joel Kpoku,Lyon,LOU,LOCK,2ème ligne,2021-2022,6,227.0,37.8,12.69,,,0.0,,,,0.35,0.35,,,0.0,,,,,lnr,22.0,196.0,114.0,Angleterre,100.0,91.2,78.6,75.3,0.6,100,25,0,89,30,97,,62.3,→,3,"[65.3, 32.8, 100]",100,-0.67,2ème Ligne,2L,60,Moyenne,True,Basse,False,3,94.1,,,,,,,,,,,,0.0,,,,,,
lnr_991,991,jonathan-danty,https://cdn.lnr.fr/joueur/991-jonathan-danty/photo/photoFull.f5ab75ea7c8f921ef2f66960c9e22eacb5e76013,Jonathan Danty,La Rochelle,LRO,CENTRE,Centre,2021-2022,12,638.0,53.2,6.39,,,0.5,,,,0.13,1.0,,,0.63,,,,,lnr,29.0,181.0,110.0,France,92.3469387755102,88.0,76.7,73.1,1.0,13,60,20,56,69,96,,26.0,→,2,"[33.3, 25.5]",100,2.96,Centre,CTR,100,Haute,False,Moyenne,False,3,92.9,71.6,France,20.0,cluster_1,70.1,74.2,50.0,91.6,75.5,70.5,85.6,0.0,,,,,,
lnr_2492,2492,joshua-brennan,https://cdn.lnr.fr/joueur/2492-joshua-brennan/photo/photoFull.7ca2942712296b23bc0c05ee5ba8a7306bef7b5e,Joshua Brennan,Toulouse,TLS,LOCK,2ème ligne,2021-2022,13,232.0,17.8,10.34,,,0.34,,,,0.0,0.69,,,0.0,,,,,lnr,20.0,199.0,118.0,France,100.0,94.4,74.2,69.8,0.6,0,49,0,60,45,99,,37.0,↘,5,"[62.3, 30.9, 10.1, 73.3, 35.3]",100,-1.25,2ème Ligne,2L,60,Moyenne,True,Basse,False,12,67.6,,,,,,,,,,,,0.0,,,,,,
lnr_1351,1351,josua-vici,https://cdn.lnr.fr/joueur/1351-josua-vici/photo/photoFull.28a7076c5091624b9d043c9f795307457230f77f,Josua Vici,Montpellier,MHR,WINGER,Ailier,2021-2022,4,217.0,54.2,5.53,,,1.11,,,,0.74,0.74,,,0.0,,,,,lnr,,,,,0.0,0.0,78.6,70.4,0.6,65,76,0,70,70,0,0.0,18.9,↗,5,"[24.2, 4.6, 26.2, 26.1, 17.0]",100,0.0,Ailier,AIL,60,Moyenne,True,Basse,True,7,64.7,,,,,,,,,,,,0.0,,,,,,
lnr_2290,2290,jules-coulon,https://cdn.lnr.fr/joueur/2290-jules-coulon/photo/photoFull.2eaacbd11c12f10f571df4cbac07c560d1665acd,Jules Coulon,Toulon,TLN,BACK_ROW,3ème ligne,2021-2022,5,97.0,19.4,9.9,,,0.82,,,,0.0,0.82,,,0.0,,,,,lnr,19.0,189.0,104.0,France,96.42857142857144,83.2,72.9,69.5,0.5,0,82,0,38,56,91,,43.4,↗,5,"[20.7, 16.4, 68.7, 36.7, 68.7]",100,-1.38,3ème Ligne,3L,50,Basse,True,Basse,True,12,63.3,,,,,,,,,,,,0.0,,,,,,
lnr_2289,2289,jules-danglot,https://cdn.lnr.fr/joueur/2289-jules-danglot/photo/photoFull.fb26dc620384a6249e4f25079e745b2cf06fe9f6,Jules Danglot,Toulon,TLN,SCRUM_HALF,Demi de mêlée,2021-2022,17,358.0,21.1,6.03,,,0.0,,,,0.22,0.89,,,2.23,,,,,lnr,,,,,0.0,0.0,67.2,67.9,0.75,42,75,26,48,30,0,2.23,50.0,→,0,[],100,0.0,Demi de mêlée,9,75,Haute,False,Basse,False,11,50.0,,,,,,,,,,,,0.0,,,,,,
lnr_995,995,jules-le-bail,https://cdn.lnr.fr/joueur/995-jules-le-bail/photo/photoFull.55223152d2bdf719adae33c3f4ef18c348eed132,Jules Le Bail,La Rochelle,LRO,SCRUM_HALF,Demi de mêlée,2021-2022,8,166.0,20.8,3.86,,,0.0,,,,0.48,0.48,,,2.41,,,,,lnr,,,,,0.0,0.0,56.0,61.6,0.6,92,29,28,0,30,0,2.41,50.0,→,0,[],100,0.0,Demi de mêlée,9,60,Moyenne,True,Basse,False,15,30.0,,,,,,,,,,,,0.0,,,,,,
lnr_678,678,jules-plisson,https://cdn.lnr.fr/joueur/678-jules-plisson/photo/photoFull.6fc701688372b38c2cd93e972d93fc323ab7f457,Jules Plisson,La Rochelle,LRO,FLY_HALF,Demi d'ouverture,2021-2022,9,448.0,49.8,2.32,,,0.0,,,,0.0,0.0,,,8.21,,,,,lnr,,,,,0.0,0.0,51.5,58.2,0.75,0,0,74,6,30,0,8.21,50.0,→,0,[],100,0.0,Ouvreur,10,75,Haute,False,Moyenne,False,14,7.1,67.5,France,13.0,cluster_1,60.5,58.5,69.5,76.6,92.1,53.8,89.1,0.0,,,,,,
lnr_894,894,julien-farnoux,https://cdn.lnr.fr/joueur/894-julien-farnoux/photo/photoFull.66c8481f41dae2c760111c9de7f76f50fdc806b3,Julien Farnoux,Perpignan,PER,FULLBACK,Arrière,2021-2022,2,108.0,54.0,5.19,,,0.74,,,,1.48,0.0,,,0.0,,,,,lnr,,,,,0.0,0.0,69.9,69.9,0.5,87,0,0,100,70,0,0.0,50.0,→,0,[],100,0.0,Arrière,ARR,50,Basse,True,Basse,True,1,100.0,,,,,,,,,,,,0.0,,,,,,
lnr_2445,2445,julien-marchand,https://cdn.lnr.fr/joueur/2445-julien-marchand/photo/photoFull.a2503fca1a2646233602741328f9c3f7893fa1e1,Julien Marchand,Toulouse,TLS,FRONT_ROW,1ère ligne,2021-2022,16,654.0,40.9,7.95,,,1.96,,,,0.37,0.24,,,0.61,,,,,lnr,26.0,181.0,110.0,France,92.3469387755102,88.0,79.9,78.2,1.0,99,23,29,36,70,86,,45.0,↘,5,"[89.1, 58.1, 45.5, 23.4, 64.3]",100,2.0,1ère Ligne,1L,100,Haute,False,Moyenne,False,5,94.4,80.2,France,28.0,cluster_1,97.3,91.7,50.0,90.1,57.0,70.1,89.4,0.5200000000000002,,,,,,
lnr_1375,1375,karl-anthony-martin,https://cdn.lnr.fr/joueur/1375-karl-anthony-martin/photo/photoFull.4cb2a4ab19ab443ff7739b68884b2f51b78c1bab,K. Martin,Montpellier,MHR,CENTRE,Centre,2021-2022,1,40.0,40.0,10.0,,,0.0,,,,0.0,2.0,,,0.0,,,,,lnr,20.0,189.0,100.0,Irlande,96.42857142857144,80.0,71.3,71.2,0.5,0,100,0,100,30,91,,61.7,→,3,"[23.6, 42.2, 100]",100,-1.25,Centre,CTR,50,Basse,True,Basse,True,5,85.7,,,,,,,,,,,,0.0,,,,,,
lnr_2282,2282,kieran-brookes,https://cdn.lnr.fr/joueur/2282-kieran-brookes/photo/photoFull.14f86258177c199d0ec3ee9450197974d20d92b1,Kieran Brookes,Toulon,TLN,FRONT_ROW,1ère ligne,2021-2022,19,822.0,43.3,5.94,,,0.1,,,,0.0,0.1,,,0.0,,,,,lnr,31.0,187.0,120.0,Grande-Bretagne,95.40816326530611,96.0,61.8,60.9,1.0,0,10,0,15,34,93,,25.9,↘,5,"[56.5, 7.6, 5.9, 26.0, 42.2]",100,2.0,1ère Ligne,1L,100,Haute,False,Bonne,False,62,15.3,,,,,,,,,,,,0.0,,,,,,
lnr_1105,1105,killian-geraci,https://cdn.lnr.fr/joueur/1105-killian-geraci/photo/photoFull.8e39a4ffde2d58962f9632bb5639326c8c077ac5,Killian Geraci,Lyon,LOU,LOCK,2ème ligne,2021-2022,10,604.0,60.4,7.15,,,0.53,,,,0.0,0.26,,,0.0,,,,,lnr,23.0,,115.0,France,0.0,92.0,54.4,58.6,1.0,0,18,0,21,53,13,,59.7,↘,5,"[58.9, 100, 100, 20.7, 68.7]",100,-0.16,2ème Ligne,2L,100,Haute,False,Moyenne,False,29,17.6,,,,,,,,,,,,0.0,,,,,,
lnr_11554,11554,killian-tixeront,https://cdn.lnr.fr/joueur/11554-killian-tixeront/photo/photoFull.b5e9990d9a31ede8327da9bafe6aeb896ea144f3,Killian Tixeront,Clermont,CLR,BACK_ROW,3ème ligne,2021-2022,4,222.0,55.5,11.89,,,0.36,,,,0.0,0.0,,,0.0,,,,,lnr,20.0,196.0,107.0,France,100.0,85.6,63.3,65.5,0.6,0,0,0,60,41,94,,44.1,↘,5,"[46.7, 100, 55.7, 64.2, 15.8]",100,-1.25,3ème Ligne,3L,60,Moyenne,True,Basse,True,21,33.3,,,,,,,,,,,,0.0,,,,,,
lnr_277,277,louis-bielle-biarrey,https://cdn.lnr.fr/joueur/277-louis-bielle-biarrey/photo/photoFull.dcb886cd35479c542abefe5a2fb2ff29300d8c42,L. Bielle-biarrey,Bordeaux,BOR,WINGER,Arrière,2021-2022,7,420.0,60.0,1.14,,,0.0,,,,0.19,0.57,,,0.95,,,,,lnr,18.0,184.0,83.0,France,93.87755102040816,66.4,56.1,57.2,0.75,17,54,27,0,30,87,0.95,18.0,↗,5,"[26.2, 4.9, 10.5, 34.7, 15.1]",100,-1.45,Ailier,AIL,75,Haute,False,Moyenne,False,17,5.9,,,,,,,,,,,,0.0,,,,,,
lnr_585,585,levan-chilachava,https://cdn.lnr.fr/joueur/585-levan-chilachava/photo/photoFull.bf7e6b3668f1d7c40821cbfca4c5f267bcf81dfe,L. Chilachava,Castres,CAS,FRONT_ROW,1ère ligne,2021-2022,24,536.0,22.3,3.88,,,0.75,,,,0.0,0.0,,,1.49,,,,,lnr,30.0,188.0,133.0,Géorgie,95.91836734693877,100.0,67.5,69.0,0.75,0,0,70,0,58,100,,22.7,↘,5,"[64.3, 34.7, 17.0, 0, 36.2]",100,2.61,1ère Ligne,1L,75,Haute,False,Moyenne,False,50,31.9,79.5,GEORG,27.0,cluster_0,56.0,50.2,50.0,95.2,85.8,62.3,92.2,0.4499999999999999,,,,,,
lnr_1457,1457,louis-foursans-bourdette,https://cdn.lnr.fr/joueur/1457-louis-foursans-bourdette/photo/photoFull.eb7c8a121d72a5469d4eb6f17a32ea8cc568bf6c,L. Foursans Bourdette,Montpellier,MHR,FLY_HALF,Demi d'ouverture,2021-2022,17,713.0,41.9,9.42,,,0.0,,,,0.22,0.11,,,11.78,,,,,lnr,20.0,170.0,80.0,France,86.73469387755102,64.0,64.1,63.3,1.0,23,6,100,100,30,87,11.78,35.1,→,1,[39.9],100,-1.25,Ouvreur,10,100,Haute,False,Moyenne,False,6,64.3,,,,,,,,,,,,0.0,,,,,,
lnr_317,317,lekso-kaulashvili,https://cdn.lnr.fr/joueur/317-lekso-kaulashvili/photo/photoFull.bf4a801945c52387138b3325d9dd3bcf510292ab,L. Kaulashvili,Bordeaux,BOR,FRONT_ROW,1ère ligne,2021-2022,22,717.0,32.6,8.93,,,0.33,,,,0.0,0.0,,,0.0,,,,,lnr,29.0,185.0,132.0,Géorgie,94.3877551020408,100.0,72.9,70.6,1.0,0,0,0,47,42,99,,30.3,↗,5,"[28.0, 28.0, 39.4, 43.9, 28.0]",100,2.96,1ère Ligne,1L,100,Haute,False,Moyenne,False,30,59.7,,,,,,,,,,,,0.0,,,,,,
lnr_2008,2008,leon-seilala-lam,https://cdn.lnr.fr/joueur/2008-leon-seilala-lam/photo/photoFull.81ae2ff3cf645856004e61f820bf6824a1fce987,L. Lam,Perpignan,PER,FRONT_ROW,1ère ligne,2021-2022,14,731.0,52.2,9.41,,,0.88,,,,0.44,1.09,,,0.55,,,,,lnr,33.0,183.0,102.0,Samoa américain,93.36734693877553,81.6,83.3,76.9,1.0,100,100,26,52,63,82,,18.3,↗,4,"[11.4, 44.3, 19.9, 9.5]",100,0.5,1ère Ligne,1L,100,Haute,False,Moyenne,False,7,91.7,74.9,SAMOA,18.0,cluster_0,58.1,53.6,50.0,90.8,81.7,55.4,88.8,0.0,,,,,,
lnr_1824,1824,latu-silatolu-latu,https://cdn.lnr.fr/joueur/1824-latu-silatolu-latu/photo/photoFull.7cb6d3e8fb1a9ef473f9440830017cd30be5f626,L. Latu,Paris,SFP,FRONT_ROW,1ère ligne,2021-2022,17,986.0,58.0,4.95,,,0.89,,,,0.24,0.41,,,0.41,,,,,lnr,29.0,178.0,110.0,Tonga,90.81632653061224,88.0,72.0,68.3,1.0,64,39,19,4,63,86,,17.2,↗,5,"[9.0, 25.3, 34.9, 37.5, 0]",100,2.96,1ère Ligne,1L,100,Haute,False,Bonne,False,41,44.4,72.6,Australie,26.0,cluster_1,75.7,91.7,50.0,86.6,51.5,68.3,86.4,0.0,,,,,,
lnr_1911,1911,lekima-vuda-tagitagivalu,https://cdn.lnr.fr/joueur/1911-lekima-vuda-tagitagivalu/photo/photoFull.d27019f52768bff9ad76599574dced3c5044bc4f,L. Tagitagivalu,Pau,PAU,LOCK,2ème ligne,2021-2022,18,977.0,54.3,10.32,,,0.25,,,,0.08,0.41,,,0.0,,,,,lnr,26.0,195.0,110.0,Fidji,99.48979591836736,88.0,75.4,74.0,1.0,23,29,0,60,41,97,,44.1,↘,5,"[85.8, 49.3, 43.5, 28.7, 62.2]",100,2.0,2ème Ligne,2L,100,Haute,False,Bonne,False,5,86.8,,,,,,,,,,,,0.0,,,,,,
lnr_985,985,levani-botia-veivuke,https://cdn.lnr.fr/joueur/985-levani-botia-veivuke/photo/photoFull.7cb6d3e8fb1a9ef473f9440830017cd30be5f626,L. Veivuke,La Rochelle,LRO,CENTRE,Centre,2021-2022,17,854.0,50.2,6.0,,,0.66,,,,0.75,0.94,,,2.34,,,,,lnr,,,,,0.0,0.0,75.6,75.6,1.0,72,56,75,50,70,0,,52.5,↗,5,"[23.4, 68.6, 53.3, 68.6, 66.4]",100,0.0,Centre,CTR,100,Haute,False,Bonne,False,1,100.0,82.5,FIJI,16.0,cluster_0,100.0,92.1,50.0,86.3,50.0,95.2,91.8,0.75,,,,,,
lnr_1001,1001,leo-aouf,https://cdn.lnr.fr/joueur/1001-leo-aouf/photo/photoFull.28a7076c5091624b9d043c9f795307457230f77f,Leo Aouf,La Rochelle,LRO,FRONT_ROW,1ère ligne,2021-2022,12,318.0,26.5,8.3,,,0.25,,,,0.25,0.25,,,0.0,,,,,lnr,25.0,182.0,120.0,France,92.85714285714286,96.0,71.0,68.6,0.75,67,24,0,40,39,93,,29.2,↘,5,"[48.7, 46.0, 60.9, 17.9, 20.7]",100,1.26,1ère Ligne,1L,75,Haute,False,Basse,False,38,48.6,,,,,,,,,,,,0.0,,,,,,
lnr_1829,1829,leo-barre,https://cdn.lnr.fr/joueur/1829-leo-barre/photo/photoFull.eb7c8a121d72a5469d4eb6f17a32ea8cc568bf6c,Leo Barre,Paris,SFP,FLY_HALF,Demi d'ouverture,2021-2022,19,757.0,39.8,3.8,,,0.0,,,,0.53,1.37,,,2.85,,,,,lnr,,,,,0.0,0.0,65.3,61.5,1.0,55,78,26,30,30,0,2.85,10.8,↘,5,"[19.6, 11.8, 7.2, 0, 15.7]",100,0.0,Ouvreur,10,100,Haute,False,Moyenne,False,8,50.0,,,,,,,,,,,,0.0,,,,,,
lnr_575,575,leone-nakarawa,https://cdn.lnr.fr/joueur/575-leone-nakarawa/photo/photoFull.bf7e6b3668f1d7c40821cbfca4c5f267bcf81dfe,Leone Nakarawa,Toulon,TLN,LOCK,2ème ligne,2021-2022,12,743.0,61.9,5.06,,,0.97,,,,0.32,1.51,,,0.54,,,,,lnr,34.0,,115.0,Fidji,0.0,92.0,62.0,63.5,1.0,91,100,44,0,70,13,,42.8,↗,4,"[9.4, 17.5, 79.2, 57.5]",100,-0.16,2ème Ligne,2L,100,Haute,False,Moyenne,False,22,38.2,83.2,FIJI,31.0,cluster_0,96.4,96.5,50.0,92.4,50.0,91.7,92.5,0.8200000000000003,,,,,,
lnr_1788,1788,lester-etien,https://cdn.lnr.fr/joueur/1788-lester-etien/photo/photoFull.af05d90330b88b7be458e288b68ca734babbf81c,Lester Etien,Paris,SFP,CENTRE,Centre,2021-2022,13,762.0,58.6,3.88,,,0.42,,,,1.15,0.42,,,3.15,,,,,lnr,26.0,180.0,93.0,France,91.83673469387756,74.4,77.7,73.7,1.0,100,25,100,17,63,86,,26.1,↘,5,"[28.8, 27.8, 4.8, 19.0, 47.8]",100,2.0,Centre,CTR,100,Haute,False,Moyenne,False,2,96.4,,,,,,,,,,,,0.0,,,,,,
lnr_686,686,loic-godener,https://cdn.lnr.fr/joueur/686-loic-godener/photo/photoFull.c13853c24f9a438203d2dc57b45e48161a549ae5,Loic Godener,Paris,SFP,BACK_ROW,3ème ligne,2021-2022,13,690.0,53.1,11.71,,,0.35,,,,0.12,0.93,,,0.0,,,,,lnr,,,,,0.0,0.0,67.6,67.6,1.0,27,93,0,58,41,0,,50.0,→,0,[],100,0.0,3ème Ligne,3L,100,Haute,False,Moyenne,False,17,46.7,,,,,,,,,,,,0.0,,,,,,
lnr_11434,11434,lopeti-timani,https://cdn.lnr.fr/joueur/11434-lopeti-timani/photo/photoFull.1f75a2a9ddd89799fc877d5c192b6ffeb86f7691,Lopeti Timani,Toulon,TLN,BACK_ROW,3ème ligne,2021-2022,10,394.0,39.4,10.36,,,1.02,,,,0.0,0.81,,,1.02,,,,,lnr,,,,,0.0,0.0,72.5,71.9,0.75,0,81,73,43,62,0,,50.0,→,0,[],100,0.0,3ème Ligne,3L,75,Haute,False,Basse,False,6,83.3,63.7,Australie,17.0,cluster_1,50.2,50.0,50.0,79.0,89.0,50.0,61.1,0.0,,,,,,
lnr_2170,2170,louis-dupichot,https://cdn.lnr.fr/joueur/2170-louis-dupichot/photo/photoFull.054c707edd7e8d2d4275da9b6750c4e791637d23,Louis Dupichot,Racing 92,R92,WINGER,Ailier,2021-2022,11,622.0,56.5,1.54,,,0.0,,,,0.64,0.39,,,0.0,,,,,lnr,,,,,0.0,0.0,62.3,62.3,1.0,56,30,0,1,30,0,0.0,50.0,→,0,[],100,0.0,Ailier,AIL,100,Haute,False,Moyenne,False,12,35.3,,,,,,,,,,,,0.0,,,,,,
lnr_553,553,louis-le-brun,https://cdn.lnr.fr/joueur/553-louis-le-brun/photo/photoFull.bf7e6b3668f1d7c40821cbfca4c5f267bcf81dfe,Louis Le Brun,Castres,CAS,FLY_HALF,Demi d'ouverture,2021-2022,1,80.0,80.0,2.0,,,0.0,,,,0.0,2.0,,,0.0,,,,,lnr,20.0,188.0,100.0,France,95.91836734693877,80.0,61.4,61.3,0.5,0,100,0,1,30,97,0.0,12.3,→,3,"[19.0, 0, 17.0]",100,-1.25,Ouvreur,10,50,Basse,True,Basse,True,9,42.9,,,,,,,,,,,,0.0,,,,,,
lnr_434,434,lucas-da-silva,https://cdn.lnr.fr/joueur/434-lucas-da-silva/photo/photoFull.5130516f3d5f5fbc23b3eaab6efe1a2b3082c3df,Lucas Da Silva,Paris,SFP,FRONT_ROW,1ère ligne,2021-2022,16,607.0,37.9,9.36,,,0.26,,,,0.13,0.4,,,0.0,,,,,lnr,,,,,0.0,0.0,58.6,58.6,1.0,35,38,0,51,40,0,,50.0,→,0,[],100,0.0,1ère Ligne,1L,100,Haute,False,Moyenne,False,65,11.1,,,,,,,,,,,,0.0,,,,,,
lnr_661,661,lucas-dessaigne,https://cdn.lnr.fr/joueur/661-lucas-dessaigne/photo/photoFull.b5e9990d9a31ede8327da9bafe6aeb896ea144f3,Lucas Dessaigne,Clermont,CLR,BACK_ROW,3ème ligne,2021-2022,17,645.0,37.9,14.51,,,0.37,,,,0.12,0.5,,,1.24,,,,,lnr,23.0,188.0,96.0,France,95.91836734693877,76.8,74.4,77.2,1.0,27,50,89,89,42,87,,80.8,↗,5,"[88.9, 80.0, 100, 68.7, 66.4]",100,-0.16,3ème Ligne,3L,100,Haute,False,Moyenne,False,1,100.0,,,,,,,,,,,,0.0,,,,,,
lnr_2025,2025,lucas-velarte,https://cdn.lnr.fr/joueur/2025-lucas-velarte/photo/photoFull.b817331ae7e7f540e8505004318a8073270e5d10,Lucas Velarte,Perpignan,PER,FRONT_ROW,1ère ligne,2021-2022,22,823.0,37.4,12.15,,,1.36,,,,0.1,0.29,,,0.97,,,,,lnr,23.0,185.0,108.0,France,94.3877551020408,86.4,85.1,81.1,1.0,27,28,45,81,70,86,,42.5,↘,5,"[80.5, 54.3, 54.3, 41.2, 42.2]",100,-0.16,1ère Ligne,1L,100,Haute,False,Bonne,False,3,97.2,,,,,,,,,,,,0.0,,,,,,
lnr_1929,1929,luke-whitelock,https://cdn.lnr.fr/joueur/1929-luke-whitelock/photo/photoFull.bf4a801945c52387138b3325d9dd3bcf510292ab,Luke Whitelock,Pau,PAU,BACK_ROW,3ème ligne,2021-2022,11,869.0,79.0,7.73,,,0.37,,,,0.09,0.18,,,0.0,,,,,lnr,31.0,193.0,112.0,Nouvelle Zélande,98.46938775510203,89.60000000000001,60.9,62.1,1.0,20,18,0,14,42,96,,41.8,↗,5,"[51.3, 51.3, 100, 37.0, 22.4]",100,2.0,3ème Ligne,3L,100,Haute,False,Bonne,False,25,20.0,,,,,,,,,,,,0.0,,,,,,
lnr_1831,1831,moses-eneliko-alo-emile,https://cdn.lnr.fr/joueur/1831-moses-eneliko-alo-emile/photo/photoFull.eb7c8a121d72a5469d4eb6f17a32ea8cc568bf6c,M. Alo Emile,Paris,SFP,FRONT_ROW,1ère ligne,2021-2022,20,924.0,46.2,6.23,,,0.35,,,,0.0,0.17,,,0.43,,,,,lnr,22.0,187.0,125.0,Australie,95.40816326530611,100.0,63.5,64.9,1.0,0,16,20,18,43,96,,51.7,↗,5,"[66.7, 31.4, 40.9, 52.9, 83.0]",100,-0.67,1ère Ligne,1L,100,Haute,False,Bonne,False,56,23.6,,,,,,,,,,,,0.0,,,,,,
lnr_1012,1012,martin-alonso-munoz,https://cdn.lnr.fr/joueur/1012-martin-alonso-munoz/photo/photoFull.fb26dc620384a6249e4f25079e745b2cf06fe9f6,M. Alonso Muñoz,La Rochelle,LRO,CENTRE,Centre,2021-2022,4,143.0,35.8,2.8,,,0.0,,,,1.12,0.0,,,0.0,,,,,lnr,,,,,0.0,0.0,58.1,64.0,0.5,100,0,0,1,30,0,,50.0,→,0,[],100,0.0,Centre,CTR,50,Basse,True,Basse,True,13,55.4,,,,,,,,,,,,0.0,,,,,,
lnr_1787,1787,mathieu-de-giovanni,https://cdn.lnr.fr/joueur/1787-mathieu-de-giovanni/photo/photoFull.fa741145527d67f0373a3b7f544c55452bd2af8a,M. De Giovanni,Paris,SFP,BACK_ROW,3ème ligne,2021-2022,18,575.0,31.9,11.69,,,0.28,,,,0.0,0.14,,,0.0,,,,,lnr,,,,,0.0,0.0,58.6,61.5,0.75,0,14,0,58,39,0,,50.0,→,0,[],100,0.0,3ème Ligne,3L,75,Haute,False,Moyenne,False,26,16.7,,,,,,,,,,,,0.0,,,,,,
lnr_1123,1123,mickael-guillard,https://cdn.lnr.fr/joueur/1123-mickael-guillard/photo/photoFull.eff1aa9b4a9f2b351be13ae3eed38b31d19c422e,M. Guillard,Lyon,LOU,LOCK,2ème ligne,2021-2022,8,319.0,39.9,10.03,,,0.5,,,,0.0,0.5,,,0.0,,,,,lnr,21.0,197.0,113.0,France,100.0,90.4,74.6,71.7,0.75,0,36,0,57,52,98,,44.3,↘,5,"[100, 32.1, 66.5, 38.6, 39.2]",100,-1.03,2ème Ligne,2L,75,Haute,False,Basse,False,9,76.5,,,,,,,,,,,,0.0,,,,,,
lnr_1025,1025,matthias-haddad,https://cdn.lnr.fr/joueur/1025-matthias-haddad/photo/photoFull.01e7e4177db166b370a81655ed844dbb271b4fe2,M. Haddad,La Rochelle,LRO,BACK_ROW,3ème ligne,2021-2022,12,468.0,39.0,11.62,,,0.17,,,,0.51,1.2,,,0.0,,,,,lnr,21.0,192.0,99.0,France,97.95918367346938,79.2,71.9,69.8,0.75,100,100,0,57,35,89,,42.8,→,5,"[74.9, 22.9, 32.7, 38.5, 68.1]",100,-1.03,3ème Ligne,3L,75,Haute,False,Moyenne,False,11,66.7,,,,,,,,,,,,0.0,,,,,,
lnr_2384,2384,matthias-halagahu,https://cdn.lnr.fr/joueur/2384-matthias-halagahu/photo/photoFull.26dec662e84c737005260a65b33966bd7438db17,M. Halagahu,Toulon,TLN,LOCK,2ème ligne,2021-2022,4,123.0,30.8,7.8,,,0.65,,,,0.0,0.65,,,0.0,,,,,lnr,20.0,194.0,122.0,France,98.9795918367347,97.6,70.3,75.4,0.5,0,46,0,29,58,98,,100.0,→,3,"[100, 100, 90.0]",100,-1.25,2ème Ligne,2L,50,Basse,True,Basse,True,2,97.1,,,,,,,,,,,,0.0,,,,,,
lnr_1441,1441,marco-tauleigne,https://cdn.lnr.fr/joueur/1441-marco-tauleigne/photo/photoFull.4cb2a4ab19ab443ff7739b68884b2f51b78c1bab,Marco Tauleigne,Montpellier,MHR,BACK_ROW,3ème ligne,2021-2022,13,421.0,32.4,7.6,,,0.76,,,,0.38,0.38,,,2.85,,,,,lnr,28.0,191.0,115.0,France,97.44897959183672,92.0,71.0,69.9,0.75,84,38,100,13,54,98,,33.9,↘,5,"[62.3, 62.1, 9.2, 49.7, 30.8]",100,2.96,3ème Ligne,3L,75,Haute,False,Moyenne,False,10,70.0,,,,,,,,,,,,0.0,,,,,,
lnr_1745,1745,marcos-kremer,https://cdn.lnr.fr/joueur/1745-marcos-kremer/photo/photoFull.b5e9990d9a31ede8327da9bafe6aeb896ea144f3,Marcos Kremer,Paris,SFP,BACK_ROW,3ème ligne,2021-2022,15,962.0,64.1,13.47,,,0.58,,,,0.08,0.0,,,0.42,,,,,lnr,24.0,195.0,110.0,Argentine,99.48979591836736,88.0,71.9,70.8,1.0,18,0,30,77,48,96,,42.9,↘,5,"[36.7, 100, 40.1, 33.7, 50.4]",100,0.5,3ème Ligne,3L,100,Haute,False,Bonne,False,9,73.3,61.9,Argentine,106.0,cluster_1,58.1,50.7,50.0,85.5,69.4,51.2,85.2,0.0,,,,,,
lnr_2495,2495,martin-page-relo,https://cdn.lnr.fr/joueur/2495-martin-page-relo/photo/photoFull.9db3e1c64b0fa647759e691550b9e8351884f243,Martin Page Relo,Toulouse,TLS,SCRUM_HALF,Demi de mêlée,2021-2022,11,266.0,24.2,5.11,,,0.0,,,,0.3,0.9,,,2.11,,,,,lnr,23.0,173.0,77.0,France,88.26530612244898,61.6,69.0,64.5,0.6,57,77,25,28,30,86,2.11,9.0,↘,5,"[16.2, 20.1, 6.5, 0, 11.4]",100,-0.16,Demi de mêlée,9,60,Moyenne,True,Basse,False,13,40.0,,,,,,,,,,,,0.0,,,,,,
lnr_11027,11027,mateo-garcia,https://cdn.lnr.fr/joueur/11027-mateo-garcia/photo/photoFull.26dec662e84c737005260a65b33966bd7438db17,Mateo Garcia,Bordeaux,BOR,FLY_HALF,Demi d'ouverture,2021-2022,11,197.0,17.9,7.31,,,0.0,,,,0.81,1.62,,,7.31,,,,,lnr,19.0,174.0,83.0,France,88.77551020408163,66.4,78.6,69.5,0.6,84,92,66,88,30,90,7.31,17.3,↘,5,"[36.2, 13.7, 9.2, 15.1, 21.6]",100,-1.38,Ouvreur,10,60,Moyenne,True,Basse,False,2,92.9,,,,,,,,,,,,0.0,,,,,,
lnr_1913,1913,mathias-colombet,https://cdn.lnr.fr/joueur/1913-mathias-colombet/photo/photoFull.6fc701688372b38c2cd93e972d93fc323ab7f457,Mathias Colombet,Pau,PAU,WINGER,Ailier,2021-2022,16,812.0,50.8,4.93,,,0.1,,,,0.3,0.59,,,0.99,,,,,lnr,,,,,0.0,0.0,61.6,61.6,1.0,26,56,28,60,34,0,0.99,50.0,→,0,[],100,0.0,Ailier,AIL,100,Haute,False,Bonne,False,14,23.5,,,,,,,,,,,,0.0,,,,,,
lnr_599,599,mathieu-babillot,https://cdn.lnr.fr/joueur/599-mathieu-babillot/photo/photoFull.50e0d211418fb8267083232d5e5561b6e88fe79f,Mathieu Babillot,Castres,CAS,BACK_ROW,3ème ligne,2021-2022,15,934.0,62.3,7.71,,,1.03,,,,0.17,0.26,,,0.0,,,,,lnr,28.0,190.0,110.0,France,96.93877551020408,88.0,72.3,71.5,1.0,38,26,0,14,62,95,,42.2,→,5,"[26.0, 55.7, 47.8, 45.0, 54.6]",100,2.96,3ème Ligne,3L,100,Haute,False,Bonne,False,8,76.7,71.7,France,7.0,cluster_1,73.2,54.6,50.0,93.4,80.3,58.3,92.4,0.0,,,,,,
lnr_2361,2361,mathieu-smaili,https://cdn.lnr.fr/joueur/2361-mathieu-smaili/photo/photoFull.2eaacbd11c12f10f571df4cbac07c560d1665acd,Mathieu Smaili,Toulon,TLN,CENTRE,Centre,2021-2022,7,210.0,30.0,7.62,,,0.38,,,,0.0,0.0,,,0.0,,,,,lnr,22.0,180.0,92.0,France,91.83673469387756,73.6,63.2,62.6,0.6,0,0,0,75,60,85,,19.1,↗,5,"[24.9, 9.2, 22.9, 21.0, 21.2]",100,-0.67,Centre,CTR,60,Moyenne,True,Basse,False,20,32.1,,,,,,,,,,,,0.0,,,,,,
lnr_2342,2342,mathieu-tanguy,https://cdn.lnr.fr/joueur/2342-mathieu-tanguy/photo/photoFull.746d583d9f8a2aa9c322b15ebadc8acc096151d2,Mathieu Tanguy,La Rochelle,LRO,LOCK,2ème ligne,2021-2022,7,229.0,32.7,6.29,,,0.35,,,,0.0,0.0,,,0.0,,,,,lnr,25.0,195.0,107.0,France,99.48979591836736,85.6,61.8,64.7,0.6,0,0,0,11,45,96,,33.4,↘,5,"[45.1, 45.2, 24.6, 24.6, 49.1]",100,1.26,2ème Ligne,2L,60,Moyenne,True,Basse,False,20,44.1,,,,,,,,,,,,0.0,,,,,,
lnr_1977,1977,matteo-rodor,https://cdn.lnr.fr/joueur/1977-matteo-rodor/photo/photoFull.d303b4e754d5628447799261cf17492ebc23d137,Matteo Rodor,Perpignan,PER,SCRUM_HALF,Demi de mêlée,2021-2022,17,598.0,35.2,5.22,,,0.13,,,,0.13,0.4,,,2.41,,,,,lnr,,,,,0.0,0.0,57.7,60.7,0.75,25,20,28,30,46,0,2.41,50.0,→,0,[],100,0.0,Demi de mêlée,9,75,Haute,False,Moyenne,False,17,20.0,,,,,,,,,,,,0.0,,,,,,
lnr_339,339,matthieu-jalibert,https://cdn.lnr.fr/joueur/339-matthieu-jalibert/photo/photoFull.9db3e1c64b0fa647759e691550b9e8351884f243,Matthieu Jalibert,Bordeaux,BOR,FLY_HALF,Demi d'ouverture,2021-2022,15,900.0,60.0,5.16,,,0.0,,,,1.24,1.42,,,10.49,,,,,lnr,23.0,184.0,84.0,France,93.87755102040816,67.2,80.1,77.3,1.0,100,81,94,53,30,93,10.49,34.5,↗,5,"[26.2, 25.5, 53.5, 24.0, 50.6]",100,-0.16,Ouvreur,10,100,Haute,False,Bonne,False,1,100.0,86.0,France,23.0,cluster_1,80.6,87.2,84.4,85.0,88.5,82.1,93.7,1.1,,,,,,
lnr_2383,2383,matteo-le-corvec,https://cdn.lnr.fr/joueur/2383-matteo-le-corvec/photo/photoFull.b817331ae7e7f540e8505004318a8073270e5d10,Mattéo Le Corvec,Toulon,TLN,BACK_ROW,3ème ligne,2021-2022,2,44.0,22.0,20.0,,,0.0,,,,0.0,0.0,,,0.0,,,,,lnr,21.0,192.0,111.0,France,97.95918367346938,88.8,65.8,66.3,0.5,0,0,0,100,30,96,,38.4,↘,5,"[59.2, 72.5, 46.9, 9.4, 53.3]",100,-1.03,3ème Ligne,3L,50,Basse,True,Basse,True,19,40.0,,,,,,,,,,,,0.0,,,,,,
lnr_2198,2198,max-spring,https://cdn.lnr.fr/joueur/2198-max-spring/photo/photoFull.d27019f52768bff9ad76599574dced3c5044bc4f,Max Spring,Racing 92,R92,FULLBACK,Arrière,2021-2022,10,759.0,75.9,1.69,,,0.0,,,,0.63,0.63,,,1.05,,,,,lnr,21.0,173.0,75.0,France,88.26530612244898,60.0,57.1,55.0,1.0,26,42,16,23,30,84,1.05,12.7,↘,5,"[36.7, 22.9, 13.7, 5.7, 7.2]",100,-1.03,Arrière,ARR,100,Haute,False,Moyenne,False,10,10.0,,,,,,,,,,,,0.0,,,,,,
lnr_2197,2197,maxime-baudonne,https://cdn.lnr.fr/joueur/2197-maxime-baudonne/photo/photoFull.d27019f52768bff9ad76599574dced3c5044bc4f,Maxime Baudonne,Racing 92,R92,BACK_ROW,3ème ligne,2021-2022,4,135.0,33.8,9.48,,,1.19,,,,0.0,0.0,,,0.0,,,,,lnr,,,,,0.0,0.0,65.8,68.7,0.5,0,0,0,34,67,0,,52.9,↘,5,"[100, 48.4, 57.2, 32.1, 75.9]",100,0.0,3ème Ligne,3L,50,Basse,True,Basse,True,14,55.0,,,,,,,,,,,,0.0,,,,,,
lnr_2640,2640,maxime-machenaud,https://cdn.lnr.fr/joueur/2640-maxime-machenaud/photo/photoFull.1d6a32f7ce4a12d423552fb50b73687ec52ba345,Maxime Machenaud,Racing 92,R92,SCRUM_HALF,Demi de mêlée,2021-2022,22,999.0,45.4,6.25,,,0.16,,,,0.08,0.24,,,13.21,,,,,lnr,33.0,174.0,87.0,France,88.77551020408163,69.6,61.4,60.8,1.0,15,1,100,53,50,93,13.21,26.5,↘,4,"[41.7, 15.1, 0, 55.9]",100,0.5,Demi de mêlée,9,100,Haute,False,Bonne,False,18,15.0,79.2,France,21.0,cluster_1,64.6,80.9,72.4,88.3,82.8,62.7,93.0,0.4200000000000003,,,,,,
lnr_2479,2479,melvyn-jaminet,https://cdn.lnr.fr/joueur/2479-melvyn-jaminet/photo/photoFull.26dec662e84c737005260a65b33966bd7438db17,Melvyn Jaminet,Perpignan,PER,FLY_HALF,Demi d'ouverture,2021-2022,13,965.0,74.2,1.82,,,0.0,,,,0.58,0.41,,,10.78,,,,,lnr,22.0,180.0,80.0,France,91.83673469387756,64.0,64.4,61.4,1.0,60,23,97,0,30,91,10.78,9.9,↗,5,"[9.2, 0, 15.9, 3.8, 13.2]",100,-0.67,Ouvreur,10,100,Haute,False,Bonne,False,10,35.7,83.1,France,13.0,cluster_1,92.1,76.5,84.2,88.6,78.2,78.8,85.5,0.8099999999999995,,,,,,
lnr_1901,1901,mickael-capelli,https://cdn.lnr.fr/joueur/1901-mickael-capelli/photo/photoFull.bf4a801945c52387138b3325d9dd3bcf510292ab,Mickael Capelli,Montpellier,MHR,LOCK,2ème ligne,2021-2022,9,335.0,37.2,11.7,,,0.0,,,,0.0,0.24,,,1.19,,,,,lnr,25.0,199.0,129.0,France,100.0,100.0,74.3,74.0,0.75,0,17,97,77,30,100,,57.3,↘,5,"[42.1, 100, 77.6, 59.2, 37.0]",100,1.26,2ème Ligne,2L,75,Haute,False,Basse,False,5,86.8,,,,,,,,,,,,0.0,,,,,,
lnr_2596,2596,nathanael-hulleu,https://cdn.lnr.fr/joueur/2596-nathanael-hulleu/photo/photoFull.50e0d211418fb8267083232d5e5561b6e88fe79f,N. Hulleu,Bordeaux,BOR,WINGER,Ailier,2021-2022,4,228.0,57.0,2.81,,,0.35,,,,0.0,0.35,,,3.51,,,,,lnr,21.0,178.0,86.0,France,90.81632653061224,68.8,55.1,58.5,0.6,0,25,100,23,45,87,3.51,18.9,→,5,"[37.8, 12.4, 25.5, 28.0, 10.1]",100,-1.03,Ailier,AIL,60,Moyenne,True,Basse,True,16,11.8,,,,,,,,,,,,0.0,,,,,,
lnr_239,239,nafitalai-owen-maafu,https://cdn.lnr.fr/joueur/239-nafitalai-owen-maafu/photo/photoFull.28a7076c5091624b9d043c9f795307457230f77f,N. Maafu,Perpignan,PER,LOCK,2ème ligne,2021-2022,3,87.0,29.0,7.36,,,0.0,,,,0.0,0.92,,,0.0,,,,,lnr,23.0,,110.0,Etats-Unis,0.0,88.0,51.0,61.3,0.5,0,65,0,24,30,13,,41.8,↘,5,"[77.9, 47.8, 50.4, 56.3, 34.2]",100,-0.16,2ème Ligne,2L,50,Basse,True,Basse,True,25,29.4,,,,,,,,,,,,0.0,,,,,,
lnr_1784,1784,nemo-gunther-roelofse,https://cdn.lnr.fr/joueur/1784-nemo-gunther-roelofse/photo/photoFull.746d583d9f8a2aa9c322b15ebadc8acc096151d2,N. Roelofse,Paris,SFP,FRONT_ROW,1ère ligne,2021-2022,17,605.0,35.6,8.2,,,1.19,,,,0.0,0.26,,,0.0,,,,,lnr,26.0,182.0,120.0,Afrique du Sud,92.85714285714286,96.0,78.7,73.4,1.0,0,25,0,39,70,93,,17.4,↘,5,"[10.7, 50.4, 30.9, 28.6, 0]",100,2.0,1ère Ligne,1L,100,Haute,False,Moyenne,False,17,77.1,,,,,,,,,,,,0.0,,,,,,
lnr_1902,1902,nathan-decron,https://cdn.lnr.fr/joueur/1902-nathan-decron/photo/photoFull.bf4a801945c52387138b3325d9dd3bcf510292ab,Nathan Decron,Pau,PAU,CENTRE,Centre,2021-2022,13,825.0,63.5,6.69,,,0.29,,,,0.48,0.68,,,0.0,,,,,lnr,24.0,184.0,96.0,France,93.87755102040816,76.8,73.1,72.8,1.0,46,41,0,61,53,88,,51.5,→,5,"[80.2, 64.8, 64.8, 36.7, 67.2]",100,0.5,Centre,CTR,100,Haute,False,Bonne,False,4,89.3,,,,,,,,,,,,0.0,,,,,,
lnr_2502,2502,nelson-epee,https://cdn.lnr.fr/joueur/2502-nelson-epee/photo/photoFull.7ca2942712296b23bc0c05ee5ba8a7306bef7b5e,Nelson Epee,Toulouse,TLS,WINGER,Ailier,2021-2022,5,253.0,50.6,7.59,,,0.32,,,,0.95,0.32,,,1.58,,,,,lnr,,,,,0.0,0.0,75.9,74.6,0.6,83,21,45,100,44,0,1.58,64.4,→,1,[75.7],100,0.0,Ailier,AIL,60,Moyenne,True,Basse,False,2,94.1,,,,,,,,,,,,0.0,,,,,,
lnr_2196,2196,nolann-le-garrec,https://cdn.lnr.fr/joueur/2196-nolann-le-garrec/photo/photoFull.7cb6d3e8fb1a9ef473f9440830017cd30be5f626,Nolann Le Garrec,Racing 92,R92,SCRUM_HALF,Demi de mêlée,2021-2022,16,731.0,45.7,7.0,,,0.11,,,,0.33,0.98,,,8.32,,,,,lnr,19.0,175.0,75.0,France,89.28571428571429,60.0,79.2,75.6,1.0,63,86,97,70,44,85,8.32,37.5,↗,5,"[44.7, 23.1, 30.1, 32.1, 62.9]",100,-1.38,Demi de mêlée,9,100,Haute,False,Moyenne,False,4,85.0,,,,,,,,,,,,0.0,,,,,,
lnr_2167,2167,olivier-klemenczak,https://cdn.lnr.fr/joueur/2167-olivier-klemenczak/photo/photoFull.bf4a801945c52387138b3325d9dd3bcf510292ab,O. Klemenczak,Racing 92,R92,CENTRE,Centre,2021-2022,17,938.0,55.2,6.14,,,0.0,,,,0.6,0.94,,,1.28,,,,,lnr,,,,,0.0,0.0,64.7,63.8,1.0,58,56,41,52,30,0,,34.0,→,1,[38.6],100,0.0,Centre,CTR,100,Haute,False,Bonne,False,15,50.0,,,,,,,,,,,,0.0,,,,,,
lnr_2460,2460,pierre-louis-barassi,https://cdn.lnr.fr/joueur/2460-pierre-louis-barassi/photo/photoFull.a2503fca1a2646233602741328f9c3f7893fa1e1,P. Barassi,Lyon,LOU,CENTRE,Centre,2021-2022,14,822.0,58.7,5.26,,,0.19,,,,0.58,1.07,,,1.46,,,,,lnr,23.0,187.0,99.0,France,95.40816326530611,79.2,72.4,69.4,1.0,56,64,47,39,45,91,,29.0,↗,5,"[0, 22.5, 16.4, 50.1, 40.3]",100,-0.16,Centre,CTR,100,Haute,False,Bonne,False,7,78.6,,,,,,,,,,,,0.0,,,,,,
lnr_287,287,pablo-dimcheff,https://cdn.lnr.fr/joueur/287-pablo-dimcheff/photo/photoFull.fb26dc620384a6249e4f25079e745b2cf06fe9f6,Pablo Dimcheff,Bordeaux,BOR,FRONT_ROW,1ère ligne,2021-2022,3,70.0,23.3,14.86,,,1.14,,,,0.0,1.14,,,0.0,,,,,lnr,,,,,0.0,0.0,80.5,75.2,0.5,0,100,0,100,70,0,,50.0,→,0,[],100,0.0,1ère Ligne,1L,50,Basse,True,Basse,True,10,87.5,,,,,,,,,,,,0.0,,,,,,
lnr_313,313,pablo-uberti,https://cdn.lnr.fr/joueur/313-pablo-uberti/photo/photoFull.9db3e1c64b0fa647759e691550b9e8351884f243,Pablo Uberti,Bordeaux,BOR,CENTRE,Centre,2021-2022,1,62.0,62.0,5.16,,,0.0,,,,0.0,2.58,,,0.0,,,,,lnr,,,,,0.0,0.0,59.5,63.3,0.5,0,100,0,37,30,0,,29.8,↗,5,"[17.8, 33.4, 46.5, 50.9, 18.3]",100,0.0,Centre,CTR,50,Basse,True,Basse,True,18,39.3,,,,,,,,,,,,0.0,,,,,,
lnr_1103,1103,patrick-sobela,https://cdn.lnr.fr/joueur/1103-patrick-sobela/photo/photoFull.746d583d9f8a2aa9c322b15ebadc8acc096151d2,Patrick Sobela,Lyon,LOU,BACK_ROW,3ème ligne,2021-2022,13,772.0,59.4,8.6,,,1.35,,,,0.0,0.83,,,0.52,,,,,lnr,,,,,0.0,0.0,72.8,72.8,1.0,0,83,37,24,70,0,,50.0,→,0,[],100,0.0,3ème Ligne,3L,100,Haute,False,Moyenne,False,4,90.0,,,,,,,,,,,,0.0,,,,,,
lnr_1802,1802,paul-alo-emile,https://cdn.lnr.fr/joueur/1802-paul-alo-emile/photo/photoFull.0d105085f705532550693973c5545a1d4e020463,Paul Alo Emile,Paris,SFP,FRONT_ROW,1ère ligne,2021-2022,12,566.0,47.2,7.92,,,0.14,,,,0.0,0.14,,,0.0,,,,,lnr,30.0,180.0,132.0,Australie,91.83673469387756,100.0,68.9,70.7,0.75,0,13,0,36,35,98,,53.0,↗,5,"[66.8, 60.1, 100, 58.0, 39.4]",100,2.61,1ère Ligne,1L,75,Haute,False,Moyenne,False,29,61.1,,,,,,,,,,,,0.0,,,,,,
lnr_1017,1017,paul-boudehent,https://cdn.lnr.fr/joueur/1017-paul-boudehent/photo/photoFull.7cb6d3e8fb1a9ef473f9440830017cd30be5f626,Paul Boudehent,La Rochelle,LRO,BACK_ROW,3ème ligne,2021-2022,17,848.0,49.9,8.68,,,0.09,,,,0.19,0.28,,,0.47,,,,,lnr,22.0,192.0,107.0,France,97.95918367346938,85.6,57.4,58.5,1.0,42,28,34,25,33,93,,39.0,↘,5,"[85.0, 44.5, 67.0, 22.9, 39.3]",100,-0.67,3ème Ligne,3L,100,Haute,False,Bonne,False,30,3.3,,,,,,,,,,,,0.0,,,,,,
lnr_687,687,paul-jedrasiak,https://cdn.lnr.fr/joueur/687-paul-jedrasiak/photo/photoFull.50e0d211418fb8267083232d5e5561b6e88fe79f,Paul Jedrasiak,Clermont,CLR,LOCK,2ème ligne,2021-2022,19,770.0,40.5,8.83,,,0.1,,,,0.1,0.52,,,0.52,,,,,lnr,29.0,,121.0,France,0.0,96.8,59.0,61.7,1.0,29,37,43,42,34,14,,46.8,↗,5,"[11.8, 50.0, 45.6, 60.9, 65.3]",100,2.96,2ème Ligne,2L,100,Haute,False,Moyenne,False,23,33.8,77.7,France,10.0,cluster_1,73.3,76.2,50.0,84.1,79.4,61.0,82.4,0.2700000000000003,,,,,,
lnr_2485,2485,paul-mallez,https://cdn.lnr.fr/joueur/2485-paul-mallez/photo/photoFull.a2503fca1a2646233602741328f9c3f7893fa1e1,Paul Mallez,Toulouse,TLS,FRONT_ROW,1ère ligne,2021-2022,7,172.0,24.6,7.91,,,0.93,,,,0.0,0.0,,,0.0,,,,,lnr,21.0,180.0,116.0,France,91.83673469387756,92.8,71.5,71.1,0.6,0,0,0,36,65,90,,57.9,↗,5,"[36.3, 23.6, 39.4, 44.3, 100]",100,-1.03,1ère Ligne,1L,60,Moyenne,True,Basse,False,25,66.0,,,,,,,,,,,,0.0,,,,,,
lnr_1094,1094,paulo-tafili,https://cdn.lnr.fr/joueur/1094-paulo-tafili/photo/photoFull.c13853c24f9a438203d2dc57b45e48161a549ae5,Paulo Tafili,Toulouse,TLS,FRONT_ROW,1ère ligne,2021-2022,12,438.0,36.5,3.84,,,0.18,,,,0.0,0.37,,,0.0,,,,,lnr,,,,,0.0,0.0,45.6,51.7,0.75,0,36,0,0,37,0,,50.0,→,0,[],100,0.0,1ère Ligne,1L,75,Haute,False,Moyenne,False,71,2.8,,,,,,,,,,,,0.0,,,,,,
lnr_2461,2461,peato-mauvaka,https://cdn.lnr.fr/joueur/2461-peato-mauvaka/photo/photoFull.a2503fca1a2646233602741328f9c3f7893fa1e1,Peato Mauvaka,Toulouse,TLS,FRONT_ROW,1ère ligne,2021-2022,18,767.0,42.6,6.99,,,0.31,,,,0.52,0.83,,,2.09,,,,,lnr,25.0,184.0,112.0,France,93.87755102040816,89.60000000000001,72.1,74.8,1.0,100,80,98,26,42,88,,74.1,↗,4,"[62.8, 61.9, 95.7, 100]",100,1.26,1ère Ligne,1L,100,Haute,False,Moyenne,False,12,84.0,73.1,France,20.0,cluster_1,69.6,57.6,50.0,92.4,70.7,75.9,83.3,0.0,,,,,,
lnr_679,679,peceli-yato,https://cdn.lnr.fr/joueur/679-peceli-yato/photo/photoFull.746d583d9f8a2aa9c322b15ebadc8acc096151d2,Peceli Yato,Clermont,CLR,BACK_ROW,3ème ligne,2021-2022,6,276.0,46.0,5.51,,,0.87,,,,0.29,0.87,,,1.45,,,,,lnr,29.0,196.0,105.0,Fidji,100.0,84.0,73.5,72.5,0.6,64,87,100,0,57,93,,43.8,↘,5,"[36.3, 36.3, 63.1, 44.8, 56.7]",100,2.96,3ème Ligne,3L,60,Moyenne,True,Basse,False,5,86.7,,,,,,,,,,,,0.0,,,,,,
lnr_279,279,pierre-bochaton,https://cdn.lnr.fr/joueur/279-pierre-bochaton/photo/photoFull.9db3e1c64b0fa647759e691550b9e8351884f243,Pierre Bochaton,Bordeaux,BOR,LOCK,2ème ligne,2021-2022,8,507.0,63.4,11.52,,,0.16,,,,0.16,0.32,,,0.0,,,,,lnr,20.0,197.0,103.0,France,100.0,82.39999999999999,75.0,72.1,0.75,46,23,0,75,37,96,,46.0,↗,5,"[54.3, 35.4, 58.0, 51.8, 57.6]",100,-1.25,2ème Ligne,2L,75,Haute,False,Moyenne,False,8,79.4,,,,,,,,,,,,0.0,,,,,,
lnr_974,974,pierre-boudehent,https://cdn.lnr.fr/joueur/974-pierre-boudehent/photo/photoFull.55223152d2bdf719adae33c3f4ef18c348eed132,Pierre Boudehent,La Rochelle,LRO,FLY_HALF,Demi d'ouverture,2021-2022,12,483.0,40.2,5.3,,,0.17,,,,0.5,0.17,,,0.83,,,,,lnr,,,,,0.0,0.0,63.6,65.2,0.75,52,10,7,55,70,0,0.83,50.0,→,0,[],100,0.0,Ouvreur,10,75,Haute,False,Moyenne,False,5,71.4,,,,,,,,,,,,0.0,,,,,,
lnr_2456,2456,pierre-fouyssac,https://cdn.lnr.fr/joueur/2456-pierre-fouyssac/photo/photoFull.b5e9990d9a31ede8327da9bafe6aeb896ea144f3,Pierre Fouyssac,Toulouse,TLS,WINGER,Ailier,2021-2022,8,455.0,56.9,7.21,,,0.35,,,,0.18,1.05,,,1.76,,,,,lnr,27.0,189.0,101.0,France,96.42857142857144,80.80000000000001,72.5,70.7,0.75,16,100,50,99,45,96,1.76,34.3,↘,4,"[57.8, 39.3, 33.3, 36.3]",100,2.61,Ailier,AIL,75,Haute,False,Moyenne,False,6,70.6,,,,,,,,,,,,0.0,,,,,,
lnr_1415,1415,pierre-lucas,https://cdn.lnr.fr/joueur/1415-pierre-lucas/photo/photoFull.63f02d5f7b00d1429cb1de8aa98d311d3cf445ea,Pierre Lucas,Montpellier,MHR,CENTRE,Centre,2021-2022,16,611.0,38.2,5.76,,,0.13,,,,0.52,0.26,,,1.31,,,,,lnr,,,,,0.0,0.0,60.3,60.3,1.0,50,16,42,47,40,0,,50.0,→,0,[],100,0.0,Centre,CTR,100,Haute,False,Moyenne,False,24,17.9,,,,,,,,,,,,0.0,,,,,,
lnr_990,990,pierre-popelin,https://cdn.lnr.fr/joueur/990-pierre-popelin/photo/photoFull.86467e8a06c363e5a424f16ec190ee71bb293d95,Pierre Popelin,La Rochelle,LRO,FULLBACK,Arrière,2021-2022,21,973.0,46.3,3.45,,,0.08,,,,0.25,1.07,,,7.4,,,,,lnr,26.0,181.0,87.0,France,92.3469387755102,69.6,74.6,69.4,1.0,0,71,100,68,35,91,7.4,10.7,→,5,"[0, 25.5, 16.2, 5.9, 8.0]",100,2.0,Arrière,ARR,100,Haute,False,Bonne,False,2,90.0,,,,,,,,,,,,0.0,,,,,,
lnr_986,986,quentin-lespiaucq,https://cdn.lnr.fr/joueur/986-quentin-lespiaucq/photo/photoFull.7cb6d3e8fb1a9ef473f9440830017cd30be5f626,Quentin Lespiaucq,Pau,PAU,FRONT_ROW,1ère ligne,2021-2022,10,319.0,31.9,8.53,,,0.25,,,,0.0,1.0,,,0.0,,,,,lnr,27.0,180.0,102.0,France,91.83673469387756,81.6,73.1,71.1,0.75,0,96,0,43,39,81,,35.0,↗,5,"[19.1, 47.8, 11.7, 38.6, 56.5]",100,2.61,1ère Ligne,1L,75,Haute,False,Basse,False,25,66.0,,,,,,,,,,,,0.0,,,,,,
lnr_592,592,quentin-walcker,https://cdn.lnr.fr/joueur/592-quentin-walcker/photo/photoFull.50e0d211418fb8267083232d5e5561b6e88fe79f,Quentin Walcker,Castres,CAS,FRONT_ROW,1ère ligne,2021-2022,20,866.0,43.3,8.68,,,0.18,,,,0.0,0.09,,,0.0,,,,,lnr,26.0,181.0,109.0,France,92.3469387755102,87.2,67.6,67.4,1.0,0,9,0,44,37,86,,40.7,↗,5,"[27.0, 26.0, 62.6, 46.9, 50.8]",100,2.0,1ère Ligne,1L,100,Haute,False,Bonne,False,44,40.3,,,,,,,,,,,,0.0,,,,,,
lnr_2499,2499,richard-tamanui-arnold,https://cdn.lnr.fr/joueur/2499-richard-tamanui-arnold/photo/photoFull.58e6e4b7761b3420a57c37233cfce5ad6a1e7fad,R. Arnold,Toulouse,TLS,LOCK,2ème ligne,2021-2022,15,694.0,46.3,10.49,,,0.0,,,,0.35,0.0,,,0.58,,,,,lnr,,,,,0.0,0.0,59.5,59.5,1.0,100,0,47,62,30,0,,50.0,→,0,[],100,0.0,2ème Ligne,2L,100,Haute,False,Moyenne,False,28,20.6,71.7,Australie,48.0,cluster_1,63.2,57.2,50.0,87.4,74.9,55.3,84.6,0.0,,,,,,
lnr_1093,1093,romain-taofifenua,https://cdn.lnr.fr/joueur/1093-romain-taofifenua/photo/photoFull.8b942e992ebb42fdd1ca819c8cb833427c776cef,R. Taofifenua,Lyon,LOU,LOCK,2ème ligne,2021-2022,15,948.0,63.2,5.57,,,0.34,,,,0.08,1.35,,,0.0,,,,,lnr,31.0,,138.0,France,0.0,100.0,54.9,56.0,1.0,23,96,0,2,45,15,,30.6,→,5,"[36.8, 36.2, 20.3, 23.1, 47.8]",100,2.0,2ème Ligne,2L,100,Haute,False,Bonne,False,33,5.9,73.1,France,35.0,cluster_1,66.2,74.1,50.0,90.6,69.4,62.7,85.2,0.0,,,,,,
lnr_2381,2381,rayan-rebbadj,https://cdn.lnr.fr/joueur/2381-rayan-rebbadj/photo/photoFull.26dec662e84c737005260a65b33966bd7438db17,Rayan Rebbadj,Toulon,TLN,CENTRE,Centre,2021-2022,2,158.0,79.0,5.06,,,0.51,,,,0.0,0.51,,,0.0,,,,,lnr,22.0,190.0,93.0,France,96.93877551020408,74.4,64.4,63.6,0.6,0,30,0,36,70,87,,22.6,↘,4,"[36.8, 5.9, 0, 47.1]",100,-0.67,Centre,CTR,60,Moyenne,True,Basse,True,17,42.9,,,,,,,,,,,,0.0,,,,,,
lnr_1000,1000,reda-wardi,https://cdn.lnr.fr/joueur/1000-reda-wardi/photo/photoFull.7cb6d3e8fb1a9ef473f9440830017cd30be5f626,Reda Wardi,La Rochelle,LRO,FRONT_ROW,1ère ligne,2021-2022,16,676.0,42.2,7.22,,,0.59,,,,0.12,0.12,,,0.0,,,,,lnr,26.0,185.0,110.0,France,94.3877551020408,88.0,70.1,71.7,1.0,32,12,0,28,52,87,,60.3,↗,5,"[60.9, 44.5, 38.0, 83.7, 88.9]",100,2.0,1ère Ligne,1L,100,Haute,False,Moyenne,False,22,70.8,,,,,,,,,,,,0.0,,,,,,
lnr_1940,1940,reece-hewat,https://cdn.lnr.fr/joueur/1940-reece-hewat/photo/photoFull.b948a9307d0771aeee5c40d614c45938eb2eb700,Reece Hewat,Pau,PAU,BACK_ROW,3ème ligne,2021-2022,17,752.0,44.2,11.49,,,0.11,,,,0.21,0.43,,,1.06,,,,,lnr,24.0,191.0,106.0,Australie,97.44897959183672,84.8,65.9,65.4,1.0,47,43,76,56,33,93,,38.2,↗,5,"[18.3, 19.9, 19.9, 58.3, 59.3]",100,0.5,3ème Ligne,3L,100,Haute,False,Moyenne,False,22,30.0,,,,,,,,,,,,0.0,,,,,,
lnr_1635,1635,robert-rodgers,https://cdn.lnr.fr/joueur/1635-robert-rodgers/photo/photoFull.91796dce63f27923866cec5e64aa529e672065a5,Robert Rodgers,Montpellier,MHR,FRONT_ROW,1ère ligne,2021-2022,10,115.0,11.5,13.22,,,0.0,,,,0.0,0.0,,,3.48,,,,,lnr,,,,,0.0,0.0,61.0,65.5,0.5,0,0,100,93,30,0,,50.0,→,0,[],100,0.0,1ère Ligne,1L,50,Basse,True,Basse,True,52,27.8,,,,,,,,,,,,0.0,,,,,,
lnr_2266,2266,ru-hann-greyling,https://cdn.lnr.fr/joueur/2266-ru-hann-greyling/photo/photoFull.28a7076c5091624b9d043c9f795307457230f77f,Ru-hann Greyling,Montpellier,MHR,FRONT_ROW,1ère ligne,2021-2022,1,44.0,44.0,23.64,,,0.0,,,,0.0,0.0,,,0.0,,,,,lnr,22.0,181.0,108.0,Afrique du Sud,92.3469387755102,86.4,74.0,70.8,0.5,0,0,0,100,30,85,,46.9,↗,5,"[23.6, 45.4, 31.2, 76.1, 60.9]",100,-0.67,1ère Ligne,1L,50,Basse,True,Basse,True,28,62.5,,,,,,,,,,,,0.0,,,,,,
lnr_1804,1804,ryan-chapuis,https://cdn.lnr.fr/joueur/1804-ryan-chapuis/photo/photoFull.0d105085f705532550693973c5545a1d4e020463,Ryan Chapuis,Paris,SFP,BACK_ROW,3ème ligne,2021-2022,10,515.0,51.5,8.85,,,0.31,,,,0.31,0.0,,,0.78,,,,,lnr,24.0,190.0,105.0,France,96.93877551020408,84.0,60.2,64.3,0.75,69,0,56,27,40,92,,49.3,↘,5,"[47.1, 100, 57.6, 0, 82.0]",100,0.5,3ème Ligne,3L,75,Haute,False,Moyenne,False,23,26.7,,,,,,,,,,,,0.0,,,,,,
lnr_994,994,remi-picquette,https://cdn.lnr.fr/joueur/994-remi-picquette/photo/photoFull.bf4a801945c52387138b3325d9dd3bcf510292ab,Rémi Picquette,La Rochelle,LRO,LOCK,2ème ligne,2021-2022,14,761.0,54.4,7.88,,,0.53,,,,0.0,0.42,,,1.05,,,,,lnr,27.0,,117.0,France,0.0,93.6,60.1,60.0,1.0,0,30,86,30,53,14,,28.2,→,5,"[55.3, 10.1, 15.8, 37.7, 36.2]",100,2.61,2ème Ligne,2L,100,Haute,False,Moyenne,False,26,26.5,,,,,,,,,,,,0.0,,,,,,
lnr_1889,1889,remi-seneca,https://cdn.lnr.fr/joueur/1889-remi-seneca/photo/photoFull.bf4a801945c52387138b3325d9dd3bcf510292ab,Rémi Seneca,Pau,PAU,FRONT_ROW,1ère ligne,2021-2022,11,364.0,33.1,11.65,,,0.0,,,,0.22,0.22,,,1.1,,,,,lnr,27.0,185.0,113.0,France,94.3877551020408,90.4,75.8,76.7,0.75,59,21,51,76,30,89,,67.8,↗,5,"[81.0, 39.4, 83.9, 100, 56.5]",100,2.61,1ère Ligne,1L,75,Haute,False,Basse,False,8,90.3,,,,,,,,,,,,0.0,,,,,,
lnr_555,555,santiago-arata-perrone,https://cdn.lnr.fr/joueur/555-santiago-arata-perrone/photo/photoFull.bf7e6b3668f1d7c40821cbfca4c5f267bcf81dfe,S. Arata Perrone,Castres,CAS,SCRUM_HALF,Demi de mêlée,2021-2022,19,808.0,42.5,7.72,,,0.3,,,,0.5,0.69,,,1.49,,,,,lnr,25.0,174.0,75.0,Italie,88.77551020408163,60.0,84.0,78.5,1.0,96,53,17,86,67,85,1.49,25.7,↘,5,"[8.7, 73.4, 46.0, 18.0, 16.2]",100,1.26,Demi de mêlée,9,100,Haute,False,Bonne,False,1,100.0,60.2,URUG,32.0,cluster_0,50.0,50.0,50.0,77.0,100.0,56.6,88.8,0.0,,,,,,
lnr_669,669,sebastien-bezy,https://cdn.lnr.fr/joueur/669-sebastien-bezy/photo/photoFull.b5e9990d9a31ede8327da9bafe6aeb896ea144f3,S. Bezy,Clermont,CLR,SCRUM_HALF,Demi de mêlée,2021-2022,16,831.0,51.9,5.68,,,0.19,,,,0.39,0.77,,,1.93,,,,,lnr,30.0,174.0,76.0,France,88.77551020408163,60.8,77.8,73.8,1.0,74,62,23,40,54,86,1.93,25.1,↘,5,"[100, 50.4, 58.8, 9.8, 0]",100,2.61,Demi de mêlée,9,100,Haute,False,Bonne,False,8,65.0,68.2,France,8.0,cluster_1,52.1,60.8,50.0,80.4,97.6,50.7,95.1,0.0,,,,,,
lnr_2397,2397,santiago-chocobares,https://cdn.lnr.fr/joueur/2397-santiago-chocobares/photo/photoFull.a2503fca1a2646233602741328f9c3f7893fa1e1,S. Chocobares,Toulouse,TLS,CENTRE,Centre,2021-2022,5,371.0,74.2,6.9,,,0.43,,,,0.22,0.65,,,1.08,,,,,lnr,23.0,188.0,100.0,Argentine,95.91836734693877,80.0,71.5,67.7,0.75,21,39,35,64,64,91,,23.8,→,5,"[6.3, 33.9, 34.7, 19.0, 28.8]",100,-0.16,Centre,CTR,75,Haute,False,Basse,False,8,75.0,62.8,Argentine,20.0,cluster_1,58.2,57.3,50.0,87.9,90.9,54.6,94.1,0.0,,,,,,
lnr_1821,1821,sefanaia-naivalu,https://cdn.lnr.fr/joueur/1821-sefanaia-naivalu/photo/photoFull.1f75a2a9ddd89799fc877d5c192b6ffeb86f7691,S. Naivalu,Paris,SFP,WINGER,Ailier,2021-2022,10,685.0,68.5,3.15,,,0.0,,,,0.58,0.47,,,1.75,,,,,lnr,,,,,0.0,0.0,63.6,63.6,1.0,51,41,50,29,30,0,1.75,50.0,→,0,[],100,0.0,Ailier,AIL,100,Haute,False,Moyenne,False,11,41.2,65.5,Australie,19.0,cluster_1,66.5,54.6,50.0,90.3,90.8,66.6,86.3,0.0,,,,,,
lnr_86,86,sonatane-takulua,https://cdn.lnr.fr/joueur/86-sonatane-takulua/photo/photoFull.1f75a2a9ddd89799fc877d5c192b6ffeb86f7691,S. Takulua,Toulon,TLN,SCRUM_HALF,Demi de mêlée,2021-2022,2,42.0,21.0,3.81,,,0.0,,,,0.0,0.0,,,0.0,,,,,lnr,,,,,0.0,0.0,44.5,76.0,0.5,0,0,0,0,30,0,0.0,50.0,→,0,[],100,0.0,Demi de mêlée,9,50,Basse,True,Basse,True,19,10.0,85.6,TONGA,31.0,cluster_0,81.9,92.2,92.0,86.9,71.3,81.9,91.9,1.0599999999999994,,,,,,
lnr_1100,1100,sebastien-taofifenua,https://cdn.lnr.fr/joueur/1100-sebastien-taofifenua/photo/photoFull.6fc701688372b38c2cd93e972d93fc323ab7f457,S. Taofifenua,Lyon,LOU,FRONT_ROW,1ère ligne,2021-2022,17,657.0,38.6,8.28,,,0.0,,,,0.24,0.37,,,0.0,,,,,lnr,,,,,0.0,0.0,53.9,53.9,1.0,64,36,0,40,30,0,,50.0,→,0,[],100,0.0,1ère Ligne,1L,100,Haute,False,Moyenne,False,70,4.2,,,,,,,,,,,,0.0,,,,,,
lnr_1850,1850,siate-folau-tokolahi,https://cdn.lnr.fr/joueur/1850-siate-folau-tokolahi/photo/photoFull.bf4a801945c52387138b3325d9dd3bcf510292ab,S. Tokolahi,Pau,PAU,FRONT_ROW,1ère ligne,2021-2022,23,774.0,33.7,9.41,,,0.1,,,,0.0,0.21,,,0.0,,,,,lnr,30.0,179.0,123.0,Tonga,91.3265306122449,98.4,71.2,71.6,1.0,0,20,0,52,34,94,,51.4,↘,5,"[15.8, 87.1, 20.7, 45.4, 90.5]",100,2.61,1ère Ligne,1L,100,Haute,False,Moyenne,False,23,69.4,,,,,,,,,,,,0.0,,,,,,
lnr_2023,2023,sacha-lotrian,https://cdn.lnr.fr/joueur/2023-sacha-lotrian/photo/photoFull.b5e9990d9a31ede8327da9bafe6aeb896ea144f3,Sacha Lotrian,Perpignan,PER,FRONT_ROW,1ère ligne,2021-2022,22,992.0,45.1,12.98,,,0.08,,,,0.0,0.32,,,0.81,,,,,lnr,21.0,180.0,100.0,France,91.83673469387756,80.0,73.5,71.0,1.0,0,31,38,90,33,80,,36.3,↘,5,"[68.7, 33.6, 27.3, 36.2, 47.8]",100,-1.03,1ère Ligne,1L,100,Haute,False,Bonne,False,27,63.9,,,,,,,,,,,,0.0,,,,,,
lnr_1973,1973,sadek-deghmache,https://cdn.lnr.fr/joueur/1973-sadek-deghmache/photo/photoFull.63f02d5f7b00d1429cb1de8aa98d311d3cf445ea,Sadek Deghmache,Perpignan,PER,SCRUM_HALF,Demi de mêlée,2021-2022,16,682.0,42.6,8.33,,,0.12,,,,0.0,0.59,,,0.0,,,,,lnr,,,,,0.0,0.0,66.5,66.5,1.0,0,41,0,99,45,0,0.0,50.0,→,0,[],100,0.0,Demi de mêlée,9,100,Haute,False,Moyenne,False,12,45.0,,,,,,,,,,,,0.0,,,,,,
lnr_660,660,samuel-ezeala,https://cdn.lnr.fr/joueur/660-samuel-ezeala/photo/photoFull.af05d90330b88b7be458e288b68ca734babbf81c,Samuel Ezeala,Clermont,CLR,CENTRE,Centre,2021-2022,2,105.0,52.5,5.33,,,0.0,,,,0.0,0.0,,,0.0,,,,,lnr,22.0,187.0,99.0,Espagne,95.40816326530611,79.2,52.6,61.2,0.5,0,0,0,40,30,91,,38.5,↗,5,"[9.2, 67.4, 18.2, 81.7, 30.8]",100,-0.67,Centre,CTR,50,Basse,True,Basse,True,21,26.8,,,,,,,,,,,,0.0,,,,,,
lnr_979,979,samuel-lagrange,https://cdn.lnr.fr/joueur/979-samuel-lagrange/photo/photoFull.673b50508ed570af2802365a4be2390538bb645a,Samuel Lagrange,La Rochelle,LRO,FRONT_ROW,1ère ligne,2021-2022,14,286.0,20.4,8.39,,,0.0,,,,0.0,0.28,,,0.0,,,,,lnr,,,,,0.0,0.0,51.7,59.0,0.6,0,27,0,41,30,0,,50.0,→,0,[],100,0.0,1ère Ligne,1L,60,Moyenne,True,Basse,False,64,12.5,,,,,,,,,,,,0.0,,,,,,
lnr_2000,2000,shahn-eru,https://cdn.lnr.fr/joueur/2000-shahn-eru/photo/photoFull.cba60bf104e3b342ceb7eeb5d08c240acb54484b,Shahn Eru,Perpignan,PER,LOCK,2ème ligne,2021-2022,19,663.0,34.9,8.81,,,0.12,,,,0.36,0.24,,,0.6,,,,,lnr,,,,,0.0,0.0,57.1,57.1,1.0,100,17,49,42,35,0,,50.0,→,0,[],100,0.0,2ème Ligne,2L,100,Haute,False,Moyenne,False,31,11.8,,,,,,,,,,,,0.0,,,,,,
lnr_533,533,simon-meka,https://cdn.lnr.fr/joueur/533-simon-meka/photo/photoFull.50e0d211418fb8267083232d5e5561b6e88fe79f,Simon Meka,Castres,CAS,LOCK,2ème ligne,2021-2022,3,125.0,41.7,17.28,,,0.0,,,,0.0,0.64,,,0.0,,,,,lnr,22.0,193.0,110.0,France,98.46938775510203,88.0,79.2,74.2,0.5,0,46,0,100,30,96,,57.3,→,3,"[51.0, 36.7, 96.2]",100,-0.67,2ème Ligne,2L,50,Basse,True,Basse,True,4,91.2,,,,,,,,,,,,0.0,,,,,,
lnr_311,311,sipili-falatea,https://cdn.lnr.fr/joueur/311-sipili-falatea/photo/photoFull.9db3e1c64b0fa647759e691550b9e8351884f243,Sipili Falatea,Clermont,CLR,FRONT_ROW,1ère ligne,2021-2022,8,267.0,33.4,7.49,,,0.9,,,,0.0,0.9,,,0.0,,,,,lnr,24.0,183.0,115.0,France,93.36734693877553,92.0,76.8,72.7,0.6,0,86,0,31,64,90,,43.3,↗,5,"[36.2, 62.1, 91.1, 27.3, 44.7]",100,0.5,1ère Ligne,1L,60,Moyenne,True,Basse,False,19,75.0,68.6,France,11.0,cluster_1,71.7,70.1,50.0,85.1,61.6,69.2,81.5,0.0,,,,,,
lnr_1895,1895,thibault-daubagna,https://cdn.lnr.fr/joueur/1895-thibault-daubagna/photo/photoFull.bf4a801945c52387138b3325d9dd3bcf510292ab,T. Daubagna,Pau,PAU,SCRUM_HALF,Demi de mêlée,2021-2022,20,734.0,36.7,5.67,,,0.11,,,,0.22,1.09,,,0.54,,,,,lnr,27.0,177.0,83.0,France,90.3061224489796,66.4,80.8,77.6,1.0,42,98,6,40,44,91,0.54,36.6,↘,5,"[32.8, 71.3, 51.6, 21.1, 43.2]",100,2.61,Demi de mêlée,9,100,Haute,False,Moyenne,False,2,95.0,,,,,,,,,,,,0.0,,,,,,
lnr_1930,1930,thibault-debaes,https://cdn.lnr.fr/joueur/1930-thibault-debaes/photo/photoFull.55223152d2bdf719adae33c3f4ef18c348eed132,T. Debaes,Pau,PAU,FLY_HALF,Demi d'ouverture,2021-2022,9,357.0,39.7,5.38,,,0.0,,,,0.22,1.57,,,1.57,,,,,lnr,,,,,0.0,0.0,64.6,66.0,0.75,23,90,14,56,30,0,1.57,50.0,→,0,[],100,0.0,Ouvreur,10,75,Haute,False,Basse,False,4,78.6,,,,,,,,,,,,0.0,,,,,,
lnr_336,336,tani-vili,https://cdn.lnr.fr/joueur/336-tani-vili/photo/photoFull.0d105085f705532550693973c5545a1d4e020463,Tani Vili,Clermont,CLR,CENTRE,Centre,2021-2022,16,840.0,52.5,4.95,,,0.29,,,,0.38,0.38,,,1.43,,,,,lnr,21.0,187.0,109.0,France,95.40816326530611,87.2,65.5,63.7,1.0,37,23,46,34,53,97,,29.5,↗,5,"[28.8, 30.1, 47.8, 36.7, 25.3]",100,-1.03,Centre,CTR,100,Haute,False,Bonne,False,16,46.4,,,,,,,,,,,,0.0,,,,,,
lnr_1047,1047,tavite-veredamu,https://cdn.lnr.fr/joueur/1047-tavite-veredamu/photo/photoFull.14f86258177c199d0ec3ee9450197974d20d92b1,Tavite Veredamu,Lyon,LOU,BACK_ROW,3ème ligne,2021-2022,5,302.0,60.4,3.71,,,0.26,,,,1.06,0.0,,,1.32,,,,,lnr,32.0,188.0,108.0,France,95.91836734693877,86.4,56.6,60.1,0.75,100,0,95,0,38,93,,30.3,↗,5,"[39.9, 26.2, 23.8, 52.2, 27.5]",100,1.26,3ème Ligne,3L,75,Haute,False,Basse,False,29,6.7,,,,,,,,,,,,0.0,,,,,,
lnr_2373,2373,teddy-baubigny,https://cdn.lnr.fr/joueur/2373-teddy-baubigny/photo/photoFull.2eaacbd11c12f10f571df4cbac07c560d1665acd,Teddy Baubigny,Racing 92,R92,FRONT_ROW,1ère ligne,2021-2022,24,971.0,40.5,8.98,,,0.33,,,,0.08,0.16,,,0.41,,,,,lnr,23.0,184.0,118.0,France,93.87755102040816,94.4,69.8,69.1,1.0,21,15,19,47,42,92,,43.9,↗,5,"[40.4, 40.4, 37.7, 59.7, 56.5]",100,-0.16,1ère Ligne,1L,100,Haute,False,Bonne,False,35,52.8,,,,,,,,,,,,0.0,,,,,,
lnr_987,987,teddy-thomas,https://cdn.lnr.fr/joueur/987-teddy-thomas/photo/photoFull.a2503fca1a2646233602741328f9c3f7893fa1e1,Teddy Thomas,Racing 92,R92,WINGER,Ailier,2021-2022,10,681.0,68.1,2.35,,,0.0,,,,0.7,0.82,,,3.52,,,,,lnr,28.0,185.0,94.0,France,94.3877551020408,75.2,76.9,72.6,1.0,61,87,100,15,30,94,3.52,13.3,↗,5,"[0, 17.7, 24.6, 23.6, 2.2]",100,2.96,Ailier,AIL,100,Haute,False,Moyenne,False,4,82.4,84.5,France,26.0,cluster_1,92.7,81.0,50.0,83.7,78.4,95.1,95.8,0.95,,,,,,
lnr_1122,1122,theo-william,https://cdn.lnr.fr/joueur/1122-theo-william/photo/photoFull.eff1aa9b4a9f2b351be13ae3eed38b31d19c422e,Theo William,Lyon,LOU,BACK_ROW,3ème ligne,2021-2022,3,85.0,28.3,7.53,,,1.88,,,,0.0,0.0,,,0.0,,,,,lnr,,,,,0.0,0.0,63.2,68.0,0.5,0,0,0,12,70,0,,55.7,↘,5,"[85.2, 59.1, 53.0, 72.6, 62.9]",100,0.0,3ème Ligne,3L,50,Basse,True,Basse,True,16,50.0,,,,,,,,,,,,0.0,,,,,,
lnr_2405,2405,thibaud-flament,https://cdn.lnr.fr/joueur/2405-thibaud-flament/photo/photoFull.a2503fca1a2646233602741328f9c3f7893fa1e1,Thibaud Flament,Toulouse,TLS,LOCK,2ème ligne,2021-2022,19,987.0,51.9,9.16,,,0.24,,,,0.08,0.73,,,0.41,,,,,lnr,24.0,,116.0,France,0.0,92.8,60.0,60.1,1.0,23,52,34,46,40,13,,32.0,↘,5,"[39.9, 21.0, 30.9, 47.8, 34.7]",100,0.5,2ème Ligne,2L,100,Haute,False,Bonne,False,27,23.5,76.6,France,15.0,cluster_1,90.8,66.9,50.0,90.2,68.6,100.0,80.2,0.1599999999999994,,,,,,
lnr_711,711,thibaud-lanen,https://cdn.lnr.fr/joueur/711-thibaud-lanen/photo/photoFull.b5e9990d9a31ede8327da9bafe6aeb896ea144f3,Thibaud Lanen,Clermont,CLR,LOCK,2ème ligne,2021-2022,16,862.0,53.9,8.63,,,0.09,,,,0.0,0.19,,,0.46,,,,,lnr,24.0,198.0,109.0,France,100.0,87.2,65.5,67.6,1.0,0,14,38,40,34,97,,58.9,↘,5,"[24.7, 100, 70.1, 65.3, 63.3]",100,0.5,2ème Ligne,2L,100,Haute,False,Bonne,False,14,61.8,,,,,,,,,,,,0.0,,,,,,
lnr_1004,1004,thomas-berjon,https://cdn.lnr.fr/joueur/1004-thomas-berjon/photo/photoFull.7cb6d3e8fb1a9ef473f9440830017cd30be5f626,Thomas Berjon,La Rochelle,LRO,SCRUM_HALF,Demi de mêlée,2021-2022,19,612.0,32.2,6.01,,,0.0,,,,0.0,0.39,,,1.31,,,,,lnr,24.0,171.0,76.0,France,87.24489795918367,60.8,55.8,56.3,1.0,0,18,15,48,30,85,1.31,30.0,↘,5,"[44.3, 38.3, 19.3, 29.3, 39.4]",100,0.5,Demi de mêlée,9,100,Haute,False,Moyenne,False,20,5.0,,,,,,,,,,,,0.0,,,,,,
lnr_1935,1935,thomas-carol,https://cdn.lnr.fr/joueur/1935-thomas-carol/photo/photoFull.b948a9307d0771aeee5c40d614c45938eb2eb700,Thomas Carol,Pau,PAU,FULLBACK,Arrière,2021-2022,11,530.0,48.2,3.77,,,0.6,,,,0.3,0.0,,,0.0,,,,,lnr,,,,,0.0,0.0,56.9,64.0,0.75,2,0,0,76,65,0,0.0,65.3,→,1,[76.9],100,0.0,Arrière,ARR,75,Haute,False,Moyenne,False,5,60.0,,,,,,,,,,,,0.0,,,,,,
lnr_320,320,thomas-jolmes,https://cdn.lnr.fr/joueur/320-thomas-jolmes/photo/photoFull.bf4a801945c52387138b3325d9dd3bcf510292ab,Thomas Jolmes,Bordeaux,BOR,LOCK,2ème ligne,2021-2022,21,949.0,45.2,7.59,,,0.25,,,,0.17,0.51,,,0.0,,,,,lnr,26.0,,117.0,France,0.0,93.6,56.8,61.4,1.0,49,36,0,27,41,14,,63.1,↗,5,"[91.9, 36.7, 100, 100, 45.4]",100,2.0,2ème Ligne,2L,100,Haute,False,Bonne,False,23,33.8,,,,,,,,,,,,0.0,,,,,,
lnr_626,626,thomas-larregain,https://cdn.lnr.fr/joueur/626-thomas-larregain/photo/photoFull.28a7076c5091624b9d043c9f795307457230f77f,Thomas Larregain,Castres,CAS,FULLBACK,Arrière,2021-2022,2,44.0,22.0,0.0,,,0.0,,,,1.82,1.82,,,5.45,,,,,lnr,24.0,184.0,93.0,France,93.87755102040816,74.4,78.9,69.2,0.5,100,100,84,0,30,94,5.45,11.5,→,3,"[19.5, 20.3, 0.3]",100,0.5,Arrière,ARR,50,Basse,True,Basse,True,3,80.0,,,,,,,,,,,,0.0,,,,,,
lnr_982,982,thomas-lavault,https://cdn.lnr.fr/joueur/982-thomas-lavault/photo/photoFull.7cb6d3e8fb1a9ef473f9440830017cd30be5f626,Thomas Lavault,La Rochelle,LRO,LOCK,2ème ligne,2021-2022,24,947.0,39.5,8.28,,,0.25,,,,0.17,0.08,,,0.42,,,,,lnr,22.0,198.0,108.0,France,100.0,86.4,66.3,66.7,1.0,49,6,34,35,41,97,,48.5,↗,5,"[15.5, 74.0, 15.4, 51.8, 83.1]",100,-0.67,2ème Ligne,2L,100,Haute,False,Bonne,False,16,55.9,,,,,,,,,,,,0.0,,,,,,
lnr_1132,1132,thomas-roziere,https://cdn.lnr.fr/joueur/1132-thomas-roziere/photo/photoFull.d303b4e754d5628447799261cf17492ebc23d137,Thomas Roziere,Clermont,CLR,FULLBACK,Arrière,2021-2022,11,481.0,43.7,2.33,,,0.0,,,,0.67,0.0,,,2.49,,,,,lnr,,,,,0.0,0.0,56.1,59.5,0.75,29,0,38,40,30,0,2.49,50.0,→,0,[],100,0.0,Arrière,ARR,75,Haute,False,Moyenne,False,8,30.0,,,,,,,,,,,,0.0,,,,,,
lnr_2366,2366,thomas-salles,https://cdn.lnr.fr/joueur/2366-thomas-salles/photo/photoFull.6fc701688372b38c2cd93e972d93fc323ab7f457,Thomas Salles,Toulon,TLN,FLY_HALF,Demi d'ouverture,2021-2022,9,552.0,61.3,5.65,,,0.14,,,,0.43,0.87,,,1.16,,,,,lnr,,,,,0.0,0.0,68.9,69.2,0.75,45,50,10,61,67,0,1.16,50.0,→,0,[],100,0.0,Ouvreur,10,75,Haute,False,Moyenne,False,3,85.7,,,,,,,,,,,,0.0,,,,,,
lnr_1987,1987,tom-ecochard,https://cdn.lnr.fr/joueur/1987-tom-ecochard/photo/photoFull.746d583d9f8a2aa9c322b15ebadc8acc096151d2,Tom Ecochard,Perpignan,PER,SCRUM_HALF,Demi de mêlée,2021-2022,17,833.0,49.0,9.03,,,0.1,,,,0.19,0.77,,,0.0,,,,,lnr,29.0,173.0,85.0,France,88.26530612244898,68.0,78.3,74.2,1.0,36,62,0,100,42,91,0.0,24.6,↗,5,"[31.5, 31.5, 94.8, 13.7, 0.5]",100,2.96,Demi de mêlée,9,100,Haute,False,Bonne,False,7,70.0,,,,,,,,,,,,0.0,,,,,,
lnr_550,550,tyler-ardron,https://cdn.lnr.fr/joueur/550-tyler-ardron/photo/photoFull.bf7e6b3668f1d7c40821cbfca4c5f267bcf81dfe,Tyler Ardron,Castres,CAS,LOCK,2ème ligne,2021-2022,12,990.0,82.5,5.82,,,0.48,,,,0.24,0.0,,,0.4,,,,,lnr,30.0,197.0,108.0,Canada,100.0,86.4,65.6,67.5,1.0,69,0,33,5,51,97,,53.8,↗,5,"[54.3, 45.8, 34.5, 100, 51.0]",100,2.61,2ème Ligne,2L,100,Haute,False,Bonne,False,15,58.8,,,,,,,,,,,,0.0,,,,,,
lnr_1383,1383,tyler-duguid,https://cdn.lnr.fr/joueur/1383-tyler-duguid/photo/photoFull.4cb2a4ab19ab443ff7739b68884b2f51b78c1bab,Tyler Duguid,Montpellier,MHR,LOCK,2ème ligne,2021-2022,4,212.0,53.0,14.34,,,0.0,,,,0.0,0.38,,,0.0,,,,,lnr,,,,,0.0,0.0,67.1,66.6,0.6,0,27,0,100,30,0,,33.4,↘,5,"[71.6, 22.4, 52.2, 8.3, 48.5]",100,0.0,2ème Ligne,2L,60,Moyenne,True,Basse,True,17,51.5,,,,,,,,,,,,0.0,,,,,,
lnr_983,983,uini-atonio,https://cdn.lnr.fr/joueur/983-uini-atonio/photo/photoFull.7cb6d3e8fb1a9ef473f9440830017cd30be5f626,Uini Atonio,La Rochelle,LRO,FRONT_ROW,1ère ligne,2021-2022,18,936.0,52.0,4.27,,,0.09,,,,0.0,0.17,,,1.28,,,,,lnr,32.0,196.0,145.0,Nouvelle Zélande,100.0,100.0,59.8,57.7,1.0,0,16,60,0,33,100,,13.7,→,3,"[3.6, 26.0, 10.1]",100,1.26,1ère Ligne,1L,100,Haute,False,Bonne,False,67,8.3,66.8,France,39.0,cluster_1,71.8,57.1,50.0,89.5,61.2,50.5,87.8,0.0,,,,,,
lnr_1424,1424,vincent-giudicelli,https://cdn.lnr.fr/joueur/1424-vincent-giudicelli/photo/photoFull.1d6a32f7ce4a12d423552fb50b73687ec52ba345,V. Giudicelli,Montpellier,MHR,FRONT_ROW,1ère ligne,2021-2022,14,444.0,31.7,11.71,,,0.0,,,,0.36,0.54,,,0.0,,,,,lnr,24.0,184.0,102.0,France,93.87755102040816,81.6,75.6,72.4,0.75,96,52,0,77,30,82,,40.4,↘,5,"[100, 27.5, 53.7, 83.9, 9.5]",100,0.5,1ère Ligne,1L,75,Haute,False,Moyenne,False,20,73.6,,,,,,,,,,,,0.0,,,,,,
lnr_2017,2017,vakhtang-jintcharadze,https://cdn.lnr.fr/joueur/2017-vakhtang-jintcharadze/photo/photoFull.28a7076c5091624b9d043c9f795307457230f77f,V. Jintcharadze,Perpignan,PER,FRONT_ROW,1ère ligne,2021-2022,2,51.0,25.5,6.27,,,0.0,,,,0.0,0.0,,,0.0,,,,,lnr,22.0,187.0,116.0,Géorgie,95.40816326530611,92.8,57.7,66.7,0.5,0,0,0,18,30,91,,67.3,→,2,"[68.3, 87.1]",100,-0.67,1ère Ligne,1L,50,Basse,True,Basse,True,46,36.1,,,,,,,,,,,,0.0,,,,,,
lnr_1991,1991,victor-moreaux,https://cdn.lnr.fr/joueur/1991-victor-moreaux/photo/photoFull.28a7076c5091624b9d043c9f795307457230f77f,Victor Moreaux,Racing 92,R92,LOCK,2ème ligne,2021-2022,10,263.0,26.3,8.82,,,0.3,,,,0.0,0.0,,,0.0,,,,,lnr,28.0,198.0,127.0,France,100.0,100.0,70.4,70.2,0.6,0,0,0,42,43,99,,36.5,→,2,"[51.3, 34.7]",100,2.96,2ème Ligne,2L,60,Moyenne,True,Basse,False,11,70.6,,,,,,,,,,,,0.0,,,,,,
lnr_1884,1884,vincent-pinto,https://cdn.lnr.fr/joueur/1884-vincent-pinto/photo/photoFull.fb26dc620384a6249e4f25079e745b2cf06fe9f6,Vincent Pinto,Pau,PAU,WINGER,Ailier,2021-2022,8,407.0,50.9,5.7,,,0.0,,,,0.39,0.2,,,0.0,,,,,lnr,,,,,0.0,0.0,59.0,61.8,0.75,34,5,0,73,30,0,0.0,50.0,→,0,[],100,0.0,Ailier,AIL,75,Haute,False,Moyenne,False,13,29.4,,,,,,,,,,,,0.0,,,,,,
lnr_1082,1082,vivien-devisme,https://cdn.lnr.fr/joueur/1082-vivien-devisme/photo/photoFull.8a8276a94cfaec44d9ad851c959e24101861b746,Vivien Devisme,Lyon,LOU,FRONT_ROW,1ère ligne,2021-2022,12,387.0,32.2,10.75,,,0.0,,,,0.0,0.0,,,0.0,,,,,lnr,,,,,0.0,0.0,55.4,59.1,0.75,0,0,0,66,30,0,,50.0,→,0,[],100,0.0,1ère Ligne,1L,75,Haute,False,Basse,False,63,13.9,,,,,,,,,,,,0.0,,,,,,
lnr_616,616,wayan-de-benedittis,https://cdn.lnr.fr/joueur/616-wayan-de-benedittis/photo/photoFull.55223152d2bdf719adae33c3f4ef18c348eed132,W. De Benedittis,Castres,CAS,FRONT_ROW,1ère ligne,2021-2022,23,818.0,35.6,7.04,,,0.0,,,,0.1,0.39,,,0.0,,,,,lnr,,,,,0.0,0.0,50.1,50.1,1.0,27,37,0,27,30,0,,50.0,→,0,[],100,0.0,1ère Ligne,1L,100,Haute,False,Bonne,False,72,1.4,,,,,,,,,,,,0.0,,,,,,
lnr_677,677,yohan-beheregaray,https://cdn.lnr.fr/joueur/677-yohan-beheregaray/photo/photoFull.df70eb994b7734bdf40e01b850e18c98079124f9,Y. Beheregaray,Clermont,CLR,FRONT_ROW,1ère ligne,2021-2022,16,623.0,38.9,8.22,,,0.26,,,,0.0,0.26,,,3.85,,,,,lnr,,,,,0.0,0.0,54.1,54.1,1.0,0,25,100,39,40,0,,50.0,→,0,[],100,0.0,1ère Ligne,1L,100,Haute,False,Moyenne,False,69,5.6,,,,,,,,,,,,0.0,,,,,,
lnr_1118,1118,yanis-charcosset,https://cdn.lnr.fr/joueur/1118-yanis-charcosset/photo/photoFull.5130516f3d5f5fbc23b3eaab6efe1a2b3082c3df,Y. Charcosset,Lyon,LOU,FRONT_ROW,1ère ligne,2021-2022,11,212.0,19.3,18.49,,,0.38,,,,0.38,0.0,,,5.66,,,,,lnr,,,,,0.0,0.0,69.7,69.8,0.6,100,0,100,100,44,0,,50.0,→,0,[],100,0.0,1ère Ligne,1L,60,Moyenne,True,Basse,False,31,58.3,,,,,,,,,,,,0.0,,,,,,
lnr_327,327,yann-lesgourgues,https://cdn.lnr.fr/joueur/327-yann-lesgourgues/photo/photoFull.df70eb994b7734bdf40e01b850e18c98079124f9,Y. Lesgourgues,Bordeaux,BOR,SCRUM_HALF,Demi de mêlée,2021-2022,25,965.0,38.6,4.39,,,0.08,,,,0.5,0.99,,,1.24,,,,,lnr,,,,,0.0,0.0,72.5,72.5,1.0,96,87,14,12,40,0,1.24,50.0,→,0,[],100,0.0,Demi de mêlée,9,100,Haute,False,Bonne,False,9,60.0,,,,,,,,,,,,0.0,,,,,,
lnr_2477,2477,yannick-youyoutte,https://cdn.lnr.fr/joueur/2477-yannick-youyoutte/photo/photoFull.6fc701688372b38c2cd93e972d93fc323ab7f457,Yannick Youyoutte,Toulouse,TLS,LOCK,2ème ligne,2021-2022,14,618.0,44.1,10.49,,,1.29,,,,0.0,0.65,,,0.0,,,,,lnr,,,,,0.0,0.0,71.2,71.2,1.0,0,46,0,62,70,0,,50.0,→,0,[],100,0.0,2ème Ligne,2L,100,Haute,False,Moyenne,False,10,73.5,,,,,,,,,,,,0.0,,,,,,
lnr_1917,1917,youri-delhommel,https://cdn.lnr.fr/joueur/1917-youri-delhommel/photo/photoFull.bf4a801945c52387138b3325d9dd3bcf510292ab,Youri Delhommel,Pau,PAU,FRONT_ROW,1ère ligne,2021-2022,17,558.0,32.8,10.18,,,0.43,,,,0.14,0.29,,,1.43,,,,,lnr,26.0,181.0,101.0,France,92.3469387755102,80.80000000000001,75.1,73.4,0.75,37,28,67,60,46,81,,46.0,↘,5,"[58.6, 100, 43.2, 43.2, 47.8]",100,2.0,1ère Ligne,1L,75,Haute,False,Moyenne,False,17,77.1,,,,,,,,,,,,0.0,,,,,,
lnr_1897,1897,yvan-reilhac,https://cdn.lnr.fr/joueur/1897-yvan-reilhac/photo/photoFull.28a7076c5091624b9d043c9f795307457230f77f,Yvan Reilhac,Montpellier,MHR,CENTRE,Centre,2021-2022,8,380.0,47.5,9.68,,,0.0,,,,0.63,0.42,,,0.0,,,,,lnr,26.0,181.0,98.0,France,92.3469387755102,78.4,74.5,69.7,0.75,61,25,0,100,30,89,,18.1,→,2,"[14.4, 22.4]",100,2.0,Centre,CTR,75,Haute,False,Basse,False,6,82.1,,,,,,,,,,,,0.0,,,,,,
lnr_334,334,zack-holmes,https://cdn.lnr.fr/joueur/334-zack-holmes/photo/photoFull.c13853c24f9a438203d2dc57b45e48161a549ae5,Zack Holmes,Toulouse,TLS,FLY_HALF,Demi d'ouverture,2021-2022,18,913.0,50.7,5.26,,,0.0,,,,0.18,0.53,,,5.61,,,,,lnr,,,,,0.0,0.0,58.5,58.5,1.0,19,30,50,54,30,0,5.61,50.0,→,0,[],100,0.0,Ouvreur,10,100,Haute,False,Bonne,False,11,28.6,,,,,,,,,,,,0.0,,,,,,
lnr_595,595,aurelien-azar,https://cdn.lnr.fr/joueur/595-aurelien-azar/photo/photoFull.50e0d211418fb8267083232d5e5561b6e88fe79f,A. Azar,Castres,CAS,FRONT_ROW,1ère ligne,2022-2023,10,418.0,41.8,7.66,,,0.38,,,,0.0,0.38,,,0.0,,,,,lnr,28.0,188.0,126.0,France,95.91836734693877,99.21259842519686,68.7,67.9,0.75,0,30,0,23,42,96,,29.2,↘,5,"[33.3, 45.9, 39.5, 1.4, 46.3]",100,2.96,1ère Ligne,1L,75,Haute,False,Moyenne,False,49,47.3,,,,,,,,,,,,0.0,,,,,,
lnr_2001,2001,alivereti-uqueqe-duguivalu,https://cdn.lnr.fr/joueur/2001-alivereti-uqueqe-duguivalu/photo/photoFull.746d583d9f8a2aa9c322b15ebadc8acc096151d2,A. Duguivalu,Perpignan,PER,CENTRE,Centre,2022-2023,9,560.0,62.2,5.29,,,0.0,,,,0.29,0.86,,,0.0,,,,,lnr,25.0,180.0,85.0,Fidji,91.83673469387756,66.92913385826772,65.5,69.4,0.75,33,65,0,30,30,81,,62.7,↗,5,"[35.4, 21.0, 21.0, 51.7, 100]",100,1.26,Centre,CTR,75,Haute,False,Moyenne,False,8,80.0,,,,,,,,,,,,0.0,,,,,,
lnr_663,663,alexandre-fischer,https://cdn.lnr.fr/joueur/663-alexandre-fischer/photo/photoFull.1d6a32f7ce4a12d423552fb50b73687ec52ba345,A. Fischer,Clermont,CLR,BACK_ROW,3ème ligne,2022-2023,8,346.0,43.2,12.25,,,1.62,,,,0.23,0.23,,,1.16,,,,,lnr,25.0,188.0,107.0,France,95.91836734693877,84.25196850393701,83.3,76.4,0.75,34,16,62,72,70,92,,32.1,↘,5,"[26.2, 59.9, 31.4, 52.3, 21.6]",100,1.26,3ème Ligne,3L,75,Haute,False,Basse,False,4,93.3,,,,,,,,,,,,0.0,,,,,,
lnr_935,935,aleksandre-kuntelia,https://cdn.lnr.fr/joueur/935-aleksandre-kuntelia/photo/photoFull.7cb6d3e8fb1a9ef473f9440830017cd30be5f626,A. Kuntelia,La Rochelle,LRO,FRONT_ROW,1ère ligne,2022-2023,8,251.0,31.4,7.65,,,0.0,,,,0.0,0.32,,,0.0,,,,,lnr,20.0,197.0,135.0,Géorgie,100.0,100.0,61.7,63.5,0.6,0,25,0,23,30,100,,34.5,↗,5,"[19.0, 38.6, 71.3, 50.4, 20.7]",100,-1.25,1ère Ligne,1L,60,Moyenne,True,Basse,False,67,26.9,,,,,,,,,,,,0.0,,,,,,
lnr_2019,2019,alexandre-perez,https://cdn.lnr.fr/joueur/2019-alexandre-perez/photo/photoFull.1f75a2a9ddd89799fc877d5c192b6ffeb86f7691,A. Perez,Perpignan,PER,FLY_HALF,Demi d'ouverture,2022-2023,2,87.0,43.5,5.52,,,0.0,,,,0.92,0.0,,,0.0,,,,,lnr,,,,,0.0,0.0,57.6,63.8,0.5,91,0,0,82,30,0,0.0,50.0,→,0,[],100,0.0,Ouvreur,10,50,Basse,True,Basse,True,11,37.5,,,,,,,,,,,,0.0,,,,,,
lnr_1124,1124,alexandre-tchaptchet-noutcha,https://cdn.lnr.fr/joueur/1124-alexandre-tchaptchet-noutcha/photo/photoFull.eff1aa9b4a9f2b351be13ae3eed38b31d19c422e,A. Tchaptchet Noutcha,Lyon,LOU,FULLBACK,Arrière,2022-2023,3,200.0,66.7,3.6,,,0.0,,,,1.2,0.8,,,4.0,,,,,lnr,21.0,171.0,79.0,France,87.24489795918367,62.20472440944882,66.2,62.6,0.6,57,28,71,22,30,88,4.0,7.6,↘,5,"[38.0, 0, 7.9, 8.3, 0]",100,-1.03,Arrière,ARR,60,Moyenne,True,Basse,True,4,78.6,,,,,,,,,,,,0.0,,,,,,
lnr_1855,1855,aminiasi-tuimaba,https://cdn.lnr.fr/joueur/1855-aminiasi-tuimaba/photo/photoFull.3bdbafd9a091ef5bb037d3de56d946eed2f8ad5f,A. Tuimaba,Pau,PAU,WINGER,Ailier,2022-2023,5,388.0,77.6,4.54,,,0.21,,,,0.82,0.21,,,1.03,,,,,lnr,,,,,0.0,0.0,67.3,68.0,0.75,60,13,34,56,46,0,1.03,50.0,→,0,[],100,0.0,Ailier,AIL,75,Haute,False,Basse,False,6,77.3,,,,,,,,,,,,0.0,,,,,,
lnr_584,584,asier-usarraga-latierro,https://cdn.lnr.fr/joueur/584-asier-usarraga-latierro/photo/photoFull.5130516f3d5f5fbc23b3eaab6efe1a2b3082c3df,A. Usarraga Latierro,Castres,CAS,BACK_ROW,3ème ligne,2022-2023,1,613.0,,7.44,,,1.83,,,,0.13,0.78,,,0.0,,,,,lnr,,,,,0.0,0.0,69.3,69.3,1.0,19,56,0,15,70,0,,50.0,→,0,[],100,0.0,3ème Ligne,3L,100,Haute,False,Basse,True,17,64.4,,,,,,,,,,,,0.0,,,,,,
lnr_1374,1374,adrien-sonzogni,https://cdn.lnr.fr/joueur/1374-adrien-sonzogni/photo/photoFull.15183d0676b8f4d6533278107b0bdf0d31ba47d0,Adrien Sonzogni,Montpellier,MHR,FRONT_ROW,1ère ligne,2022-2023,1,42.0,,5.71,,,0.0,,,,0.0,1.9,,,0.0,,,,,lnr,,,,,0.0,0.0,47.5,58.8,0.5,0,100,0,0,30,0,,50.0,→,0,[],100,0.0,1ère Ligne,1L,50,Basse,True,Basse,True,84,8.8,,,,,,,,,,,,0.0,,,,,,
lnr_2388,2388,adrien-warion,https://cdn.lnr.fr/joueur/2388-adrien-warion/photo/photoFull.b817331ae7e7f540e8505004318a8073270e5d10,Adrien Warion,Toulon,TLN,LOCK,2ème ligne,2022-2023,10,179.0,17.9,13.85,,,0.45,,,,0.0,0.0,,,0.0,,,,,lnr,22.0,,107.0,France,0.0,84.25196850393701,70.9,70.2,0.6,0,0,0,98,52,13,,50.9,↗,5,"[81.7, 36.2, 100, 39.9, 54.7]",100,-0.67,2ème Ligne,2L,60,Moyenne,True,Basse,False,13,68.4,,,,,,,,,,,,0.0,,,,,,
lnr_2672,2672,aitor-hourcade,https://cdn.lnr.fr/joueur/2672-aitor-hourcade/photo/photoFull.df70eb994b7734bdf40e01b850e18c98079124f9,Aitor Hourcade,Bayonne,BAY,BACK_ROW,3ème ligne,2022-2023,3,48.0,16.0,3.33,,,0.0,,,,0.0,1.67,,,0.0,,,,,lnr,,,,,0.0,0.0,52.0,61.0,0.5,0,100,0,0,30,0,,50.0,→,0,[],100,0.0,3ème Ligne,3L,50,Basse,True,Basse,True,40,13.3,,,,,,,,,,,,0.0,,,,,,
lnr_2022,2022,akato-fakatika,https://cdn.lnr.fr/joueur/2022-akato-fakatika/photo/photoFull.b817331ae7e7f540e8505004318a8073270e5d10,Akato Fakatika,Perpignan,PER,FRONT_ROW,1ère ligne,2022-2023,1,159.0,,9.56,,,0.5,,,,0.0,0.0,,,0.0,,,,,lnr,,,,,0.0,0.0,56.1,62.0,0.6,0,0,0,47,46,0,,38.7,→,1,[44.3],100,0.0,1ère Ligne,1L,60,Moyenne,True,Basse,True,77,16.5,,,,,,,,,,,,0.0,,,,,,
lnr_2452,2452,alban-placines,https://cdn.lnr.fr/joueur/2452-alban-placines/photo/photoFull.df70eb994b7734bdf40e01b850e18c98079124f9,Alban Placines,Toulouse,TLS,BACK_ROW,3ème ligne,2022-2023,1,835.0,,11.98,,,0.48,,,,0.29,0.96,,,0.0,,,,,lnr,,,,,0.0,0.0,69.2,69.2,1.0,42,69,0,69,44,0,,50.0,→,0,[],100,0.0,3ème Ligne,3L,100,Haute,False,Basse,True,18,61.1,,,,,,,,,,,,0.0,,,,,,
lnr_314,314,alban-roussel,https://cdn.lnr.fr/joueur/314-alban-roussel/photo/photoFull.c13853c24f9a438203d2dc57b45e48161a549ae5,Alban Roussel,Bordeaux,BOR,LOCK,2ème ligne,2022-2023,9,344.0,38.2,12.09,,,0.47,,,,0.0,0.47,,,0.0,,,,,lnr,,,,,0.0,0.0,68.3,68.7,0.75,0,36,0,74,53,0,,50.0,→,0,[],100,0.0,2ème Ligne,2L,75,Haute,False,Basse,False,18,55.3,,,,,,,,,,,,0.0,,,,,,
lnr_1126,1126,alfred-parisien,https://cdn.lnr.fr/joueur/1126-alfred-parisien/photo/photoFull.eff1aa9b4a9f2b351be13ae3eed38b31d19c422e,Alfred Parisien,Lyon,LOU,CENTRE,Centre,2022-2023,8,293.0,36.6,6.01,,,0.0,,,,0.55,1.09,,,0.0,,,,,lnr,22.0,182.0,91.0,France,92.85714285714286,71.65354330708661,71.8,66.7,0.6,63,83,0,42,30,85,,18.3,↗,5,"[7.2, 0, 23.6, 22.9, 26.0]",100,-0.67,Centre,CTR,60,Moyenne,True,Basse,False,16,57.1,,,,,,,,,,,,0.0,,,,,,
lnr_2169,2169,ali-oz,https://cdn.lnr.fr/joueur/2169-ali-oz/photo/photoFull.c13853c24f9a438203d2dc57b45e48161a549ae5,Ali Oz,Racing 92,R92,FRONT_ROW,1ère ligne,2022-2023,5,159.0,31.8,7.55,,,0.5,,,,0.0,0.5,,,0.0,,,,,lnr,,,,,0.0,0.0,53.1,59.9,0.6,0,40,0,22,46,0,,50.0,→,0,[],100,0.0,1ère Ligne,1L,60,Moyenne,True,Basse,False,80,13.2,,,,,,,,,,,,0.0,,,,,,
lnr_2483,2483,ange-capuozzo,https://cdn.lnr.fr/joueur/2483-ange-capuozzo/photo/photoFull.a2503fca1a2646233602741328f9c3f7893fa1e1,Ange Capuozzo,Toulouse,TLS,SCRUM_HALF,Demi de mêlée,2022-2023,9,542.0,60.2,4.28,,,0.15,,,,1.33,0.3,,,2.95,,,,,lnr,23.0,177.0,79.0,France,90.3061224489796,62.20472440944882,62.6,71.6,0.75,100,26,93,12,36,88,2.95,13.2,↘,5,"[9.2, 17.1, 9.4, 13.1, 14.6]",100,-0.16,Demi de mêlée,9,75,Haute,False,Moyenne,False,18,26.1,82.2,ITALY,10.0,cluster_1,100.0,82.2,50.0,79.7,70.6,92.6,90.4,0.7200000000000002,,,,,,
lnr_2195,2195,anthime-hemery,https://cdn.lnr.fr/joueur/2195-anthime-hemery/photo/photoFull.b5e9990d9a31ede8327da9bafe6aeb896ea144f3,Anthime Hemery,Racing 92,R92,BACK_ROW,3ème ligne,2022-2023,14,538.0,38.4,12.04,,,0.3,,,,0.0,0.15,,,0.74,,,,,lnr,22.0,189.0,110.0,France,96.42857142857144,86.61417322834646,65.5,65.4,0.75,0,11,40,70,39,94,,36.8,↘,5,"[69.5, 43.5, 39.1, 38.8, 38.3]",100,-0.67,3ème Ligne,3L,75,Haute,False,Moyenne,False,32,31.1,,,,,,,,,,,,0.0,,,,,,
lnr_2454,2454,anthony-jelonch,https://cdn.lnr.fr/joueur/2454-anthony-jelonch/photo/photoFull.a2503fca1a2646233602741328f9c3f7893fa1e1,Anthony Jelonch,Toulouse,TLS,BACK_ROW,3ème ligne,2022-2023,10,634.0,63.4,9.97,,,0.63,,,,0.13,0.88,,,0.0,,,,,lnr,26.0,193.0,108.0,France,98.46938775510203,85.03937007874016,73.3,72.0,1.0,19,63,0,45,49,94,,39.0,↗,5,"[22.9, 19.1, 41.9, 62.1, 47.8]",100,2.0,3ème Ligne,3L,100,Haute,False,Moyenne,False,12,75.6,77.8,France,26.0,cluster_1,74.1,92.8,50.0,87.9,75.4,66.0,86.5,0.2799999999999997,,,,,,
lnr_322,322,antoine-miquel,https://cdn.lnr.fr/joueur/322-antoine-miquel/photo/photoFull.c13853c24f9a438203d2dc57b45e48161a549ae5,Antoine Miquel,Bordeaux,BOR,BACK_ROW,3ème ligne,2022-2023,14,859.0,61.4,8.38,,,0.19,,,,0.09,0.84,,,0.0,,,,,lnr,,,,,0.0,0.0,56.0,56.0,1.0,13,60,0,26,36,0,,50.0,→,0,[],100,0.0,3ème Ligne,3L,100,Haute,False,Bonne,False,42,8.9,,,,,,,,,,,,0.0,,,,,,
lnr_593,593,antoine-tichit,https://cdn.lnr.fr/joueur/593-antoine-tichit/photo/photoFull.50e0d211418fb8267083232d5e5561b6e88fe79f,Antoine Tichit,Castres,CAS,FRONT_ROW,1ère ligne,2022-2023,1,622.0,,9.65,,,0.0,,,,0.0,0.0,,,0.0,,,,,lnr,33.0,187.0,115.0,France,95.40816326530611,90.5511811023622,65.0,63.4,1.0,0,0,0,49,30,89,,27.3,↗,5,"[26.0, 12.9, 0, 19.4, 62.1]",100,0.5,1ère Ligne,1L,100,Haute,False,Basse,True,69,24.7,,,,,,,,,,,,0.0,,,,,,
lnr_1077,1077,arno-botha,https://cdn.lnr.fr/joueur/1077-arno-botha/photo/photoFull.8e39a4ffde2d58962f9632bb5639326c8c077ac5,Arno Botha,Lyon,LOU,BACK_ROW,3ème ligne,2022-2023,17,987.0,58.1,9.16,,,0.49,,,,0.41,1.38,,,1.22,,,,,lnr,31.0,190.0,108.0,Afrique du Sud,96.93877551020408,85.03937007874016,74.2,74.9,1.0,60,99,65,35,44,93,,59.1,↗,5,"[82.5, 81.0, 68.7, 90.0, 47.8]",100,2.0,3ème Ligne,3L,100,Haute,False,Bonne,False,5,91.1,,,,,,,,,,,,0.0,,,,,,
lnr_1776,1776,arthur-coville,https://cdn.lnr.fr/joueur/1776-arthur-coville/photo/photoFull.6fc701688372b38c2cd93e972d93fc323ab7f457,Arthur Coville,Paris,SFP,SCRUM_HALF,Demi de mêlée,2022-2023,18,757.0,42.1,3.49,,,0.0,,,,0.74,0.74,,,1.27,,,,,lnr,,,,,0.0,0.0,62.5,62.5,1.0,75,65,40,0,30,0,1.27,50.0,→,0,[],100,0.0,Demi de mêlée,9,100,Haute,False,Moyenne,False,15,39.1,,,,,,,,,,,,0.0,,,,,,
lnr_1416,1416,arthur-vincent,https://cdn.lnr.fr/joueur/1416-arthur-vincent/photo/photoFull.4cb2a4ab19ab443ff7739b68884b2f51b78c1bab,Arthur Vincent,Montpellier,MHR,CENTRE,Centre,2022-2023,2,124.0,62.0,7.74,,,0.0,,,,0.65,0.0,,,0.0,,,,,lnr,,,,,0.0,0.0,62.5,64.2,0.5,75,0,0,69,30,0,,26.5,↗,5,"[36.2, 0, 60.1, 19.9, 30.9]",100,0.0,Centre,CTR,50,Basse,True,Basse,True,21,42.9,69.6,France,14.0,cluster_1,78.7,56.5,50.0,91.9,80.4,68.5,98.6,0.0,,,,,,
lnr_2131,2131,asaeli-tuivuaka,https://cdn.lnr.fr/joueur/2131-asaeli-tuivuaka/photo/photoFull.480357f8a58841fb619d15da8c0313b4686e9846,Asaeli Tuivuaka,Racing 92,R92,WINGER,Ailier,2022-2023,1,80.0,80.0,0.0,,,0.0,,,,0.0,0.0,,,0.0,,,,,lnr,,,,,0.0,0.0,46.0,58.0,0.5,0,0,0,0,30,0,0.0,50.0,→,0,[],100,0.0,Ailier,AIL,50,Basse,True,Basse,True,19,18.2,,,,,,,,,,,,0.0,,,,,,
lnr_633,633,baptiste-cope,https://cdn.lnr.fr/joueur/633-baptiste-cope/photo/photoFull.50e0d211418fb8267083232d5e5561b6e88fe79f,B. Cope,Castres,CAS,BACK_ROW,3ème ligne,2022-2023,10,373.0,37.3,14.58,,,0.43,,,,0.0,0.0,,,0.0,,,,,lnr,21.0,186.0,102.0,France,94.89795918367348,80.31496062992126,70.9,69.6,0.75,0,0,0,100,43,89,,44.8,↘,5,"[32.1, 94.4, 49.1, 40.9, 50.8]",100,-1.03,3ème Ligne,3L,75,Haute,False,Basse,False,16,66.7,,,,,,,,,,,,0.0,,,,,,
lnr_712,712,bautista-delguy,https://cdn.lnr.fr/joueur/712-bautista-delguy/photo/photoFull.b5e9990d9a31ede8327da9bafe6aeb896ea144f3,B. Delguy,Clermont,CLR,WINGER,Ailier,2022-2023,14,954.0,68.1,3.19,,,0.0,,,,0.84,0.5,,,2.26,,,,,lnr,25.0,183.0,84.0,Argentine,93.36734693877553,66.14173228346458,70.0,66.3,1.0,62,30,74,34,30,84,2.26,16.9,↘,5,"[26.2, 34.7, 0, 19.6, 19.0]",100,1.26,Ailier,AIL,100,Haute,False,Bonne,False,7,72.7,70.6,Argentine,49.0,cluster_1,77.3,53.5,50.0,85.0,89.8,74.2,91.4,0.0,,,,,,
lnr_11297,11297,baptiste-jauneau,https://cdn.lnr.fr/joueur/11297-baptiste-jauneau/photo/photoFull.b5e9990d9a31ede8327da9bafe6aeb896ea144f3,B. Jauneau,Clermont,CLR,SCRUM_HALF,Demi de mêlée,2022-2023,24,805.0,33.5,7.55,,,0.2,,,,0.6,0.89,,,2.98,,,,,lnr,19.0,178.0,81.0,France,90.81632653061224,63.77952755905512,75.4,71.2,1.0,60,78,94,66,38,90,2.98,26.1,↘,5,"[49.0, 38.3, 49.5, 24.7, 13.4]",100,-1.38,Demi de mêlée,9,100,Haute,False,Bonne,False,5,82.6,,,,,,,,,,,,0.0,,,,,,
lnr_1806,1806,baptiste-pesenti,https://cdn.lnr.fr/joueur/1806-baptiste-pesenti/photo/photoFull.0d105085f705532550693973c5545a1d4e020463,B. Pesenti,Paris,SFP,BACK_ROW,3ème ligne,2022-2023,1,892.0,,10.85,,,0.0,,,,0.0,0.27,,,0.0,,,,,lnr,25.0,195.0,118.0,France,99.48979591836736,92.91338582677166,62.0,66.9,1.0,0,19,0,55,30,98,,75.7,↗,5,"[36.2, 100, 70.9, 91.7, 98.5]",100,1.26,3ème Ligne,3L,100,Haute,False,Basse,True,25,44.4,,,,,,,,,,,,0.0,,,,,,
lnr_340,340,benjamin-tameifuna,https://cdn.lnr.fr/joueur/340-benjamin-tameifuna/photo/photoFull.9db3e1c64b0fa647759e691550b9e8351884f243,B. Tameifuna,Bordeaux,BOR,FRONT_ROW,1ère ligne,2022-2023,1,795.0,,8.65,,,0.7,,,,0.2,0.4,,,0.0,,,,,lnr,31.0,188.0,151.0,Nouvelle Zélande,95.91836734693877,100.0,76.4,72.7,1.0,67,32,0,36,52,100,,24.9,↗,5,"[19.7, 0, 33.9, 54.1, 18.3]",100,2.0,1ère Ligne,1L,100,Haute,False,Basse,True,17,82.4,76.7,TONGA,21.0,cluster_0,61.9,50.5,50.0,90.9,77.6,57.5,92.2,0.1700000000000003,,,,,,
lnr_1432,1432,bastien-chalureau,https://cdn.lnr.fr/joueur/1432-bastien-chalureau/photo/photoFull.4cb2a4ab19ab443ff7739b68884b2f51b78c1bab,Bastien Chalureau,Montpellier,MHR,LOCK,2ème ligne,2022-2023,1,838.0,,12.7,,,0.0,,,,0.19,0.76,,,0.0,,,,,lnr,31.0,,118.0,France,0.0,92.91338582677166,69.1,70.1,1.0,79,58,0,83,30,14,,53.6,↗,5,"[25.4, 58.6, 0, 97.3, 81.2]",100,2.0,2ème Ligne,2L,100,Haute,False,Basse,True,14,65.8,,,,,,,,,,,,0.0,,,,,,
lnr_2389,2389,bruce-devaux,https://cdn.lnr.fr/joueur/2389-bruce-devaux/photo/photoFull.b817331ae7e7f540e8505004318a8073270e5d10,Bruce Devaux,Toulon,TLN,FRONT_ROW,1ère ligne,2022-2023,19,637.0,33.5,8.54,,,0.25,,,,0.38,0.25,,,0.0,,,,,lnr,26.0,183.0,108.0,France,93.36734693877553,85.03937007874016,69.2,68.8,1.0,100,20,0,34,38,84,,42.3,→,5,"[58.3, 58.3, 56.5, 50.0, 38.4]",100,2.0,1ère Ligne,1L,100,Haute,False,Moyenne,False,42,54.4,,,,,,,,,,,,0.0,,,,,,
lnr_1418,1418,clement-doumenc,https://cdn.lnr.fr/joueur/1418-clement-doumenc/photo/photoFull.3bdbafd9a091ef5bb037d3de56d946eed2f8ad5f,C. Doumenc,Montpellier,MHR,BACK_ROW,3ème ligne,2022-2023,17,600.0,35.3,16.27,,,1.33,,,,0.13,0.27,,,1.33,,,,,lnr,,,,,0.0,0.0,80.9,80.9,1.0,19,19,71,100,69,0,,50.0,→,0,[],100,0.0,3ème Ligne,3L,100,Haute,False,Moyenne,False,1,100.0,,,,,,,,,,,,0.0,,,,,,
lnr_694,694,cristian-ojovan,https://cdn.lnr.fr/joueur/694-cristian-ojovan/photo/photoFull.b5e9990d9a31ede8327da9bafe6aeb896ea144f3,C. Ojovan,Clermont,CLR,FRONT_ROW,1ère ligne,2022-2023,1,929.0,,7.49,,,0.0,,,,0.0,0.0,,,0.0,,,,,lnr,26.0,183.0,120.0,Moldavie,93.36734693877553,94.48818897637796,61.2,61.8,1.0,0,0,0,21,30,91,,36.9,↘,5,"[57.5, 33.6, 46.9, 30.9, 46.9]",100,2.0,1ère Ligne,1L,100,Haute,False,Basse,True,78,15.4,,,,,,,,,,,,0.0,,,,,,
lnr_707,707,cheikh-saliou-tiberghien,https://cdn.lnr.fr/joueur/707-cheikh-saliou-tiberghien/photo/photoFull.1d6a32f7ce4a12d423552fb50b73687ec52ba345,C. Tiberghien,Clermont,CLR,FULLBACK,Arrière,2022-2023,16,979.0,61.2,1.96,,,0.0,,,,0.57,0.57,,,0.82,,,,,lnr,,,,,0.0,0.0,51.3,49.9,1.0,27,20,14,0,30,0,0.82,6.8,↗,5,"[0, 0, 6.2, 11.4, 6.3]",100,0.0,Arrière,ARR,100,Haute,False,Bonne,False,14,7.1,,,,,,,,,,,,0.0,,,,,,
lnr_352,352,caleb-kalisi-timu,https://cdn.lnr.fr/joueur/352-caleb-kalisi-timu/photo/photoFull.fb26dc620384a6249e4f25079e745b2cf06fe9f6,C. Timu,Bordeaux,BOR,BACK_ROW,3ème ligne,2022-2023,1,505.0,,9.35,,,0.32,,,,0.16,0.16,,,0.0,,,,,lnr,,,,,0.0,0.0,55.7,59.3,0.75,23,11,0,38,39,0,,50.0,→,0,[],100,0.0,3ème Ligne,3L,75,Haute,False,Basse,True,41,11.1,,,,,,,,,,,,0.0,,,,,,
lnr_2354,2354,christopher-tolofua,https://cdn.lnr.fr/joueur/2354-christopher-tolofua/photo/photoFull.4cb2a4ab19ab443ff7739b68884b2f51b78c1bab,C. Tolofua,Toulon,TLN,FRONT_ROW,1ère ligne,2022-2023,1,529.0,,8.17,,,0.76,,,,0.3,0.15,,,0.0,,,,,lnr,29.0,182.0,120.0,France,92.85714285714286,94.48818897637796,74.9,70.1,0.75,100,12,0,30,54,91,,16.3,↗,5,"[19.2, 8.5, 39.4, 3.5, 17.6]",100,2.96,1ère Ligne,1L,75,Haute,False,Basse,True,37,60.4,,,,,,,,,,,,0.0,,,,,,
lnr_312,312,christopher-vaotoa,https://cdn.lnr.fr/joueur/312-christopher-vaotoa/photo/photoFull.c13853c24f9a438203d2dc57b45e48161a549ae5,C. Vaotoa,Bordeaux,BOR,FRONT_ROW,1ère ligne,2022-2023,1,152.0,,8.95,,,0.0,,,,0.0,0.0,,,0.0,,,,,lnr,,,,,0.0,0.0,49.8,57.9,0.6,0,0,0,40,30,0,,50.0,→,0,[],100,0.0,1ère Ligne,1L,60,Moyenne,True,Basse,True,87,5.5,,,,,,,,,,,,0.0,,,,,,
lnr_2165,2165,camille-chat,https://cdn.lnr.fr/joueur/2165-camille-chat/photo/photoFull.8e39a4ffde2d58962f9632bb5639326c8c077ac5,Camille Chat,Racing 92,R92,FRONT_ROW,1ère ligne,2022-2023,1,763.0,,9.44,,,0.84,,,,0.21,0.94,,,0.0,,,,,lnr,27.0,178.0,101.0,France,90.81632653061224,79.52755905511812,79.3,78.2,1.0,70,74,0,46,56,79,,52.1,→,5,"[29.5, 67.0, 50.4, 32.8, 90.5]",100,2.61,1ère Ligne,1L,100,Haute,False,Basse,True,3,97.3,72.4,France,37.0,cluster_1,80.0,65.3,50.0,91.8,65.2,64.4,91.6,0.0,,,,,,
lnr_2162,2162,cedate-gomes-sa,https://cdn.lnr.fr/joueur/2162-cedate-gomes-sa/photo/photoFull.8e39a4ffde2d58962f9632bb5639326c8c077ac5,Cedate Gomes Sa,Racing 92,R92,FRONT_ROW,1ère ligne,2022-2023,1,580.0,,4.41,,,0.0,,,,0.14,0.14,,,0.0,,,,,lnr,29.0,185.0,113.0,France,94.3877551020408,88.9763779527559,59.1,67.3,0.75,47,11,0,0,30,87,,66.6,→,5,"[100, 53.2, 47.8, 30.3, 100]",100,2.96,1ère Ligne,1L,75,Haute,False,Basse,True,51,45.1,77.7,France,12.0,cluster_1,63.9,56.4,50.0,90.7,83.7,62.8,88.2,0.2700000000000003,,,,,,
lnr_2355,2355,charles-ollivon,https://cdn.lnr.fr/joueur/2355-charles-ollivon/photo/photoFull.2eaacbd11c12f10f571df4cbac07c560d1665acd,Charles Ollivon,Toulon,TLN,BACK_ROW,3ème ligne,2022-2023,13,943.0,72.5,9.76,,,0.51,,,,0.34,1.02,,,0.85,,,,,lnr,29.0,199.0,114.0,France,100.0,89.76377952755905,74.4,73.1,1.0,50,73,45,42,45,98,,38.3,→,5,"[31.4, 32.7, 31.9, 31.9, 64.8]",100,2.96,3ème Ligne,3L,100,Haute,False,Bonne,False,10,80.0,79.3,France,30.0,cluster_1,93.5,96.5,50.0,91.6,50.0,93.2,89.9,0.4299999999999997,,,,,,
lnr_1843,1843,clement-mondinat,https://cdn.lnr.fr/joueur/1843-clement-mondinat/photo/photoFull.bf4a801945c52387138b3325d9dd3bcf510292ab,Clement Mondinat,Pau,PAU,FLY_HALF,Demi d'ouverture,2022-2023,6,150.0,25.0,5.33,,,0.0,,,,0.53,1.07,,,1.07,,,,,lnr,19.0,178.0,80.0,France,90.81632653061224,62.99212598425197,71.2,64.4,0.6,52,99,11,78,30,89,1.07,4.5,↘,5,"[7.2, 43.4, 0, 0, 0]",100,-1.38,Ouvreur,10,60,Moyenne,True,Basse,False,10,43.8,,,,,,,,,,,,0.0,,,,,,
lnr_2490,2490,clement-verge,https://cdn.lnr.fr/joueur/2490-clement-verge/photo/photoFull.a2503fca1a2646233602741328f9c3f7893fa1e1,Clement Verge,Toulouse,TLS,LOCK,2ème ligne,2022-2023,5,214.0,42.8,10.47,,,0.37,,,,0.0,1.5,,,0.0,,,,,lnr,21.0,,123.0,France,0.0,96.8503937007874,64.3,67.7,0.6,0,100,0,52,48,15,,58.0,↗,5,"[48.4, 45.3, 74.4, 64.2, 79.8]",100,-1.03,2ème Ligne,2L,60,Moyenne,True,Basse,False,19,52.6,,,,,,,,,,,,0.0,,,,,,
lnr_1886,1886,clovis-le-bail,https://cdn.lnr.fr/joueur/1886-clovis-le-bail/photo/photoFull.2eaacbd11c12f10f571df4cbac07c560d1665acd,Clovis Le Bail,Pau,PAU,SCRUM_HALF,Demi de mêlée,2022-2023,11,378.0,34.4,4.87,,,0.0,,,,0.21,0.21,,,1.27,,,,,lnr,27.0,173.0,74.0,France,88.26530612244898,58.26771653543307,56.7,59.1,0.75,21,18,40,22,30,84,1.27,17.2,↘,5,"[41.2, 9.2, 16.2, 20.7, 14.5]",100,2.61,Demi de mêlée,9,75,Haute,False,Basse,False,21,13.0,,,,,,,,,,,,0.0,,,,,,
lnr_2451,2451,cyril-baille,https://cdn.lnr.fr/joueur/2451-cyril-baille/photo/photoFull.a2503fca1a2646233602741328f9c3f7893fa1e1,Cyril Baille,Toulouse,TLS,FRONT_ROW,1ère ligne,2022-2023,9,390.0,43.3,6.36,,,0.0,,,,0.0,1.44,,,0.0,,,,,lnr,29.0,182.0,118.0,France,92.85714285714286,92.91338582677166,65.0,69.2,0.75,0,100,0,7,30,90,,15.3,↘,5,"[22.6, 34.7, 29.7, 5.9, 7.2]",100,2.96,1ère Ligne,1L,75,Haute,False,Basse,False,63,30.8,79.6,France,42.0,cluster_1,94.8,100.0,50.0,93.7,66.4,83.5,88.2,0.4599999999999994,,,,,,
lnr_708,708,daniel-bibi-biziwu,https://cdn.lnr.fr/joueur/708-daniel-bibi-biziwu/photo/photoFull.b948a9307d0771aeee5c40d614c45938eb2eb700,D. Bibi Biziwu,Clermont,CLR,FRONT_ROW,1ère ligne,2022-2023,11,288.0,26.2,13.06,,,0.28,,,,0.0,0.0,,,0.0,,,,,lnr,21.0,183.0,119.0,France,93.36734693877553,93.7007874015748,75.7,70.5,0.6,0,0,0,92,39,91,,36.0,↘,5,"[29.8, 65.3, 12.9, 72.6, 26.8]",100,-1.03,1ère Ligne,1L,60,Moyenne,True,Basse,False,35,62.6,,,,,,,,,,,,0.0,,,,,,
lnr_1034,1034,davit-niniashvili,https://cdn.lnr.fr/joueur/1034-davit-niniashvili/photo/photoFull.7cb6d3e8fb1a9ef473f9440830017cd30be5f626,D. Niniashvili,Lyon,LOU,FULLBACK,Arrière,2022-2023,12,847.0,70.6,3.21,,,0.28,,,,1.13,2.36,,,3.59,,,,,lnr,,,,,0.0,0.0,73.2,70.7,1.0,54,83,63,12,70,0,3.59,28.0,→,5,"[10.5, 38.6, 55.0, 26.8, 24.9]",100,0.0,Arrière,ARR,100,Haute,False,Bonne,False,2,92.9,83.0,GEORG,20.0,cluster_0,92.7,90.4,51.1,90.3,71.1,93.4,79.6,0.8,,,,,,
lnr_695,695,damian-penaud,https://cdn.lnr.fr/joueur/695-damian-penaud/photo/photoFull.9db3e1c64b0fa647759e691550b9e8351884f243,Damian Penaud,Clermont,CLR,CENTRE,Centre,2022-2023,12,932.0,77.7,3.78,,,0.0,,,,0.86,0.86,,,2.58,,,,,lnr,,,,,0.0,0.0,66.4,66.7,1.0,99,65,90,6,30,0,,36.2,↗,5,"[9.6, 32.1, 29.5, 82.7, 28.8]",100,0.0,Centre,CTR,100,Haute,False,Bonne,False,19,48.6,87.0,France,42.0,cluster_1,94.6,88.6,50.0,87.3,77.2,96.8,90.7,1.2,,,,,,
lnr_1870,1870,daniel-robson,https://cdn.lnr.fr/joueur/1870-daniel-robson/photo/photoFull.bf4a801945c52387138b3325d9dd3bcf510292ab,Daniel Robson,Pau,PAU,SCRUM_HALF,Demi de mêlée,2022-2023,16,678.0,42.4,3.19,,,0.0,,,,0.71,0.71,,,0.59,,,,,lnr,31.0,173.0,82.0,Grande-Bretagne,88.26530612244898,64.56692913385827,66.7,63.4,1.0,72,62,19,0,30,89,0.59,13.6,↘,5,"[32.2, 32.2, 35.2, 9.0, 0]",100,2.0,Demi de mêlée,9,100,Haute,False,Moyenne,False,11,54.3,,,,,,,,,,,,0.0,,,,,,
lnr_2500,2500,david-ainuu,https://cdn.lnr.fr/joueur/2500-david-ainuu/photo/photoFull.7ca2942712296b23bc0c05ee5ba8a7306bef7b5e,David Ainuu,Toulouse,TLS,FRONT_ROW,1ère ligne,2022-2023,18,781.0,43.4,7.58,,,0.2,,,,0.0,0.1,,,0.0,,,,,lnr,23.0,178.0,122.0,Etats-Unis,90.81632653061224,96.06299212598424,61.8,62.4,1.0,0,8,0,22,36,92,,42.0,↗,5,"[44.7, 30.7, 35.4, 36.2, 70.2]",100,-0.16,1ère Ligne,1L,100,Haute,False,Moyenne,False,74,19.2,,,,,,,,,,,,0.0,,,,,,
lnr_1079,1079,demba-bamba,https://cdn.lnr.fr/joueur/1079-demba-bamba/photo/photoFull.8b942e992ebb42fdd1ca819c8cb833427c776cef,Demba Bamba,Lyon,LOU,FRONT_ROW,1ère ligne,2022-2023,12,668.0,55.7,9.34,,,0.12,,,,0.0,0.12,,,0.0,,,,,lnr,25.0,185.0,125.0,France,94.3877551020408,98.4251968503937,67.8,69.8,1.0,0,9,0,45,34,95,,60.5,↗,5,"[52.9, 65.6, 79.4, 64.2, 77.9]",100,1.26,1ère Ligne,1L,100,Haute,False,Moyenne,False,38,58.8,73.9,France,25.0,cluster_1,100.0,78.2,50.0,85.5,58.7,81.7,88.4,0.0,,,,,,
lnr_2431,2431,etonia-durugalo-bainivalu,https://cdn.lnr.fr/joueur/2431-etonia-durugalo-bainivalu/photo/photoFull.480357f8a58841fb619d15da8c0313b4686e9846,E. Bainivalu,Toulouse,TLS,CENTRE,Centre,2022-2023,2,87.0,43.5,13.79,,,0.92,,,,0.0,0.0,,,0.0,,,,,lnr,,,,,0.0,0.0,64.0,67.0,0.5,0,0,0,100,70,0,,50.0,→,0,[],100,0.0,Centre,CTR,50,Basse,True,Basse,True,14,62.9,,,,,,,,,,,,0.0,,,,,,
lnr_2632,2632,eneriko-buliruarua,https://cdn.lnr.fr/joueur/2632-eneriko-buliruarua/photo/photoFull.746d583d9f8a2aa9c322b15ebadc8acc096151d2,E. Buliruarua,Bayonne,BAY,CENTRE,Centre,2022-2023,16,794.0,49.6,5.84,,,0.3,,,,0.3,1.01,,,1.01,,,,,lnr,26.0,186.0,106.0,Fidji,94.89795918367348,83.46456692913385,77.4,73.7,1.0,35,77,35,39,63,95,,28.2,↘,5,"[41.2, 43.6, 43.6, 5.2, 37.3]",100,2.0,Centre,CTR,100,Haute,False,Moyenne,False,4,91.4,,,,,,,,,,,,0.0,,,,,,
lnr_2004,2004,edward-dratai-sawailau,https://cdn.lnr.fr/joueur/2004-edward-dratai-sawailau/photo/photoFull.c13853c24f9a438203d2dc57b45e48161a549ae5,E. Sawailau,Perpignan,PER,CENTRE,Centre,2022-2023,13,641.0,49.3,5.49,,,0.0,,,,0.5,0.87,,,1.87,,,,,lnr,,,,,0.0,0.0,63.5,63.5,1.0,58,66,65,33,30,0,,50.0,→,0,[],100,0.0,Centre,CTR,100,Haute,False,Moyenne,False,23,37.1,,,,,,,,,,,,0.0,,,,,,
lnr_2478,2478,edgar-retiere,https://cdn.lnr.fr/joueur/2478-edgar-retiere/photo/photoFull.df70eb994b7734bdf40e01b850e18c98079124f9,Edgar Retiere,Toulouse,TLS,FLY_HALF,Demi d'ouverture,2022-2023,8,176.0,22.0,6.36,,,0.0,,,,0.0,0.91,,,2.73,,,,,lnr,,,,,0.0,0.0,65.7,67.4,0.6,0,84,29,99,30,0,2.73,50.0,→,0,[],100,0.0,Ouvreur,10,60,Moyenne,True,Basse,False,5,75.0,,,,,,,,,,,,0.0,,,,,,
lnr_1905,1905,eliott-roudil,https://cdn.lnr.fr/joueur/1905-eliott-roudil/photo/photoFull.55223152d2bdf719adae33c3f4ef18c348eed132,Eliott Roudil,Pau,PAU,CENTRE,Centre,2022-2023,7,470.0,67.1,3.23,,,0.17,,,,0.17,0.0,,,0.0,,,,,lnr,,,,,0.0,0.0,50.1,55.1,0.75,20,0,0,0,49,0,,50.0,→,0,[],100,0.0,Centre,CTR,75,Haute,False,Moyenne,False,33,8.6,,,,,,,,,,,,0.0,,,,,,
lnr_2349,2349,emerick-setiano,https://cdn.lnr.fr/joueur/2349-emerick-setiano/photo/photoFull.1d6a32f7ce4a12d423552fb50b73687ec52ba345,Emerick Setiano,Toulon,TLN,FRONT_ROW,1ère ligne,2022-2023,15,419.0,27.9,10.88,,,0.38,,,,0.0,0.0,,,0.0,,,,,lnr,26.0,183.0,115.0,France,93.36734693877553,90.5511811023622,73.3,72.0,0.75,0,0,0,64,42,88,,43.5,→,5,"[47.8, 42.2, 2.5, 100, 5.1]",100,2.0,1ère Ligne,1L,75,Haute,False,Moyenne,False,21,76.9,,,,,,,,,,,,0.0,,,,,,
lnr_2780,2780,enzo-benmegal,https://cdn.lnr.fr/joueur/2780-enzo-benmegal/photo/photoFull.fe5b6edecb877fb4ff7853edcd6a3662574bc87d,Enzo Benmegal,Racing 92,R92,WINGER,Ailier,2022-2023,3,160.0,53.3,1.0,,,0.0,,,,0.5,1.0,,,2.5,,,,,lnr,,,,,0.0,0.0,61.1,64.7,0.6,37,60,81,0,30,0,2.5,50.0,→,0,[],100,0.0,Ailier,AIL,60,Moyenne,True,Basse,True,11,54.5,,,,,,,,,,,,0.0,,,,,,
lnr_1941,1941,eoghan-barrett,https://cdn.lnr.fr/joueur/1941-eoghan-barrett/photo/photoFull.58e6e4b7761b3420a57c37233cfce5ad6a1e7fad,Eoghan Barrett,Pau,PAU,CENTRE,Centre,2022-2023,2,129.0,64.5,4.96,,,0.0,,,,0.0,0.0,,,3.1,,,,,lnr,,,,,0.0,0.0,46.0,58.0,0.5,0,0,100,25,30,0,,50.0,→,0,[],100,0.0,Centre,CTR,50,Basse,True,Basse,True,32,11.4,,,,,,,,,,,,0.0,,,,,,
lnr_657,657,etienne-fourcade,https://cdn.lnr.fr/joueur/657-etienne-fourcade/photo/photoFull.b5e9990d9a31ede8327da9bafe6aeb896ea144f3,Etienne Fourcade,Clermont,CLR,FRONT_ROW,1ère ligne,2022-2023,1,679.0,,7.89,,,0.35,,,,0.24,0.71,,,0.0,,,,,lnr,26.0,180.0,103.0,France,91.83673469387756,81.10236220472441,69.5,68.3,1.0,80,56,0,26,41,81,,36.1,↗,5,"[45.4, 19.9, 54.3, 43.2, 39.3]",100,2.0,1ère Ligne,1L,100,Haute,False,Basse,True,45,51.6,,,,,,,,,,,,0.0,,,,,,
lnr_656,656,francois-carlo-mey,https://cdn.lnr.fr/joueur/656-francois-carlo-mey/photo/photoFull.8a8276a94cfaec44d9ad851c959e24101861b746,F. Mey,Clermont,CLR,CENTRE,Centre,2022-2023,2,86.0,43.0,5.58,,,0.0,,,,0.0,0.0,,,0.0,,,,,lnr,,,,,0.0,0.0,47.2,58.6,0.5,0,0,0,35,30,0,,50.0,→,0,[],100,0.0,Centre,CTR,50,Basse,True,Basse,True,31,14.3,,,,,,,,,,,,0.0,,,,,,
lnr_280,280,federico-mori,https://cdn.lnr.fr/joueur/280-federico-mori/photo/photoFull.1d6a32f7ce4a12d423552fb50b73687ec52ba345,F. Mori,Bordeaux,BOR,CENTRE,Centre,2022-2023,7,502.0,71.7,3.51,,,0.16,,,,0.64,1.12,,,2.39,,,,,lnr,22.0,188.0,108.0,Italie,95.91836734693877,85.03937007874016,73.6,67.3,0.75,74,85,84,1,47,96,,11.8,↘,5,"[34.7, 6.5, 7.3, 0, 20.7]",100,-0.67,Centre,CTR,75,Haute,False,Moyenne,False,13,65.7,65.8,ITALY,15.0,cluster_1,75.5,77.1,50.0,82.2,55.8,65.6,80.7,0.0,,,,,,
lnr_624,624,florent-vanverberghe,https://cdn.lnr.fr/joueur/624-florent-vanverberghe/photo/photoFull.50e0d211418fb8267083232d5e5561b6e88fe79f,F. Vanverberghe,Castres,CAS,LOCK,2ème ligne,2022-2023,1,851.0,,13.07,,,0.19,,,,0.0,0.09,,,0.0,,,,,lnr,22.0,198.0,120.0,France,100.0,94.48818897637796,77.0,74.8,1.0,0,7,0,88,39,99,,44.7,↘,5,"[82.5, 59.6, 82.5, 59.6, 21.0]",100,-0.67,2ème Ligne,2L,100,Haute,False,Basse,True,6,86.8,,,,,,,,,,,,0.0,,,,,,
lnr_1900,1900,fabrice-metz,https://cdn.lnr.fr/joueur/1900-fabrice-metz/photo/photoFull.55223152d2bdf719adae33c3f4ef18c348eed132,Fabrice Metz,Pau,PAU,LOCK,2ème ligne,2022-2023,13,677.0,52.1,10.52,,,0.0,,,,0.0,0.0,,,0.0,,,,,lnr,,,,,0.0,0.0,54.1,54.1,1.0,0,0,0,53,30,0,,50.0,→,0,[],100,0.0,2ème Ligne,2L,100,Haute,False,Moyenne,False,36,7.9,,,,,,,,,,,,0.0,,,,,,
lnr_1438,1438,florian-verhaeghe,https://cdn.lnr.fr/joueur/1438-florian-verhaeghe/photo/photoFull.4cb2a4ab19ab443ff7739b68884b2f51b78c1bab,Florian Verhaeghe,Montpellier,MHR,LOCK,2ème ligne,2022-2023,1,624.0,,12.31,,,0.26,,,,0.0,1.28,,,0.0,,,,,lnr,25.0,,110.0,France,0.0,86.61417322834646,70.9,69.8,1.0,0,97,0,77,43,13,,39.8,↗,5,"[43.9, 11.0, 64.8, 35.4, 55.7]",100,1.26,2ème Ligne,2L,100,Haute,False,Basse,True,15,63.2,,,,,,,,,,,,0.0,,,,,,
lnr_2453,2453,francois-cros,https://cdn.lnr.fr/joueur/2453-francois-cros/photo/photoFull.a2503fca1a2646233602741328f9c3f7893fa1e1,Francois Cros,Toulouse,TLS,BACK_ROW,3ème ligne,2022-2023,10,571.0,57.1,7.71,,,0.42,,,,0.7,0.42,,,0.7,,,,,lnr,29.0,190.0,111.0,France,96.93877551020408,87.4015748031496,66.3,71.9,0.75,100,30,37,18,42,95,,74.1,→,2,"[100, 75.9]",100,2.96,3ème Ligne,3L,75,Haute,False,Moyenne,False,11,77.8,67.6,France,25.0,cluster_1,61.3,57.0,50.0,90.8,77.7,56.7,86.9,0.0,,,,,,
lnr_1095,1095,felix-lambey,https://cdn.lnr.fr/joueur/1095-felix-lambey/photo/photoFull.8e39a4ffde2d58962f9632bb5639326c8c077ac5,Félix Lambey,Lyon,LOU,LOCK,2ème ligne,2022-2023,1,955.0,,8.96,,,0.25,,,,0.0,0.75,,,0.0,,,,,lnr,29.0,196.0,107.0,France,100.0,84.25196850393701,70.9,74.7,1.0,0,57,0,31,42,97,,75.9,↗,5,"[59.2, 93.8, 74.0, 69.9, 100]",100,2.96,2ème Ligne,2L,100,Haute,False,Basse,True,7,84.2,77.7,France,10.0,cluster_1,95.6,85.2,50.0,90.8,62.3,84.0,88.3,0.2700000000000003,,,,,,
lnr_1009,1009,georges-henri-colombe-reazel,https://cdn.lnr.fr/joueur/1009-georges-henri-colombe-reazel/photo/photoFull.a2503fca1a2646233602741328f9c3f7893fa1e1,G. Colombe Reazel,La Rochelle,LRO,FRONT_ROW,1ère ligne,2022-2023,20,798.0,39.9,4.61,,,0.9,,,,0.2,0.2,,,0.5,,,,,lnr,25.0,193.0,142.0,France,98.46938775510203,100.0,69.1,67.8,1.0,67,16,28,0,58,100,,35.1,↗,5,"[3.4, 24.9, 33.7, 58.3, 43.9]",100,1.26,1ère Ligne,1L,100,Haute,False,Moyenne,False,50,46.2,,,,,,,,,,,,0.0,,,,,,
lnr_2484,2484,guillaume-cramont,https://cdn.lnr.fr/joueur/2484-guillaume-cramont/photo/photoFull.a2503fca1a2646233602741328f9c3f7893fa1e1,G. Cramont,Toulouse,TLS,FRONT_ROW,1ère ligne,2022-2023,14,601.0,42.9,10.25,,,0.0,,,,0.27,0.8,,,0.67,,,,,lnr,22.0,183.0,107.0,France,93.36734693877553,84.25196850393701,71.0,70.7,1.0,90,63,38,56,30,84,,50.1,↗,5,"[53.4, 24.7, 55.9, 22.6, 97.0]",100,-0.67,1ère Ligne,1L,100,Haute,False,Moyenne,False,31,65.9,,,,,,,,,,,,0.0,,,,,,
lnr_337,337,geoffrey-cros,https://cdn.lnr.fr/joueur/337-geoffrey-cros/photo/photoFull.5130516f3d5f5fbc23b3eaab6efe1a2b3082c3df,G. Cros,Bordeaux,BOR,FULLBACK,Arrière,2022-2023,3,226.0,75.3,3.19,,,0.0,,,,0.71,0.71,,,1.77,,,,,lnr,,,,,0.0,0.0,55.6,61.4,0.6,34,25,31,12,30,0,1.77,50.0,→,0,[],100,0.0,Arrière,ARR,60,Moyenne,True,Basse,True,6,60.7,,,,,,,,,,,,0.0,,,,,,
lnr_612,612,gauthier-doubrere,https://cdn.lnr.fr/joueur/612-gauthier-doubrere/photo/photoFull.50e0d211418fb8267083232d5e5561b6e88fe79f,G. Doubrere,Castres,CAS,SCRUM_HALF,Demi de mêlée,2022-2023,13,339.0,26.1,9.68,,,0.0,,,,0.24,0.24,,,2.36,,,,,lnr,27.0,176.0,82.0,France,89.79591836734694,64.56692913385827,65.5,66.7,0.75,24,21,74,100,30,90,2.36,35.9,↗,5,"[0, 0, 100, 0, 21.6]",100,2.61,Demi de mêlée,9,75,Haute,False,Basse,False,9,65.2,,,,,,,,,,,,0.0,,,,,,
lnr_3233,3233,giorgi-dzmanashvili,https://cdn.lnr.fr/joueur/3233-giorgi-dzmanashvili/photo/photoFull.b5e9990d9a31ede8327da9bafe6aeb896ea144f3,G. Dzmanashvili,Clermont,CLR,FRONT_ROW,1ère ligne,2022-2023,6,115.0,19.2,9.74,,,0.7,,,,0.0,0.0,,,0.0,,,,,lnr,20.0,186.0,122.0,Géorgie,94.89795918367348,96.06299212598424,70.8,66.2,0.5,0,0,0,50,52,93,,21.4,↘,5,"[19.9, 64.2, 27.3, 0, 27.3]",100,-1.25,1ère Ligne,1L,50,Basse,True,Basse,True,53,42.3,,,,,,,,,,,,0.0,,,,,,
lnr_2190,2190,guram-gogichashvili,https://cdn.lnr.fr/joueur/2190-guram-gogichashvili/photo/photoFull.d27019f52768bff9ad76599574dced3c5044bc4f,G. Gogichashvili,Racing 92,R92,FRONT_ROW,1ère ligne,2022-2023,18,801.0,44.5,11.39,,,0.3,,,,0.4,0.2,,,0.5,,,,,lnr,24.0,183.0,118.0,Géorgie,93.36734693877553,92.91338582677166,76.7,75.2,1.0,100,16,28,71,39,90,,47.7,↗,5,"[52.3, 41.2, 79.4, 39.4, 60.1]",100,0.5,1ère Ligne,1L,100,Haute,False,Bonne,False,9,91.2,73.3,GEORG,36.0,cluster_0,59.3,50.2,50.0,89.0,78.6,53.9,85.0,0.0,,,,,,
lnr_2201,2201,gia-kharaishvili,https://cdn.lnr.fr/joueur/2201-gia-kharaishvili/photo/photoFull.d27019f52768bff9ad76599574dced3c5044bc4f,G. Kharaishvili,Racing 92,R92,FRONT_ROW,1ère ligne,2022-2023,13,464.0,35.7,8.62,,,0.17,,,,0.0,0.0,,,0.86,,,,,lnr,24.0,180.0,120.0,Géorgie,91.83673469387756,94.48818897637796,64.4,64.9,0.75,0,0,49,35,35,91,,33.9,→,5,"[32.8, 39.8, 82.3, 26.0, 26.6]",100,0.5,1ère Ligne,1L,75,Haute,False,Moyenne,False,58,36.8,,,,,,,,,,,,0.0,,,,,,
lnr_580,580,gauthier-maravat,https://cdn.lnr.fr/joueur/580-gauthier-maravat/photo/photoFull.bf7e6b3668f1d7c40821cbfca4c5f267bcf81dfe,G. Maravat,Castres,CAS,BACK_ROW,3ème ligne,2022-2023,1,780.0,,7.38,,,0.1,,,,0.0,0.0,,,0.0,,,,,lnr,22.0,198.0,112.0,France,100.0,88.18897637795276,52.0,53.7,1.0,0,0,0,14,33,97,,35.2,↘,5,"[100, 68.7, 38.6, 0, 36.7]",100,-0.67,3ème Ligne,3L,100,Haute,False,Basse,True,44,4.4,,,,,,,,,,,,0.0,,,,,,
lnr_1084,1084,guillaume-marchand,https://cdn.lnr.fr/joueur/1084-guillaume-marchand/photo/photoFull.8e39a4ffde2d58962f9632bb5639326c8c077ac5,G. Marchand,Lyon,LOU,FRONT_ROW,1ère ligne,2022-2023,1,793.0,,11.8,,,0.3,,,,0.0,0.3,,,0.0,,,,,lnr,24.0,183.0,105.0,France,93.36734693877553,82.67716535433071,73.9,74.0,1.0,0,24,0,76,39,82,,52.6,↘,5,"[83.8, 81.0, 38.2, 52.4, 66.6]",100,0.5,1ère Ligne,1L,100,Haute,False,Basse,True,15,84.6,80.2,France,28.0,cluster_1,97.3,91.7,50.0,90.1,57.0,70.1,89.4,0.5200000000000002,,,,,,
lnr_2657,2657,guillaume-martocq,https://cdn.lnr.fr/joueur/2657-guillaume-martocq/photo/photoFull.1d6a32f7ce4a12d423552fb50b73687ec52ba345,G. Martocq,Bayonne,BAY,CENTRE,Centre,2022-2023,18,717.0,39.8,10.04,,,0.22,,,,0.56,0.11,,,1.67,,,,,lnr,23.0,183.0,94.0,France,93.36734693877553,74.01574803149606,76.2,72.9,1.0,64,8,58,100,54,87,,33.0,↘,5,"[41.2, 43.5, 9.1, 21.1, 59.4]",100,-0.16,Centre,CTR,100,Haute,False,Moyenne,False,5,88.6,,,,,,,,,,,,0.0,,,,,,
lnr_1990,1990,giorgi-tetrashvili,https://cdn.lnr.fr/joueur/1990-giorgi-tetrashvili/photo/photoFull.746d583d9f8a2aa9c322b15ebadc8acc096151d2,G. Tetrashvili,Perpignan,PER,FRONT_ROW,1ère ligne,2022-2023,18,698.0,38.8,10.2,,,0.23,,,,0.0,0.0,,,0.0,,,,,lnr,29.0,177.0,114.0,Géorgie,90.3061224489796,89.76377952755905,71.0,70.6,1.0,0,0,0,56,37,87,,43.6,↗,5,"[3.6, 3.6, 98.5, 73.2, 37.7]",100,2.96,1ère Ligne,1L,100,Haute,False,Moyenne,False,34,63.7,52.2,GEORG,7.0,cluster_0,50.0,50.0,50.0,50.0,100.0,50.0,50.0,0.0,,,,,,
lnr_1411,1411,gabin-rocher,https://cdn.lnr.fr/joueur/1411-gabin-rocher/photo/photoFull.22d524affa325bfad2a5469bb23df8603fc2554d,Gabin Rocher,Montpellier,MHR,WINGER,Ailier,2022-2023,1,48.0,,3.33,,,0.0,,,,0.0,0.0,,,0.0,,,,,lnr,,,,,0.0,0.0,48.2,59.1,0.5,0,0,0,37,30,0,0.0,50.0,→,0,[],100,0.0,Ailier,AIL,50,Basse,True,Basse,True,18,22.7,,,,,,,,,,,,0.0,,,,,,
lnr_1444,1444,gabriel-ngandebe,https://cdn.lnr.fr/joueur/1444-gabriel-ngandebe/photo/photoFull.4cb2a4ab19ab443ff7739b68884b2f51b78c1bab,Gabriel Ngandebe,Montpellier,MHR,WINGER,Ailier,2022-2023,13,913.0,70.2,3.15,,,0.09,,,,0.26,0.35,,,1.31,,,,,lnr,,,,,0.0,0.0,55.5,54.5,1.0,19,21,43,34,37,0,1.31,17.4,↘,5,"[18.3, 34.7, 11.8, 17.7, 16.1]",100,0.0,Ailier,AIL,100,Haute,False,Bonne,False,21,9.1,,,,,,,,,,,,0.0,,,,,,
lnr_2168,2168,gael-fickou,https://cdn.lnr.fr/joueur/2168-gael-fickou/photo/photoFull.8b942e992ebb42fdd1ca819c8cb833427c776cef,Gael Fickou,Racing 92,R92,CENTRE,Centre,2022-2023,12,826.0,68.8,7.75,,,0.0,,,,0.48,1.07,,,3.39,,,,,lnr,29.0,190.0,99.0,France,96.93877551020408,77.95275590551181,77.9,74.6,1.0,55,81,100,70,30,92,,28.0,↗,5,"[22.9, 27.5, 38.6, 44.3, 21.6]",100,2.96,Centre,CTR,100,Haute,False,Bonne,False,3,94.3,77.5,France,65.0,cluster_1,87.6,71.9,50.0,93.7,77.3,76.9,93.6,0.25,,,,,,
lnr_2300,2300,gael-drean,https://cdn.lnr.fr/joueur/2300-gael-drean/photo/photoFull.2eaacbd11c12f10f571df4cbac07c560d1665acd,Gaël Drean,Toulon,TLN,WINGER,Ailier,2022-2023,10,672.0,67.2,3.57,,,0.24,,,,0.83,0.24,,,1.19,,,,,lnr,22.0,184.0,84.0,France,93.87755102040816,66.14173228346458,68.9,65.2,1.0,61,14,39,41,49,85,1.19,18.2,→,5,"[12.9, 19.6, 19.6, 13.7, 24.2]",100,-0.67,Ailier,AIL,100,Haute,False,Moyenne,False,10,59.1,,,,,,,,,,,,0.0,,,,,,
lnr_1447,1447,gela-aprasidze,https://cdn.lnr.fr/joueur/1447-gela-aprasidze/photo/photoFull.746d583d9f8a2aa9c322b15ebadc8acc096151d2,Gela Aprasidze,Montpellier,MHR,SCRUM_HALF,Demi de mêlée,2022-2023,1,313.0,,6.13,,,0.0,,,,0.0,1.02,,,0.0,,,,,lnr,25.0,175.0,70.0,Géorgie,89.28571428571429,55.11811023622048,70.7,67.7,0.75,0,89,0,42,30,82,0.0,22.4,↘,5,"[31.3, 6.7, 18.3, 0, 51.8]",100,1.26,Demi de mêlée,9,75,Haute,False,Basse,True,7,73.9,66.9,GEORG,45.0,cluster_0,57.3,70.2,52.6,87.6,91.9,57.6,88.1,0.0,,,,,,
lnr_662,662,giorgi-beria,https://cdn.lnr.fr/joueur/662-giorgi-beria/photo/photoFull.746d583d9f8a2aa9c322b15ebadc8acc096151d2,Giorgi Beria,Clermont,CLR,FRONT_ROW,1ère ligne,2022-2023,21,756.0,36.0,12.8,,,0.21,,,,0.11,0.42,,,0.53,,,,,lnr,23.0,175.0,108.0,France,89.28571428571429,85.03937007874016,77.0,76.3,1.0,37,33,30,89,37,83,,55.9,↗,5,"[77.7, 30.3, 96.8, 100, 27.6]",100,-0.16,1ère Ligne,1L,100,Haute,False,Moyenne,False,7,93.4,,,,,,,,,,,,0.0,,,,,,
lnr_1887,1887,guram-papidze,https://cdn.lnr.fr/joueur/1887-guram-papidze/photo/photoFull.bf4a801945c52387138b3325d9dd3bcf510292ab,Guram Papidze,Pau,PAU,FRONT_ROW,1ère ligne,2022-2023,22,906.0,41.2,10.68,,,0.09,,,,0.0,0.09,,,0.44,,,,,lnr,25.0,187.0,122.0,Géorgie,95.40816326530611,96.06299212598424,70.6,70.7,1.0,0,7,25,62,33,93,,49.9,↗,5,"[14.6, 76.1, 95.9, 68.7, 36.2]",100,1.26,1ère Ligne,1L,100,Haute,False,Bonne,False,31,65.9,67.4,GEORG,8.0,cluster_0,55.5,50.2,50.0,90.5,70.3,55.3,73.2,0.0,,,,,,
lnr_3544,3544,hugo-gomes-camacho,https://cdn.lnr.fr/joueur/3544-hugo-gomes-camacho/photo/photoFull.3bdbafd9a091ef5bb037d3de56d946eed2f8ad5f,H. Gomes Camacho,Bayonne,BAY,SCRUM_HALF,Demi de mêlée,2022-2023,1,56.0,,4.29,,,0.0,,,,0.0,0.0,,,0.0,,,,,lnr,,,,,0.0,0.0,45.6,57.8,0.5,0,0,0,12,30,0,0.0,50.0,→,0,[],100,0.0,Demi de mêlée,9,50,Basse,True,Basse,True,22,8.7,,,,,,,,,,,,0.0,,,,,,
lnr_1107,1107,hamza-kaabeche,https://cdn.lnr.fr/joueur/1107-hamza-kaabeche/photo/photoFull.8e39a4ffde2d58962f9632bb5639326c8c077ac5,Hamza Kaabeche,Lyon,LOU,FRONT_ROW,1ère ligne,2022-2023,15,599.0,39.9,9.35,,,0.53,,,,0.0,0.8,,,0.0,,,,,lnr,26.0,189.0,114.0,France,96.42857142857144,89.76377952755905,74.3,72.0,0.75,0,63,0,45,46,88,,38.9,→,5,"[24.7, 59.2, 51.8, 27.6, 52.4]",100,2.0,1ère Ligne,1L,75,Haute,False,Moyenne,False,21,76.9,,,,,,,,,,,,0.0,,,,,,
lnr_2175,2175,hassane-kolingar,https://cdn.lnr.fr/joueur/2175-hassane-kolingar/photo/photoFull.d27019f52768bff9ad76599574dced3c5044bc4f,Hassane Kolingar,Racing 92,R92,FRONT_ROW,1ère ligne,2022-2023,9,390.0,43.3,12.51,,,0.21,,,,0.0,0.0,,,1.03,,,,,lnr,25.0,184.0,115.0,France,93.87755102040816,90.5511811023622,75.4,78.0,0.75,0,0,59,85,37,89,,85.1,↗,5,"[100, 44.3, 92.5, 68.7, 100]",100,1.26,1ère Ligne,1L,75,Haute,False,Basse,False,5,95.6,,,,,,,,,,,,0.0,,,,,,
lnr_964,964,hoani-bosmorin,https://cdn.lnr.fr/joueur/964-hoani-bosmorin/photo/photoFull.7cb6d3e8fb1a9ef473f9440830017cd30be5f626,Hoani Bosmorin,La Rochelle,LRO,WINGER,Ailier,2022-2023,2,51.0,25.5,1.57,,,0.0,,,,1.57,0.0,,,7.84,,,,,lnr,18.0,184.0,78.0,France,93.87755102040816,61.41732283464568,72.9,65.9,0.5,100,0,100,9,30,81,7.84,13.2,↗,5,"[7.2, 11.5, 19.1, 36.8, 0]",100,-1.45,Ailier,AIL,50,Basse,True,Basse,True,8,68.2,,,,,,,,,,,,0.0,,,,,,
lnr_1845,1845,hugo-auradou,https://cdn.lnr.fr/joueur/1845-hugo-auradou/photo/photoFull.bf4a801945c52387138b3325d9dd3bcf510292ab,Hugo Auradou,Pau,PAU,LOCK,2ème ligne,2022-2023,1,629.0,,15.01,,,0.13,,,,0.0,0.25,,,0.0,,,,,lnr,,,,,0.0,0.0,68.5,66.3,1.0,0,19,0,100,36,0,,28.8,↗,5,"[32.1, 32.1, 47.8, 50.4, 11.8]",100,0.0,2ème Ligne,2L,100,Haute,False,Basse,True,21,47.4,,,,,,,,,,,,0.0,,,,,,
lnr_949,949,hugo-reus,https://cdn.lnr.fr/joueur/949-hugo-reus/photo/photoFull.14f86258177c199d0ec3ee9450197974d20d92b1,Hugo Reus,La Rochelle,LRO,FLY_HALF,Demi d'ouverture,2022-2023,6,264.0,44.0,3.64,,,0.0,,,,0.61,0.3,,,10.0,,,,,lnr,19.0,183.0,83.0,France,93.36734693877553,65.35433070866141,67.2,64.8,0.6,60,28,100,43,30,92,10.0,23.6,↗,5,"[14.4, 18.5, 18.5, 47.8, 19.2]",100,-1.38,Ouvreur,10,60,Moyenne,True,Basse,False,9,50.0,,,,,,,,,,,,0.0,,,,,,
lnr_354,354,hugo-zabalza,https://cdn.lnr.fr/joueur/354-hugo-zabalza/photo/photoFull.ea925ef6b0eeeaf7d1d25216bea712a737700f9f,Hugo Zabalza,Bordeaux,BOR,SCRUM_HALF,Demi de mêlée,2022-2023,6,60.0,10.0,8.0,,,1.33,,,,0.0,0.0,,,0.0,,,,,lnr,23.0,176.0,82.0,France,89.79591836734694,64.56692913385827,65.7,65.3,0.5,0,0,0,73,70,90,0.0,25.5,→,5,"[27.3, 30.7, 36.3, 29.3, 22.8]",100,-0.16,Demi de mêlée,9,50,Basse,True,Basse,True,10,60.9,,,,,,,,,,,,0.0,,,,,,
lnr_2393,2393,ian-boubila,https://cdn.lnr.fr/joueur/2393-ian-boubila/photo/photoFull.d12b43ca6e7fc340fc47e57d679419cdf389ce62,Ian Boubila,Toulouse,TLS,FRONT_ROW,1ère ligne,2022-2023,7,118.0,16.9,6.78,,,0.68,,,,0.0,1.36,,,0.0,,,,,lnr,,,,,0.0,0.0,56.3,63.2,0.5,0,100,0,12,51,0,,50.0,→,0,[],100,0.0,1ère Ligne,1L,50,Basse,True,Basse,True,71,23.1,,,,,,,,,,,,0.0,,,,,,
lnr_1885,1885,ignacio-calles,https://cdn.lnr.fr/joueur/1885-ignacio-calles/photo/photoFull.1d6a32f7ce4a12d423552fb50b73687ec52ba345,Ignacio Calles,Pau,PAU,FRONT_ROW,1ère ligne,2022-2023,22,908.0,41.3,8.37,,,0.0,,,,0.0,0.26,,,0.44,,,,,lnr,27.0,187.0,116.0,Argentine,95.40816326530611,91.33858267716536,65.0,63.4,1.0,0,21,25,32,30,89,,23.9,↘,5,"[41.2, 28.4, 44.6, 3.1, 28.9]",100,2.61,1ère Ligne,1L,100,Haute,False,Bonne,False,69,24.7,,,,,,,,,,,,0.0,,,,,,
lnr_675,675,judicael-cancoriet,https://cdn.lnr.fr/joueur/675-judicael-cancoriet/photo/photoFull.7cb6d3e8fb1a9ef473f9440830017cd30be5f626,J. Cancoriet,Clermont,CLR,BACK_ROW,3ème ligne,2022-2023,1,644.0,,9.44,,,0.0,,,,0.12,0.25,,,0.0,,,,,lnr,26.0,194.0,112.0,France,98.9795918367347,88.18897637795276,60.0,61.1,1.0,18,18,0,39,30,96,,39.1,↗,5,"[41.7, 41.7, 35.6, 21.9, 67.1]",100,2.0,3ème Ligne,3L,100,Haute,False,Basse,True,39,15.6,,,,,,,,,,,,0.0,,,,,,
lnr_611,611,jeremy-fernandez,https://cdn.lnr.fr/joueur/611-jeremy-fernandez/photo/photoFull.50e0d211418fb8267083232d5e5561b6e88fe79f,J. Fernandez,Castres,CAS,SCRUM_HALF,Demi de mêlée,2022-2023,9,364.0,40.4,8.13,,,0.0,,,,0.44,1.1,,,1.1,,,,,lnr,25.0,176.0,90.0,France,89.79591836734694,70.86614173228347,78.4,73.2,0.75,44,96,35,75,30,93,1.1,30.2,↘,5,"[45.0, 21.1, 37.3, 41.2, 28.7]",100,1.26,Demi de mêlée,9,75,Haute,False,Basse,False,3,91.3,,,,,,,,,,,,0.0,,,,,,
lnr_2358,2358,jean-baptiste-gros,https://cdn.lnr.fr/joueur/2358-jean-baptiste-gros/photo/photoFull.2eaacbd11c12f10f571df4cbac07c560d1665acd,J. Gros,Toulon,TLN,FRONT_ROW,1ère ligne,2022-2023,8,334.0,41.8,10.06,,,0.0,,,,0.0,0.24,,,0.0,,,,,lnr,23.0,186.0,112.0,France,94.89795918367348,88.18897637795276,66.2,66.5,0.75,0,19,0,54,30,87,,40.3,↘,5,"[63.4, 47.8, 19.9, 19.9, 73.1]",100,-0.16,1ère Ligne,1L,75,Haute,False,Basse,False,52,44.0,72.2,France,21.0,cluster_1,58.0,52.6,50.0,90.2,77.0,50.0,87.9,0.0,,,,,,
lnr_1782,1782,james-robert-hall,https://cdn.lnr.fr/joueur/1782-james-robert-hall/photo/photoFull.746d583d9f8a2aa9c322b15ebadc8acc096151d2,J. Hall,Paris,SFP,SCRUM_HALF,Demi de mêlée,2022-2023,20,563.0,28.1,9.24,,,0.14,,,,0.57,0.57,,,2.13,,,,,lnr,27.0,173.0,82.0,Afrique du Sud,88.26530612244898,64.56692913385827,74.4,71.7,0.75,57,50,67,93,35,89,2.13,33.7,↘,5,"[34.0, 34.0, 19.1, 50.4, 41.2]",100,2.61,Demi de mêlée,9,75,Haute,False,Moyenne,False,4,87.0,,,,,,,,,,,,0.0,,,,,,
lnr_2127,2127,jonathan-maiau,https://cdn.lnr.fr/joueur/2127-jonathan-maiau/photo/photoFull.3bdbafd9a091ef5bb037d3de56d946eed2f8ad5f,J. Maiau,Racing 92,R92,FRONT_ROW,1ère ligne,2022-2023,4,88.0,22.0,10.91,,,0.0,,,,0.0,0.0,,,0.0,,,,,lnr,,,,,0.0,0.0,55.1,62.5,0.5,0,0,0,65,30,0,,50.0,→,0,[],100,0.0,1ère Ligne,1L,50,Basse,True,Basse,True,72,21.4,,,,,,,,,,,,0.0,,,,,,
lnr_2503,2503,juan-cruz-mallia,https://cdn.lnr.fr/joueur/2503-juan-cruz-mallia/photo/photoFull.2697f7f0cb7b3da001ecdd411641ac7914939acd,J. Mallia,Toulouse,TLS,WINGER,Ailier,2022-2023,14,865.0,61.8,4.53,,,0.0,,,,0.83,1.02,,,2.59,,,,,lnr,26.0,182.0,89.0,Argentine,92.85714285714286,70.07874015748031,75.1,70.3,1.0,61,61,84,56,30,87,2.59,15.4,→,2,"[28.8, 6.6]",100,2.0,Ailier,AIL,100,Haute,False,Bonne,False,4,86.4,67.0,Argentine,45.0,cluster_1,66.3,66.5,52.0,88.7,88.9,61.3,89.3,0.0,,,,,,
lnr_1074,1074,josiah-meihana-maraku,https://cdn.lnr.fr/joueur/1074-josiah-meihana-maraku/photo/photoFull.8e39a4ffde2d58962f9632bb5639326c8c077ac5,J. Maraku,Lyon,LOU,CENTRE,Centre,2022-2023,14,919.0,65.6,5.4,,,0.0,,,,0.7,0.61,,,2.61,,,,,lnr,23.0,180.0,97.0,Nouvelle Zélande,91.83673469387756,76.37795275590551,69.7,67.5,1.0,81,46,91,32,30,89,,31.1,↘,5,"[39.9, 79.0, 27.5, 42.9, 16.7]",100,-0.16,Centre,CTR,100,Haute,False,Bonne,False,12,68.6,,,,,,,,,,,,0.0,,,,,,
lnr_2399,2399,joel-merkler-perez,https://cdn.lnr.fr/joueur/2399-joel-merkler-perez/photo/photoFull.a2503fca1a2646233602741328f9c3f7893fa1e1,J. Merkler Perez,Toulouse,TLS,FRONT_ROW,1ère ligne,2022-2023,8,204.0,25.5,9.8,,,0.0,,,,0.0,0.39,,,0.0,,,,,lnr,21.0,194.0,135.0,Espagne,98.9795918367347,100.0,68.0,71.8,0.6,0,31,0,51,30,100,,77.0,↗,5,"[54.1, 36.2, 60.6, 100, 100]",100,-1.03,1ère Ligne,1L,60,Moyenne,True,Basse,False,24,74.7,68.8,URUG,27.0,cluster_0,53.8,54.1,50.0,82.2,96.8,52.9,69.0,0.0,,,,,,
lnr_1083,1083,jerome-rey,https://cdn.lnr.fr/joueur/1083-jerome-rey/photo/photoFull.8e39a4ffde2d58962f9632bb5639326c8c077ac5,J. Rey,Lyon,LOU,FRONT_ROW,1ère ligne,2022-2023,18,624.0,34.7,8.97,,,0.0,,,,0.13,0.0,,,0.0,,,,,lnr,27.0,181.0,133.0,France,92.3469387755102,100.0,68.6,72.4,1.0,43,0,0,40,30,98,,75.3,↗,5,"[100, 67.3, 100, 100, 55.7]",100,2.61,1ère Ligne,1L,100,Haute,False,Moyenne,False,18,81.3,,,,,,,,,,,,0.0,,,,,,
lnr_970,970,joel-antonio-sclavi,https://cdn.lnr.fr/joueur/970-joel-antonio-sclavi/photo/photoFull.7cb6d3e8fb1a9ef473f9440830017cd30be5f626,J. Sclavi,La Rochelle,LRO,FRONT_ROW,1ère ligne,2022-2023,15,649.0,43.3,7.89,,,0.37,,,,0.0,0.0,,,3.08,,,,,lnr,28.0,188.0,135.0,Argentine,95.91836734693877,100.0,68.4,68.1,1.0,0,0,100,26,41,100,,39.9,↗,5,"[10.7, 5.9, 13.3, 12.1, 100]",100,2.96,1ère Ligne,1L,100,Haute,False,Moyenne,False,47,48.9,62.7,Argentine,15.0,cluster_1,57.6,50.0,50.0,91.1,60.1,50.0,79.7,0.0,,,,,,
lnr_1739,1739,juan-john-van-der-mescht,https://cdn.lnr.fr/joueur/1739-juan-john-van-der-mescht/photo/photoFull.af05d90330b88b7be458e288b68ca734babbf81c,J. Van Der Mescht,Paris,SFP,LOCK,2ème ligne,2022-2023,1,629.0,,7.25,,,0.25,,,,0.25,0.38,,,0.0,,,,,lnr,,,,,0.0,0.0,51.7,51.7,1.0,100,29,0,8,42,0,,50.0,→,0,[],100,0.0,2ème Ligne,2L,100,Haute,False,Basse,True,38,2.6,,,,,,,,,,,,0.0,,,,,,
lnr_693,693,jacobus-van-tonder,https://cdn.lnr.fr/joueur/693-jacobus-van-tonder/photo/photoFull.746d583d9f8a2aa9c322b15ebadc8acc096151d2,J. Van Tonder,Clermont,CLR,LOCK,2ème ligne,2022-2023,6,368.0,61.3,12.83,,,0.43,,,,0.0,0.22,,,0.0,,,,,lnr,25.0,197.0,118.0,Afrique du Sud,100.0,92.91338582677166,82.2,77.3,0.75,0,17,0,84,51,99,,45.3,↘,5,"[80.0, 77.2, 51.7, 43.9, 43.5]",100,1.26,2ème Ligne,2L,75,Haute,False,Basse,False,3,93.4,,,,,,,,,,,,0.0,,,,,,
lnr_2425,2425,jack-willis,https://cdn.lnr.fr/joueur/2425-jack-willis/photo/photoFull.a2503fca1a2646233602741328f9c3f7893fa1e1,Jack Willis,Toulouse,TLS,BACK_ROW,3ème ligne,2022-2023,11,524.0,47.6,9.31,,,1.37,,,,0.46,1.07,,,2.29,,,,,lnr,26.0,190.0,112.0,Angleterre,96.93877551020408,88.18897637795276,84.5,79.4,0.75,67,77,100,37,70,96,,49.3,→,5,"[34.5, 40.6, 23.5, 100, 50.6]",100,2.0,3ème Ligne,3L,75,Haute,False,Moyenne,False,2,97.8,70.7,Angleterre,9.0,cluster_1,54.5,50.0,50.0,91.8,92.2,67.4,81.1,0.0,,,,,,
lnr_1433,1433,jeremie-maurouard,https://cdn.lnr.fr/joueur/1433-jeremie-maurouard/photo/photoFull.7260593a1939529b8f58882fcd9327e3deee5c0d,Jeremie Maurouard,Montpellier,MHR,FRONT_ROW,1ère ligne,2022-2023,5,122.0,24.4,10.49,,,0.0,,,,0.0,1.97,,,0.0,,,,,lnr,30.0,180.0,95.0,France,91.83673469387756,74.80314960629921,73.1,70.9,0.5,0,100,0,59,30,76,,34.2,↗,5,"[0, 10.8, 57.0, 50.6, 41.8]",100,2.61,1ère Ligne,1L,50,Basse,True,Basse,True,30,68.1,,,,,,,,,,,,0.0,,,,,,
lnr_1955,1955,joaquin-oviedo,https://cdn.lnr.fr/joueur/1955-joaquin-oviedo/photo/photoFull.14f86258177c199d0ec3ee9450197974d20d92b1,Joaquin Oviedo,Perpignan,PER,BACK_ROW,3ème ligne,2022-2023,17,856.0,50.4,11.31,,,0.37,,,,0.28,1.4,,,1.4,,,,,lnr,21.0,191.0,113.0,Argentine,97.44897959183672,88.9763779527559,74.0,74.4,1.0,41,100,75,61,41,96,,61.9,↗,5,"[44.3, 89.7, 100, 90.6, 39.3]",100,-1.03,3ème Ligne,3L,100,Haute,False,Bonne,False,8,84.4,,,,,,,,,,,,0.0,,,,,,
lnr_1075,1075,joel-kpoku,https://cdn.lnr.fr/joueur/1075-joel-kpoku/photo/photoFull.bf4a801945c52387138b3325d9dd3bcf510292ab,Joel Kpoku,Lyon,LOU,LOCK,2ème ligne,2022-2023,15,680.0,45.3,9.65,,,0.12,,,,0.24,0.24,,,0.59,,,,,lnr,23.0,196.0,114.0,Angleterre,100.0,89.76377952755905,68.7,70.4,1.0,99,18,45,41,36,98,,62.3,→,3,"[65.3, 32.8, 100]",100,-0.16,2ème Ligne,2L,100,Haute,False,Moyenne,False,12,71.1,,,,,,,,,,,,0.0,,,,,,
lnr_1909,1909,jordan-joseph,https://cdn.lnr.fr/joueur/1909-jordan-joseph/photo/photoFull.d27019f52768bff9ad76599574dced3c5044bc4f,Jordan Joseph,Pau,PAU,LOCK,2ème ligne,2022-2023,16,879.0,54.9,8.37,,,0.82,,,,0.09,0.46,,,1.37,,,,,lnr,22.0,189.0,115.0,France,96.42857142857144,90.5511811023622,72.9,73.7,1.0,37,35,100,23,70,95,,61.0,↗,5,"[15.8, 41.8, 60.9, 54.2, 100]",100,-0.67,2ème Ligne,2L,100,Haute,False,Bonne,False,8,81.6,76.7,Angleterre,37.0,cluster_1,80.4,69.0,50.0,89.7,89.3,80.1,97.4,0.1700000000000003,,,,,,
lnr_1131,1131,jordan-taufua,https://cdn.lnr.fr/joueur/1131-jordan-taufua/photo/photoFull.26cc6cf714855a6cf7c756abb25365c92c92a46a,Jordan Taufua,Lyon,LOU,BACK_ROW,3ème ligne,2022-2023,11,521.0,47.4,9.67,,,0.61,,,,0.0,0.46,,,0.77,,,,,lnr,,,,,0.0,0.0,61.5,63.6,0.75,0,33,41,41,48,0,,50.0,→,0,[],100,0.0,3ème Ligne,3L,75,Haute,False,Moyenne,False,36,22.2,,,,,,,,,,,,0.0,,,,,,
lnr_2492,2492,joshua-brennan,https://cdn.lnr.fr/joueur/2492-joshua-brennan/photo/photoFull.7ca2942712296b23bc0c05ee5ba8a7306bef7b5e,Joshua Brennan,Toulouse,TLS,LOCK,2ème ligne,2022-2023,19,903.0,47.5,13.38,,,0.27,,,,0.0,0.62,,,0.0,,,,,lnr,21.0,199.0,118.0,France,100.0,92.91338582677166,81.3,77.3,1.0,0,47,0,92,43,99,,37.0,↘,5,"[62.3, 30.9, 10.1, 73.3, 35.3]",100,-1.03,2ème Ligne,2L,100,Haute,False,Bonne,False,3,93.4,,,,,,,,,,,,0.0,,,,,,
lnr_2290,2290,jules-coulon,https://cdn.lnr.fr/joueur/2290-jules-coulon/photo/photoFull.2eaacbd11c12f10f571df4cbac07c560d1665acd,Jules Coulon,Toulon,TLN,BACK_ROW,3ème ligne,2022-2023,5,190.0,38.0,7.16,,,1.26,,,,0.0,0.0,,,0.0,,,,,lnr,20.0,189.0,104.0,France,96.42857142857144,81.88976377952756,66.0,66.6,0.6,0,0,0,12,67,91,,43.4,↗,5,"[20.7, 16.4, 68.7, 36.7, 68.7]",100,-1.25,3ème Ligne,3L,60,Moyenne,True,Basse,False,28,38.9,,,,,,,,,,,,0.0,,,,,,
lnr_2289,2289,jules-danglot,https://cdn.lnr.fr/joueur/2289-jules-danglot/photo/photoFull.fb26dc620384a6249e4f25079e745b2cf06fe9f6,Jules Danglot,Toulon,TLN,SCRUM_HALF,Demi de mêlée,2022-2023,10,177.0,17.7,6.33,,,0.0,,,,0.0,0.9,,,0.0,,,,,lnr,,,,,0.0,0.0,65.1,67.1,0.6,0,79,0,46,30,0,0.0,50.0,→,0,[],100,0.0,Demi de mêlée,9,60,Moyenne,True,Basse,False,8,69.6,,,,,,,,,,,,0.0,,,,,,
lnr_995,995,jules-le-bail,https://cdn.lnr.fr/joueur/995-jules-le-bail/photo/photoFull.55223152d2bdf719adae33c3f4ef18c348eed132,Jules Le Bail,La Rochelle,LRO,SCRUM_HALF,Demi de mêlée,2022-2023,11,242.0,22.0,4.63,,,0.0,,,,0.0,0.66,,,1.98,,,,,lnr,,,,,0.0,0.0,58.6,63.1,0.6,0,58,62,18,30,0,1.98,50.0,→,0,[],100,0.0,Demi de mêlée,9,60,Moyenne,True,Basse,False,14,43.5,,,,,,,,,,,,0.0,,,,,,
lnr_678,678,jules-plisson,https://cdn.lnr.fr/joueur/678-jules-plisson/photo/photoFull.6fc701688372b38c2cd93e972d93fc323ab7f457,Jules Plisson,Clermont,CLR,FLY_HALF,Demi d'ouverture,2022-2023,24,980.0,40.8,4.08,,,0.0,,,,0.16,0.0,,,9.22,,,,,lnr,,,,,0.0,0.0,57.8,57.8,1.0,16,0,98,52,30,0,9.22,50.0,→,0,[],100,0.0,Ouvreur,10,100,Haute,False,Bonne,False,15,12.5,67.5,France,13.0,cluster_1,60.5,58.5,69.5,76.6,92.1,53.8,89.1,0.0,,,,,,
lnr_685,685,julien-heriteau,https://cdn.lnr.fr/joueur/685-julien-heriteau/photo/photoFull.66c8481f41dae2c760111c9de7f76f50fdc806b3,Julien Heriteau,Clermont,CLR,CENTRE,Centre,2022-2023,10,466.0,46.6,6.52,,,0.34,,,,0.0,0.34,,,0.86,,,,,lnr,,,,,0.0,0.0,60.4,62.8,0.75,0,26,30,50,67,0,,50.0,→,0,[],100,0.0,Centre,CTR,75,Haute,False,Moyenne,False,24,32.9,,,,,,,,,,,,0.0,,,,,,
lnr_2445,2445,julien-marchand,https://cdn.lnr.fr/joueur/2445-julien-marchand/photo/photoFull.a2503fca1a2646233602741328f9c3f7893fa1e1,Julien Marchand,Toulouse,TLS,FRONT_ROW,1ère ligne,2022-2023,15,687.0,45.8,6.4,,,1.4,,,,0.0,0.47,,,0.58,,,,,lnr,27.0,181.0,110.0,France,92.3469387755102,86.61417322834646,72.0,72.0,1.0,0,37,33,7,70,85,,45.0,↘,5,"[89.1, 58.1, 45.5, 23.4, 64.3]",100,2.61,1ère Ligne,1L,100,Haute,False,Moyenne,False,25,73.6,80.2,France,28.0,cluster_1,97.3,91.7,50.0,90.1,57.0,70.1,89.4,0.5200000000000002,,,,,,
lnr_1417,1417,julien-tisseron,https://cdn.lnr.fr/joueur/1417-julien-tisseron/photo/photoFull.5130516f3d5f5fbc23b3eaab6efe1a2b3082c3df,Julien Tisseron,Montpellier,MHR,FULLBACK,Arrière,2022-2023,15,932.0,62.1,3.95,,,0.09,,,,0.77,0.52,,,2.15,,,,,lnr,,,,,0.0,0.0,60.6,60.6,1.0,37,18,38,30,48,0,2.15,50.0,→,0,[],100,0.0,Arrière,ARR,100,Haute,False,Bonne,False,8,46.4,,,,,,,,,,,,0.0,,,,,,
lnr_2174,2174,kitione-kamikamica,https://cdn.lnr.fr/joueur/2174-kitione-kamikamica/photo/photoFull.55223152d2bdf719adae33c3f4ef18c348eed132,K. Kamikamica,Racing 92,R92,BACK_ROW,3ème ligne,2022-2023,15,806.0,53.7,9.83,,,0.6,,,,0.4,0.4,,,1.99,,,,,lnr,,,,,0.0,0.0,63.1,63.1,1.0,58,29,100,43,48,0,,50.0,→,0,[],100,0.0,3ème Ligne,3L,100,Haute,False,Bonne,False,37,20.0,,,,,,,,,,,,0.0,,,,,,
lnr_1375,1375,karl-anthony-martin,https://cdn.lnr.fr/joueur/1375-karl-anthony-martin/photo/photoFull.4cb2a4ab19ab443ff7739b68884b2f51b78c1bab,K. Martin,Montpellier,MHR,CENTRE,Centre,2022-2023,1,64.0,64.0,8.75,,,0.0,,,,2.5,2.5,,,0.0,,,,,lnr,21.0,189.0,100.0,Irlande,96.42857142857144,78.74015748031496,84.9,76.8,0.5,100,100,0,86,30,92,,61.7,→,3,"[23.6, 42.2, 100]",100,-1.03,Centre,CTR,50,Basse,True,Basse,True,1,100.0,,,,,,,,,,,,0.0,,,,,,
lnr_2643,2643,konstantine-mikautadze,https://cdn.lnr.fr/joueur/2643-konstantine-mikautadze/photo/photoFull.5130516f3d5f5fbc23b3eaab6efe1a2b3082c3df,K. Mikautadze,Bayonne,BAY,LOCK,2ème ligne,2022-2023,17,595.0,35.0,11.29,,,0.4,,,,0.0,0.13,,,0.0,,,,,lnr,,,,,0.0,0.0,63.0,64.8,0.75,0,10,0,63,49,0,,50.0,→,0,[],100,0.0,2ème Ligne,2L,75,Haute,False,Moyenne,False,23,42.1,75.0,GEORG,39.0,cluster_0,61.1,57.0,50.0,91.9,76.0,53.7,89.2,0.0,,,,,,
lnr_360,360,kane-douglas,https://cdn.lnr.fr/joueur/360-kane-douglas/photo/photoFull.01e7e4177db166b370a81655ed844dbb271b4fe2,Kane Douglas,Bordeaux,BOR,LOCK,2ème ligne,2022-2023,1,925.0,,7.96,,,0.35,,,,0.09,0.35,,,0.0,,,,,lnr,33.0,,119.0,Australie,0.0,93.7007874015748,54.0,55.4,1.0,37,27,0,17,47,14,,33.9,↘,5,"[56.5, 15.1, 35.5, 13.3, 60.9]",100,0.5,2ème Ligne,2L,100,Haute,False,Basse,True,34,13.2,65.2,Australie,11.0,cluster_1,56.4,52.8,50.0,77.4,68.1,50.0,77.8,0.0,,,,,,
lnr_2282,2282,kieran-brookes,https://cdn.lnr.fr/joueur/2282-kieran-brookes/photo/photoFull.14f86258177c199d0ec3ee9450197974d20d92b1,Kieran Brookes,Toulon,TLN,FRONT_ROW,1ère ligne,2022-2023,17,632.0,37.2,7.22,,,0.13,,,,0.0,0.0,,,0.0,,,,,lnr,32.0,187.0,120.0,Grande-Bretagne,95.40816326530611,94.48818897637796,61.0,60.2,1.0,0,0,0,18,34,92,,25.9,↘,5,"[56.5, 7.6, 5.9, 26.0, 42.2]",100,1.26,1ère Ligne,1L,100,Haute,False,Moyenne,False,79,14.3,,,,,,,,,,,,0.0,,,,,,
lnr_1105,1105,killian-geraci,https://cdn.lnr.fr/joueur/1105-killian-geraci/photo/photoFull.8e39a4ffde2d58962f9632bb5639326c8c077ac5,Killian Geraci,Lyon,LOU,LOCK,2ème ligne,2022-2023,1,496.0,,11.45,,,0.16,,,,0.0,0.0,,,0.0,,,,,lnr,24.0,,115.0,France,0.0,90.5511811023622,60.0,65.3,0.75,0,0,0,65,38,14,,59.7,↘,5,"[58.9, 100, 100, 20.7, 68.7]",100,0.5,2ème Ligne,2L,75,Haute,False,Basse,True,22,44.7,,,,,,,,,,,,0.0,,,,,,
lnr_11554,11554,killian-tixeront,https://cdn.lnr.fr/joueur/11554-killian-tixeront/photo/photoFull.b5e9990d9a31ede8327da9bafe6aeb896ea144f3,Killian Tixeront,Clermont,CLR,BACK_ROW,3ème ligne,2022-2023,13,579.0,44.5,12.99,,,0.0,,,,0.0,0.28,,,0.69,,,,,lnr,21.0,196.0,107.0,France,100.0,84.25196850393701,63.9,65.3,0.75,0,20,37,81,30,94,,44.1,↘,5,"[46.7, 100, 55.7, 64.2, 15.8]",100,-1.03,3ème Ligne,3L,75,Haute,False,Moyenne,False,33,28.9,,,,,,,,,,,,0.0,,,,,,
lnr_1052,1052,liam-robson-allen,https://cdn.lnr.fr/joueur/1052-liam-robson-allen/photo/photoFull.8e39a4ffde2d58962f9632bb5639326c8c077ac5,L. Allen,Lyon,LOU,BACK_ROW,3ème ligne,2022-2023,6,388.0,64.7,11.55,,,1.03,,,,0.82,0.21,,,1.03,,,,,lnr,23.0,191.0,105.0,Nouvelle Zélande,97.44897959183672,82.67716535433071,77.7,74.5,0.75,100,15,55,64,60,92,,49.9,↘,5,"[100, 100, 74.0, 50.4, 1.4]",100,-0.16,3ème Ligne,3L,75,Haute,False,Basse,False,7,86.7,,,,,,,,,,,,0.0,,,,,,
lnr_585,585,levan-chilachava,https://cdn.lnr.fr/joueur/585-levan-chilachava/photo/photoFull.bf7e6b3668f1d7c40821cbfca4c5f267bcf81dfe,L. Chilachava,Castres,CAS,FRONT_ROW,1ère ligne,2022-2023,1,339.0,,6.14,,,1.18,,,,0.0,0.24,,,0.0,,,,,lnr,31.0,188.0,133.0,Géorgie,95.91836734693877,100.0,71.2,69.0,0.75,0,19,0,4,67,99,,22.7,↘,5,"[64.3, 34.7, 17.0, 0, 36.2]",100,2.0,1ère Ligne,1L,75,Haute,False,Basse,True,46,50.5,79.5,GEORG,27.0,cluster_0,56.0,50.2,50.0,95.2,85.8,62.3,92.2,0.4499999999999999,,,,,,
lnr_1457,1457,louis-foursans-bourdette,https://cdn.lnr.fr/joueur/1457-louis-foursans-bourdette/photo/photoFull.eb7c8a121d72a5469d4eb6f17a32ea8cc568bf6c,L. Foursans Bourdette,Montpellier,MHR,FLY_HALF,Demi d'ouverture,2022-2023,11,349.0,31.7,5.96,,,0.0,,,,0.69,0.0,,,9.17,,,,,lnr,21.0,170.0,80.0,France,86.73469387755102,62.99212598425197,66.6,65.8,0.75,68,0,97,91,30,86,9.17,35.1,→,1,[39.9],100,-1.03,Ouvreur,10,75,Haute,False,Basse,False,8,56.2,,,,,,,,,,,,0.0,,,,,,
lnr_560,560,lois-guerois-galisson,https://cdn.lnr.fr/joueur/560-lois-guerois-galisson/photo/photoFull.bf7e6b3668f1d7c40821cbfca4c5f267bcf81dfe,L. Guerois Galisson,Castres,CAS,FRONT_ROW,1ère ligne,2022-2023,4,93.0,23.2,1.72,,,0.0,,,,0.0,0.0,,,0.0,,,,,lnr,21.0,192.0,122.0,France,97.95918367346938,96.06299212598424,54.1,63.6,0.5,0,0,0,0,30,94,,54.7,↘,5,"[87.1, 76.9, 11.4, 100, 42.0]",100,-1.03,1ère Ligne,1L,50,Basse,True,Basse,True,66,28.6,,,,,,,,,,,,0.0,,,,,,
lnr_317,317,lekso-kaulashvili,https://cdn.lnr.fr/joueur/317-lekso-kaulashvili/photo/photoFull.bf4a801945c52387138b3325d9dd3bcf510292ab,L. Kaulashvili,Bordeaux,BOR,FRONT_ROW,1ère ligne,2022-2023,1,796.0,,10.65,,,0.4,,,,0.1,0.2,,,0.0,,,,,lnr,30.0,185.0,132.0,Géorgie,94.3877551020408,100.0,77.3,74.0,1.0,33,16,0,61,42,98,,30.3,↗,5,"[28.0, 28.0, 39.4, 43.9, 28.0]",100,2.61,1ère Ligne,1L,100,Haute,False,Basse,True,13,86.8,,,,,,,,,,,,0.0,,,,,,
lnr_2008,2008,leon-seilala-lam,https://cdn.lnr.fr/joueur/2008-leon-seilala-lam/photo/photoFull.81ae2ff3cf645856004e61f820bf6824a1fce987,L. Lam,Perpignan,PER,FRONT_ROW,1ère ligne,2022-2023,1,961.0,,7.83,,,0.5,,,,0.08,1.08,,,0.0,,,,,lnr,34.0,183.0,102.0,Samoa américain,93.36734693877553,80.31496062992126,68.5,65.0,1.0,27,85,0,25,46,81,,18.3,↗,4,"[11.4, 44.3, 19.9, 9.5]",100,-0.16,1ère Ligne,1L,100,Haute,False,Basse,True,57,38.5,74.9,SAMOA,18.0,cluster_0,58.1,53.6,50.0,90.8,81.7,55.4,88.8,0.0,,,,,,
lnr_1779,1779,lucas-peyresblanques,https://cdn.lnr.fr/joueur/1779-lucas-peyresblanques/photo/photoFull.af05d90330b88b7be458e288b68ca734babbf81c,L. Peyresblanques,Paris,SFP,FRONT_ROW,1ère ligne,2022-2023,18,548.0,30.4,10.07,,,1.46,,,,0.0,1.17,,,0.73,,,,,lnr,25.0,181.0,96.0,France,92.3469387755102,75.59055118110236,82.4,78.8,0.75,0,92,41,54,70,77,,57.0,↘,5,"[56.5, 100, 100, 69.5, 21.6]",100,1.26,1ère Ligne,1L,75,Haute,False,Moyenne,False,2,98.9,,,,,,,,,,,,0.0,,,,,,
lnr_985,985,levani-botia-veivuke,https://cdn.lnr.fr/joueur/985-levani-botia-veivuke/photo/photoFull.7cb6d3e8fb1a9ef473f9440830017cd30be5f626,L. Veivuke,La Rochelle,LRO,CENTRE,Centre,2022-2023,1,935.0,,6.5,,,0.43,,,,0.43,0.6,,,0.0,,,,,lnr,,,,,0.0,0.0,70.8,71.6,1.0,49,46,0,49,70,0,,52.5,↗,5,"[23.4, 68.6, 53.3, 68.6, 66.4]",100,0.0,Centre,CTR,100,Haute,False,Basse,True,6,85.7,82.5,FIJI,16.0,cluster_0,100.0,92.1,50.0,86.3,50.0,95.2,91.8,0.75,,,,,,
lnr_1376,1376,lenni-nouchi,https://cdn.lnr.fr/joueur/1376-lenni-nouchi/photo/photoFull.4cb2a4ab19ab443ff7739b68884b2f51b78c1bab,Lenni Nouchi,Montpellier,MHR,BACK_ROW,3ème ligne,2022-2023,10,512.0,51.2,14.06,,,0.0,,,,0.31,1.25,,,0.0,,,,,lnr,19.0,192.0,106.0,France,97.95918367346938,83.46456692913385,73.4,71.4,0.75,45,90,0,93,30,93,,49.7,↗,5,"[63.6, 44.4, 53.8, 53.8, 65.5]",100,-1.38,3ème Ligne,3L,75,Haute,False,Moyenne,False,13,73.3,,,,,,,,,,,,0.0,,,,,,
lnr_1001,1001,leo-aouf,https://cdn.lnr.fr/joueur/1001-leo-aouf/photo/photoFull.28a7076c5091624b9d043c9f795307457230f77f,Leo Aouf,La Rochelle,LRO,FRONT_ROW,1ère ligne,2022-2023,12,345.0,28.8,7.42,,,0.0,,,,0.23,0.0,,,1.16,,,,,lnr,26.0,182.0,120.0,France,92.85714285714286,94.48818897637796,63.4,64.3,0.75,77,0,66,20,30,91,,29.2,↘,5,"[48.7, 46.0, 60.9, 17.9, 20.7]",100,2.0,1ère Ligne,1L,75,Haute,False,Basse,False,61,34.1,,,,,,,,,,,,0.0,,,,,,
lnr_575,575,leone-nakarawa,https://cdn.lnr.fr/joueur/575-leone-nakarawa/photo/photoFull.bf7e6b3668f1d7c40821cbfca4c5f267bcf81dfe,Leone Nakarawa,Castres,CAS,LOCK,2ème ligne,2022-2023,16,571.0,35.7,11.63,,,0.42,,,,0.14,1.96,,,0.7,,,,,lnr,35.0,,115.0,Fidji,0.0,90.5511811023622,70.9,72.6,0.75,58,100,54,68,50,14,,42.8,↗,4,"[9.4, 17.5, 79.2, 57.5]",100,-0.67,2ème Ligne,2L,75,Haute,False,Moyenne,False,16,60.5,83.2,FIJI,31.0,cluster_0,96.4,96.5,50.0,92.4,50.0,91.7,92.5,0.8200000000000003,,,,,,
lnr_686,686,loic-godener,https://cdn.lnr.fr/joueur/686-loic-godener/photo/photoFull.c13853c24f9a438203d2dc57b45e48161a549ae5,Loic Godener,Clermont,CLR,BACK_ROW,3ème ligne,2022-2023,9,524.0,58.2,12.21,,,0.46,,,,0.0,0.61,,,0.76,,,,,lnr,,,,,0.0,0.0,65.9,66.9,0.75,0,44,41,72,44,0,,50.0,→,0,[],100,0.0,3ème Ligne,3L,75,Haute,False,Moyenne,False,25,44.4,,,,,,,,,,,,0.0,,,,,,
lnr_2170,2170,louis-dupichot,https://cdn.lnr.fr/joueur/2170-louis-dupichot/photo/photoFull.054c707edd7e8d2d4275da9b6750c4e791637d23,Louis Dupichot,Racing 92,R92,WINGER,Ailier,2022-2023,8,552.0,69.0,3.77,,,0.14,,,,0.87,0.58,,,1.45,,,,,lnr,,,,,0.0,0.0,68.7,69.0,0.75,64,35,47,44,41,0,1.45,50.0,→,0,[],100,0.0,Ailier,AIL,75,Haute,False,Moyenne,False,5,81.8,,,,,,,,,,,,0.0,,,,,,
lnr_553,553,louis-le-brun,https://cdn.lnr.fr/joueur/553-louis-le-brun/photo/photoFull.bf7e6b3668f1d7c40821cbfca4c5f267bcf81dfe,Louis Le Brun,Castres,CAS,FLY_HALF,Demi d'ouverture,2022-2023,17,718.0,42.2,6.57,,,0.0,,,,0.11,1.11,,,2.67,,,,,lnr,21.0,188.0,100.0,France,95.91836734693877,78.74015748031496,71.0,66.1,1.0,11,100,28,100,30,97,2.67,12.3,→,3,"[19.0, 0, 17.0]",100,-1.03,Ouvreur,10,100,Haute,False,Moyenne,False,6,65.6,,,,,,,,,,,,0.0,,,,,,
lnr_1368,1368,luca-tabarot,https://cdn.lnr.fr/joueur/1368-luca-tabarot/photo/photoFull.8eb27f0f36c4f5b60181b7e1d6268473fc2dbc85,Luca Tabarot,Montpellier,MHR,FRONT_ROW,1ère ligne,2022-2023,1,40.0,,20.0,,,0.0,,,,0.0,2.0,,,0.0,,,,,lnr,,,,,0.0,0.0,68.5,69.2,0.5,0,100,0,100,30,0,,50.0,→,0,[],100,0.0,1ère Ligne,1L,50,Basse,True,Basse,True,41,56.0,,,,,,,,,,,,0.0,,,,,,
lnr_661,661,lucas-dessaigne,https://cdn.lnr.fr/joueur/661-lucas-dessaigne/photo/photoFull.b5e9990d9a31ede8327da9bafe6aeb896ea144f3,Lucas Dessaigne,Clermont,CLR,BACK_ROW,3ème ligne,2022-2023,1,660.0,,14.06,,,0.48,,,,0.0,0.61,,,0.0,,,,,lnr,24.0,188.0,96.0,France,95.91836734693877,75.59055118110236,75.6,78.3,1.0,0,44,0,93,44,86,,80.8,↗,5,"[88.9, 80.0, 100, 68.7, 66.4]",100,0.5,3ème Ligne,3L,100,Haute,False,Basse,True,3,95.6,,,,,,,,,,,,0.0,,,,,,
lnr_2444,2444,lucas-tauzin,https://cdn.lnr.fr/joueur/2444-lucas-tauzin/photo/photoFull.b5e9990d9a31ede8327da9bafe6aeb896ea144f3,Lucas Tauzin,Toulouse,TLS,WINGER,Ailier,2022-2023,10,400.0,40.0,4.0,,,0.0,,,,0.2,1.2,,,1.0,,,,,lnr,24.0,187.0,94.0,France,95.40816326530611,74.01574803149606,62.1,63.0,0.75,15,72,33,47,30,91,1.0,29.7,↗,5,"[3.3, 0, 13.1, 95.4, 18.3]",100,0.5,Ailier,AIL,75,Haute,False,Moyenne,False,13,45.5,,,,,,,,,,,,0.0,,,,,,
lnr_2025,2025,lucas-velarte,https://cdn.lnr.fr/joueur/2025-lucas-velarte/photo/photoFull.b817331ae7e7f540e8505004318a8073270e5d10,Lucas Velarte,Perpignan,PER,FRONT_ROW,1ère ligne,2022-2023,1,598.0,,12.04,,,0.67,,,,0.13,0.8,,,0.0,,,,,lnr,24.0,185.0,108.0,France,94.3877551020408,85.03937007874016,82.0,76.5,0.75,43,63,0,79,51,84,,42.5,↘,5,"[80.5, 54.3, 54.3, 41.2, 42.2]",100,0.5,1ère Ligne,1L,75,Haute,False,Basse,True,6,94.5,,,,,,,,,,,,0.0,,,,,,
lnr_937,937,lucas-zamora,https://cdn.lnr.fr/joueur/937-lucas-zamora/photo/photoFull.b5e9990d9a31ede8327da9bafe6aeb896ea144f3,Lucas Zamora,La Rochelle,LRO,SCRUM_HALF,Demi de mêlée,2022-2023,4,71.0,17.8,4.51,,,1.13,,,,0.0,0.0,,,0.0,,,,,lnr,18.0,170.0,80.0,France,86.73469387755102,62.99212598425197,59.3,60.9,0.5,0,0,0,16,70,87,0.0,17.3,↘,5,"[43.9, 26.8, 20.7, 0, 23.6]",100,-1.45,Demi de mêlée,9,50,Basse,True,Basse,True,19,21.7,,,,,,,,,,,,0.0,,,,,,
lnr_1460,1460,leo-coly,https://cdn.lnr.fr/joueur/1460-leo-coly/photo/photoFull.2a93bdb165edd2cd19ea2b2a060be0a3b3011911,Léo Coly,Montpellier,MHR,SCRUM_HALF,Demi de mêlée,2022-2023,16,752.0,47.0,5.11,,,0.0,,,,0.21,0.64,,,3.19,,,,,lnr,23.0,175.0,76.0,France,89.28571428571429,59.84251968503938,63.7,63.3,1.0,21,56,100,26,30,86,3.19,36.3,↗,5,"[0, 76.9, 19.2, 47.8, 46.5]",100,-0.16,Demi de mêlée,9,100,Haute,False,Moyenne,False,13,47.8,,,,,,,,,,,,0.0,,,,,,
lnr_1012,1012,martin-alonso-munoz,https://cdn.lnr.fr/joueur/1012-martin-alonso-munoz/photo/photoFull.fb26dc620384a6249e4f25079e745b2cf06fe9f6,M. Alonso Muñoz,La Rochelle,LRO,CENTRE,Centre,2022-2023,8,308.0,38.5,7.79,,,0.0,,,,0.52,0.0,,,2.6,,,,,lnr,,,,,0.0,0.0,60.4,62.8,0.75,60,0,91,70,30,0,,50.0,→,0,[],100,0.0,Centre,CTR,75,Haute,False,Basse,False,24,32.9,,,,,,,,,,,,0.0,,,,,,
lnr_1787,1787,mathieu-de-giovanni,https://cdn.lnr.fr/joueur/1787-mathieu-de-giovanni/photo/photoFull.fa741145527d67f0373a3b7f544c55452bd2af8a,M. De Giovanni,Paris,SFP,BACK_ROW,3ème ligne,2022-2023,7,241.0,34.4,10.29,,,1.0,,,,0.0,0.0,,,0.0,,,,,lnr,,,,,0.0,0.0,65.0,67.0,0.6,0,0,0,49,59,0,,50.0,→,0,[],100,0.0,3ème Ligne,3L,60,Moyenne,True,Basse,False,23,50.0,,,,,,,,,,,,0.0,,,,,,
lnr_1123,1123,mickael-guillard,https://cdn.lnr.fr/joueur/1123-mickael-guillard/photo/photoFull.eff1aa9b4a9f2b351be13ae3eed38b31d19c422e,M. Guillard,Lyon,LOU,LOCK,2ème ligne,2022-2023,18,622.0,34.6,12.09,,,0.9,,,,0.13,0.13,,,1.29,,,,,lnr,22.0,197.0,113.0,France,100.0,88.9763779527559,84.7,80.9,1.0,54,10,99,74,70,98,,44.3,↘,5,"[100, 32.1, 66.5, 38.6, 39.2]",100,-0.67,2ème Ligne,2L,100,Haute,False,Moyenne,False,2,97.4,,,,,,,,,,,,0.0,,,,,,
lnr_1025,1025,matthias-haddad,https://cdn.lnr.fr/joueur/1025-matthias-haddad/photo/photoFull.01e7e4177db166b370a81655ed844dbb271b4fe2,M. Haddad,La Rochelle,LRO,BACK_ROW,3ème ligne,2022-2023,4,130.0,32.5,8.62,,,0.62,,,,0.62,0.0,,,3.08,,,,,lnr,22.0,192.0,99.0,France,97.95918367346938,77.95275590551181,63.6,66.2,0.5,91,0,100,29,48,89,,42.8,→,5,"[74.9, 22.9, 32.7, 38.5, 68.1]",100,-0.67,3ème Ligne,3L,50,Basse,True,Basse,True,31,33.3,,,,,,,,,,,,0.0,,,,,,
lnr_2384,2384,matthias-halagahu,https://cdn.lnr.fr/joueur/2384-matthias-halagahu/photo/photoFull.26dec662e84c737005260a65b33966bd7438db17,M. Halagahu,Toulon,TLN,LOCK,2ème ligne,2022-2023,1,251.0,,14.66,,,0.32,,,,0.0,0.32,,,0.0,,,,,lnr,21.0,194.0,122.0,France,98.9795918367347,96.06299212598424,82.4,81.4,0.6,0,24,0,100,45,98,,100.0,→,3,"[100, 100, 90.0]",100,-1.03,2ème Ligne,2L,60,Moyenne,True,Basse,True,1,100.0,,,,,,,,,,,,0.0,,,,,,
lnr_2667,2667,manuel-leindekar-virginio,https://cdn.lnr.fr/joueur/2667-manuel-leindekar-virginio/photo/photoFull.c13853c24f9a438203d2dc57b45e48161a549ae5,M. Leindekar Virginio,Bayonne,BAY,LOCK,2ème ligne,2022-2023,19,899.0,47.3,8.9,,,0.18,,,,0.0,0.27,,,0.0,,,,,lnr,,,,,0.0,0.0,52.6,52.6,1.0,0,21,0,30,39,0,,50.0,→,0,[],100,0.0,2ème Ligne,2L,100,Haute,False,Bonne,False,37,5.3,67.1,URUG,19.0,cluster_0,50.0,50.0,50.0,70.9,100.0,51.6,69.5,0.0,,,,,,
lnr_2482,2482,marco-miguel-trauth,https://cdn.lnr.fr/joueur/2482-marco-miguel-trauth/photo/photoFull.cba60bf104e3b342ceb7eeb5d08c240acb54484b,M. Trauth,Toulouse,TLS,FRONT_ROW,1ère ligne,2022-2023,3,54.0,18.0,11.85,,,1.48,,,,0.0,0.0,,,0.0,,,,,lnr,,,,,0.0,0.0,69.6,69.8,0.5,0,0,0,77,70,0,,50.0,→,0,[],100,0.0,1ère Ligne,1L,50,Basse,True,Basse,True,38,58.8,,,,,,,,,,,,0.0,,,,,,
lnr_1441,1441,marco-tauleigne,https://cdn.lnr.fr/joueur/1441-marco-tauleigne/photo/photoFull.4cb2a4ab19ab443ff7739b68884b2f51b78c1bab,Marco Tauleigne,Montpellier,MHR,BACK_ROW,3ème ligne,2022-2023,12,484.0,40.3,11.24,,,0.17,,,,0.17,0.5,,,0.0,,,,,lnr,29.0,191.0,115.0,France,97.44897959183672,90.5511811023622,69.0,68.7,0.75,25,36,0,60,35,97,,33.9,↘,5,"[62.3, 62.1, 9.2, 49.7, 30.8]",100,2.96,3ème Ligne,3L,75,Haute,False,Moyenne,False,20,57.8,,,,,,,,,,,,0.0,,,,,,
lnr_1745,1745,marcos-kremer,https://cdn.lnr.fr/joueur/1745-marcos-kremer/photo/photoFull.b5e9990d9a31ede8327da9bafe6aeb896ea144f3,Marcos Kremer,Paris,SFP,BACK_ROW,3ème ligne,2022-2023,1,958.0,,11.44,,,0.58,,,,0.08,0.08,,,0.0,,,,,lnr,25.0,195.0,110.0,Argentine,99.48979591836736,86.61417322834646,69.8,69.2,1.0,12,6,0,62,47,95,,42.9,↘,5,"[36.7, 100, 40.1, 33.7, 50.4]",100,1.26,3ème Ligne,3L,100,Haute,False,Basse,True,18,61.1,61.9,Argentine,106.0,cluster_1,58.1,50.7,50.0,85.5,69.4,51.2,85.2,0.0,,,,,,
lnr_2291,2291,marius-domon,https://cdn.lnr.fr/joueur/2291-marius-domon/photo/photoFull.2eaacbd11c12f10f571df4cbac07c560d1665acd,Marius Domon,Toulon,TLN,FLY_HALF,Demi d'ouverture,2022-2023,4,297.0,74.2,1.62,,,0.27,,,,0.54,0.27,,,1.35,,,,,lnr,20.0,183.0,85.0,France,93.36734693877553,66.92913385826772,65.1,62.3,0.6,53,25,14,1,70,92,1.35,10.9,→,5,"[12.1, 6.3, 4.3, 0, 24.5]",100,-1.25,Ouvreur,10,60,Moyenne,True,Basse,True,14,18.8,,,,,,,,,,,,0.0,,,,,,
lnr_2495,2495,martin-page-relo,https://cdn.lnr.fr/joueur/2495-martin-page-relo/photo/photoFull.9db3e1c64b0fa647759e691550b9e8351884f243,Martin Page Relo,Toulouse,TLS,SCRUM_HALF,Demi de mêlée,2022-2023,11,469.0,42.6,4.09,,,0.0,,,,1.02,0.68,,,0.0,,,,,lnr,24.0,173.0,77.0,France,88.26530612244898,60.629921259842526,66.9,63.4,0.75,100,59,0,9,30,86,0.0,9.0,↘,5,"[16.2, 20.1, 6.5, 0, 11.4]",100,0.5,Demi de mêlée,9,75,Haute,False,Moyenne,False,11,54.3,,,,,,,,,,,,0.0,,,,,,
lnr_11027,11027,mateo-garcia,https://cdn.lnr.fr/joueur/11027-mateo-garcia/photo/photoFull.26dec662e84c737005260a65b33966bd7438db17,Mateo Garcia,Bordeaux,BOR,FLY_HALF,Demi d'ouverture,2022-2023,11,233.0,21.2,5.84,,,0.0,,,,0.0,1.03,,,0.69,,,,,lnr,20.0,174.0,83.0,France,88.77551020408163,65.35433070866141,66.4,63.7,0.6,0,95,7,88,30,88,0.69,17.3,↘,5,"[36.2, 13.7, 9.2, 15.1, 21.6]",100,-1.25,Ouvreur,10,60,Moyenne,True,Basse,False,12,31.2,,,,,,,,,,,,0.0,,,,,,
lnr_1913,1913,mathias-colombet,https://cdn.lnr.fr/joueur/1913-mathias-colombet/photo/photoFull.6fc701688372b38c2cd93e972d93fc323ab7f457,Mathias Colombet,Pau,PAU,WINGER,Ailier,2022-2023,1,649.0,,5.18,,,0.0,,,,0.49,0.49,,,0.0,,,,,lnr,,,,,0.0,0.0,61.2,61.2,1.0,36,29,0,66,30,0,0.0,50.0,→,0,[],100,0.0,Ailier,AIL,100,Haute,False,Basse,True,15,36.4,,,,,,,,,,,,0.0,,,,,,
lnr_599,599,mathieu-babillot,https://cdn.lnr.fr/joueur/599-mathieu-babillot/photo/photoFull.50e0d211418fb8267083232d5e5561b6e88fe79f,Mathieu Babillot,Castres,CAS,BACK_ROW,3ème ligne,2022-2023,1,981.0,,7.75,,,1.14,,,,0.08,0.82,,,0.0,,,,,lnr,29.0,190.0,110.0,France,96.93877551020408,86.61417322834646,75.8,74.3,1.0,12,59,0,19,63,94,,42.2,→,5,"[26.0, 55.7, 47.8, 45.0, 54.6]",100,2.96,3ème Ligne,3L,100,Haute,False,Basse,True,9,82.2,71.7,France,7.0,cluster_1,73.2,54.6,50.0,93.4,80.3,58.3,92.4,0.0,,,,,,
lnr_1780,1780,mathieu-hirigoyen,https://cdn.lnr.fr/joueur/1780-mathieu-hirigoyen/photo/photoFull.af05d90330b88b7be458e288b68ca734babbf81c,Mathieu Hirigoyen,Paris,SFP,BACK_ROW,3ème ligne,2022-2023,1,705.0,,15.09,,,0.34,,,,0.45,0.34,,,0.0,,,,,lnr,24.0,194.0,95.0,France,98.9795918367347,74.80314960629921,75.1,74.6,1.0,66,24,0,100,40,87,,53.6,↘,5,"[26.4, 100, 30.1, 97.9, 43.3]",100,0.5,3ème Ligne,3L,100,Haute,False,Basse,True,6,88.9,,,,,,,,,,,,0.0,,,,,,
lnr_2361,2361,mathieu-smaili,https://cdn.lnr.fr/joueur/2361-mathieu-smaili/photo/photoFull.2eaacbd11c12f10f571df4cbac07c560d1665acd,Mathieu Smaili,Toulon,TLN,CENTRE,Centre,2022-2023,11,479.0,43.5,5.51,,,0.0,,,,0.33,0.17,,,0.0,,,,,lnr,23.0,180.0,92.0,France,91.83673469387756,72.44094488188976,59.2,59.8,0.75,38,13,0,34,30,86,,19.1,↗,5,"[24.9, 9.2, 22.9, 21.0, 21.2]",100,-0.16,Centre,CTR,75,Haute,False,Moyenne,False,29,18.6,,,,,,,,,,,,0.0,,,,,,
lnr_2342,2342,mathieu-tanguy,https://cdn.lnr.fr/joueur/2342-mathieu-tanguy/photo/photoFull.746d583d9f8a2aa9c322b15ebadc8acc096151d2,Mathieu Tanguy,Toulon,TLN,LOCK,2ème ligne,2022-2023,16,592.0,37.0,7.57,,,0.14,,,,0.14,0.0,,,0.0,,,,,lnr,26.0,195.0,107.0,France,99.48979591836736,84.25196850393701,62.0,64.0,0.75,58,0,0,12,37,97,,33.4,↘,5,"[45.1, 45.2, 24.6, 24.6, 49.1]",100,2.0,2ème Ligne,2L,75,Haute,False,Moyenne,False,24,39.5,,,,,,,,,,,,0.0,,,,,,
lnr_2671,2671,matis-perchaud,https://cdn.lnr.fr/joueur/2671-matis-perchaud/photo/photoFull.9db3e1c64b0fa647759e691550b9e8351884f243,Matis Perchaud,Bayonne,BAY,FRONT_ROW,1ère ligne,2022-2023,17,589.0,34.6,13.72,,,0.0,,,,0.14,0.41,,,0.68,,,,,lnr,20.0,187.0,112.0,France,95.40816326530611,88.18897637795276,77.1,76.2,0.75,47,32,39,100,30,87,,70.7,↗,5,"[41.5, 63.8, 33.1, 100, 82.1]",100,-1.25,1ère Ligne,1L,75,Haute,False,Moyenne,False,8,92.3,,,,,,,,,,,,0.0,,,,,,
lnr_1977,1977,matteo-rodor,https://cdn.lnr.fr/joueur/1977-matteo-rodor/photo/photoFull.d303b4e754d5628447799261cf17492ebc23d137,Matteo Rodor,Perpignan,PER,SCRUM_HALF,Demi de mêlée,2022-2023,18,498.0,27.7,10.76,,,0.0,,,,0.32,0.16,,,1.61,,,,,lnr,,,,,0.0,0.0,58.4,61.3,0.75,32,14,51,100,30,0,1.61,50.0,→,0,[],100,0.0,Demi de mêlée,9,75,Haute,False,Moyenne,False,17,30.4,,,,,,,,,,,,0.0,,,,,,
lnr_2383,2383,matteo-le-corvec,https://cdn.lnr.fr/joueur/2383-matteo-le-corvec/photo/photoFull.b817331ae7e7f540e8505004318a8073270e5d10,Mattéo Le Corvec,Toulon,TLN,BACK_ROW,3ème ligne,2022-2023,8,217.0,27.1,13.27,,,0.0,,,,0.37,0.37,,,0.0,,,,,lnr,22.0,192.0,111.0,France,97.95918367346938,87.4015748031496,67.2,66.9,0.6,54,27,0,84,30,95,,38.4,↘,5,"[59.2, 72.5, 46.9, 9.4, 53.3]",100,-0.67,3ème Ligne,3L,60,Moyenne,True,Basse,False,25,44.4,,,,,,,,,,,,0.0,,,,,,
lnr_2197,2197,maxime-baudonne,https://cdn.lnr.fr/joueur/2197-maxime-baudonne/photo/photoFull.d27019f52768bff9ad76599574dced3c5044bc4f,Maxime Baudonne,Racing 92,R92,BACK_ROW,3ème ligne,2022-2023,16,660.0,41.2,9.94,,,0.61,,,,0.24,0.36,,,1.21,,,,,lnr,,,,,0.0,0.0,62.5,64.3,1.0,35,26,65,45,48,0,,52.9,↘,5,"[100, 48.4, 57.2, 32.1, 75.9]",100,0.0,3ème Ligne,3L,100,Haute,False,Moyenne,False,34,26.7,,,,,,,,,,,,0.0,,,,,,
lnr_1128,1128,maxime-gouzou,https://cdn.lnr.fr/joueur/1128-maxime-gouzou/photo/photoFull.eff1aa9b4a9f2b351be13ae3eed38b31d19c422e,Maxime Gouzou,Lyon,LOU,BACK_ROW,3ème ligne,2022-2023,7,208.0,29.7,14.62,,,0.38,,,,0.0,0.0,,,0.0,,,,,lnr,24.0,189.0,106.0,France,96.42857142857144,83.46456692913385,72.1,66.6,0.6,0,0,0,100,41,92,,11.1,→,2,"[32.1, 0]",100,0.5,3ème Ligne,3L,60,Moyenne,True,Basse,False,28,38.9,,,,,,,,,,,,0.0,,,,,,
lnr_2640,2640,maxime-machenaud,https://cdn.lnr.fr/joueur/2640-maxime-machenaud/photo/photoFull.1d6a32f7ce4a12d423552fb50b73687ec52ba345,Maxime Machenaud,Bayonne,BAY,SCRUM_HALF,Demi de mêlée,2022-2023,20,905.0,45.2,7.16,,,0.18,,,,0.09,0.44,,,1.15,,,,,lnr,34.0,174.0,87.0,France,88.77551020408163,68.50393700787401,63.3,62.2,1.0,9,38,36,59,37,93,1.15,26.5,↘,4,"[41.7, 15.1, 0, 55.9]",100,-0.16,Demi de mêlée,9,100,Haute,False,Bonne,False,16,34.8,79.2,France,21.0,cluster_1,64.6,80.9,72.4,88.3,82.8,62.7,93.0,0.4200000000000003,,,,,,
lnr_2364,2364,maelan-rabut,https://cdn.lnr.fr/joueur/2364-maelan-rabut/photo/photoFull.c13853c24f9a438203d2dc57b45e48161a549ae5,Maëlan Rabut,Toulon,TLN,FULLBACK,Arrière,2022-2023,5,293.0,58.6,7.37,,,0.0,,,,0.0,0.27,,,0.0,,,,,lnr,,,,,0.0,0.0,54.4,60.6,0.6,0,9,0,100,30,0,0.0,50.0,→,0,[],100,0.0,Arrière,ARR,60,Moyenne,True,Basse,False,8,46.4,,,,,,,,,,,,0.0,,,,,,
lnr_2479,2479,melvyn-jaminet,https://cdn.lnr.fr/joueur/2479-melvyn-jaminet/photo/photoFull.26dec662e84c737005260a65b33966bd7438db17,Melvyn Jaminet,Toulouse,TLS,FLY_HALF,Demi d'ouverture,2022-2023,15,972.0,64.8,1.48,,,0.0,,,,0.66,0.91,,,7.98,,,,,lnr,23.0,180.0,80.0,France,91.83673469387756,62.99212598425197,73.3,68.6,1.0,65,84,85,0,30,89,7.98,9.9,↗,5,"[9.2, 0, 15.9, 3.8, 13.2]",100,-0.16,Ouvreur,10,100,Haute,False,Bonne,False,4,81.2,83.1,France,13.0,cluster_1,92.1,76.5,84.2,88.6,78.2,78.8,85.5,0.8099999999999995,,,,,,
lnr_1901,1901,mickael-capelli,https://cdn.lnr.fr/joueur/1901-mickael-capelli/photo/photoFull.bf4a801945c52387138b3325d9dd3bcf510292ab,Mickael Capelli,Pau,PAU,LOCK,2ème ligne,2022-2023,9,495.0,55.0,8.73,,,0.16,,,,0.0,0.32,,,0.0,,,,,lnr,26.0,199.0,129.0,France,100.0,100.0,66.0,69.3,0.75,0,24,0,28,38,100,,57.3,↘,5,"[42.1, 100, 77.6, 59.2, 37.0]",100,2.0,2ème Ligne,2L,75,Haute,False,Moyenne,False,17,57.9,,,,,,,,,,,,0.0,,,,,,
lnr_1446,1446,mohamed-haouas,https://cdn.lnr.fr/joueur/1446-mohamed-haouas/photo/photoFull.4cb2a4ab19ab443ff7739b68884b2f51b78c1bab,Mohamed Haouas,Montpellier,MHR,FRONT_ROW,1ère ligne,2022-2023,1,713.0,,10.66,,,0.11,,,,0.0,0.67,,,0.0,,,,,lnr,29.0,185.0,127.0,France,94.3877551020408,100.0,75.7,74.7,1.0,0,53,0,62,33,96,,46.1,→,5,"[44.3, 38.6, 34.0, 76.9, 53.6]",100,2.96,1ère Ligne,1L,100,Haute,False,Basse,True,11,89.0,61.5,France,16.0,cluster_1,68.3,54.2,50.0,91.4,50.3,50.9,92.4,0.0,,,,,,
lnr_1013,1013,noe-della-schiava,https://cdn.lnr.fr/joueur/1013-noe-della-schiava/photo/photoFull.b817331ae7e7f540e8505004318a8073270e5d10,N. Della Schiava,La Rochelle,LRO,BACK_ROW,3ème ligne,2022-2023,5,95.0,19.0,5.05,,,0.84,,,,1.68,0.84,,,0.0,,,,,lnr,21.0,193.0,95.0,France,98.46938775510203,74.80314960629921,66.5,66.4,0.5,100,60,0,0,55,87,,37.0,↗,4,"[11.8, 100, 37.7, 27.4]",100,-1.03,3ème Ligne,3L,50,Basse,True,Basse,True,30,35.6,,,,,,,,,,,,0.0,,,,,,
lnr_304,304,nicolas-depoortere,https://cdn.lnr.fr/joueur/304-nicolas-depoortere/photo/photoFull.9db3e1c64b0fa647759e691550b9e8351884f243,N. Depoortere,Bordeaux,BOR,CENTRE,Centre,2022-2023,12,573.0,47.8,7.68,,,0.0,,,,0.42,0.98,,,1.4,,,,,lnr,20.0,193.0,87.0,France,98.46938775510203,68.50393700787401,71.1,68.5,0.75,48,74,49,68,30,84,,36.0,↗,5,"[59.6, 16.4, 30.8, 66.5, 32.1]",100,-1.25,Centre,CTR,75,Haute,False,Moyenne,False,10,74.3,,,,,,,,,,,,0.0,,,,,,
lnr_1784,1784,nemo-gunther-roelofse,https://cdn.lnr.fr/joueur/1784-nemo-gunther-roelofse/photo/photoFull.746d583d9f8a2aa9c322b15ebadc8acc096151d2,N. Roelofse,Paris,SFP,FRONT_ROW,1ère ligne,2022-2023,10,354.0,35.4,6.1,,,0.45,,,,0.45,0.45,,,1.13,,,,,lnr,27.0,182.0,120.0,Afrique du Sud,92.85714285714286,94.48818897637796,67.4,65.6,0.75,100,36,64,3,44,91,,17.4,↘,5,"[10.7, 50.4, 30.9, 28.6, 0]",100,2.61,1ère Ligne,1L,75,Haute,False,Basse,False,55,40.1,,,,,,,,,,,,0.0,,,,,,
lnr_1805,1805,nadir-megdoud,https://cdn.lnr.fr/joueur/1805-nadir-megdoud/photo/photoFull.66c8481f41dae2c760111c9de7f76f50fdc806b3,Nadir Megdoud,Paris,SFP,WINGER,Ailier,2022-2023,10,663.0,66.3,3.74,,,0.0,,,,0.6,0.72,,,0.6,,,,,lnr,26.0,181.0,96.0,France,92.3469387755102,75.59055118110236,67.9,65.6,1.0,44,43,20,43,30,91,0.6,23.9,→,1,[26.2],100,2.0,Ailier,AIL,100,Haute,False,Moyenne,False,9,63.6,,,,,,,,,,,,0.0,,,,,,
lnr_1902,1902,nathan-decron,https://cdn.lnr.fr/joueur/1902-nathan-decron/photo/photoFull.bf4a801945c52387138b3325d9dd3bcf510292ab,Nathan Decron,Pau,PAU,CENTRE,Centre,2022-2023,7,327.0,46.7,8.81,,,0.24,,,,0.24,0.98,,,1.22,,,,,lnr,25.0,184.0,96.0,France,93.87755102040816,75.59055118110236,79.0,76.1,0.75,28,74,43,87,56,89,,51.5,→,5,"[80.2, 64.8, 64.8, 36.7, 67.2]",100,1.26,Centre,CTR,75,Haute,False,Basse,False,2,97.1,,,,,,,,,,,,0.0,,,,,,
lnr_2502,2502,nelson-epee,https://cdn.lnr.fr/joueur/2502-nelson-epee/photo/photoFull.7ca2942712296b23bc0c05ee5ba8a7306bef7b5e,Nelson Epee,Toulouse,TLS,WINGER,Ailier,2022-2023,2,89.0,44.5,3.6,,,0.0,,,,0.9,1.8,,,0.0,,,,,lnr,,,,,0.0,0.0,73.3,73.0,0.5,66,100,0,41,30,0,0.0,64.4,→,1,[75.7],100,0.0,Ailier,AIL,50,Basse,True,Basse,True,2,95.5,,,,,,,,,,,,0.0,,,,,,
lnr_1888,1888,nicolas-corato,https://cdn.lnr.fr/joueur/1888-nicolas-corato/photo/photoFull.bf7e6b3668f1d7c40821cbfca4c5f267bcf81dfe,Nicolas Corato,Pau,PAU,FRONT_ROW,1ère ligne,2022-2023,1,429.0,,11.56,,,0.19,,,,0.0,0.0,,,0.0,,,,,lnr,25.0,184.0,123.0,France,93.87755102040816,96.8503937007874,73.6,73.7,0.75,0,0,0,73,36,93,,58.5,↘,5,"[37.7, 100, 54.1, 48.6, 70.4]",100,1.26,1ère Ligne,1L,75,Haute,False,Basse,True,14,85.7,,,,,,,,,,,,0.0,,,,,,
lnr_2167,2167,olivier-klemenczak,https://cdn.lnr.fr/joueur/2167-olivier-klemenczak/photo/photoFull.bf4a801945c52387138b3325d9dd3bcf510292ab,O. Klemenczak,Racing 92,R92,CENTRE,Centre,2022-2023,13,727.0,55.9,4.62,,,0.11,,,,0.55,0.55,,,2.75,,,,,lnr,,,,,0.0,0.0,62.5,62.1,1.0,63,42,96,19,42,0,,34.0,→,1,[38.6],100,0.0,Centre,CTR,100,Haute,False,Moyenne,False,26,28.6,,,,,,,,,,,,0.0,,,,,,
lnr_1814,1814,pierre-henri-azagoh-kouadio,https://cdn.lnr.fr/joueur/1814-pierre-henri-azagoh-kouadio/photo/photoFull.0d105085f705532550693973c5545a1d4e020463,P. Azagoh Kouadio,Paris,SFP,LOCK,2ème ligne,2022-2023,5,179.0,35.8,11.17,,,0.45,,,,0.0,0.0,,,0.0,,,,,lnr,24.0,196.0,103.0,France,100.0,81.10236220472441,75.2,75.1,0.6,0,0,0,61,52,96,,69.6,↗,5,"[25.2, 91.9, 90.5, 95.4, 79.0]",100,0.5,2ème Ligne,2L,60,Moyenne,True,Basse,False,5,89.5,,,,,,,,,,,,0.0,,,,,,
lnr_2460,2460,pierre-louis-barassi,https://cdn.lnr.fr/joueur/2460-pierre-louis-barassi/photo/photoFull.a2503fca1a2646233602741328f9c3f7893fa1e1,P. Barassi,Toulouse,TLS,CENTRE,Centre,2022-2023,15,865.0,57.7,7.12,,,0.09,,,,0.09,0.65,,,0.46,,,,,lnr,24.0,187.0,99.0,France,95.40816326530611,77.95275590551181,65.9,64.3,1.0,10,49,16,59,40,91,,29.0,↗,5,"[0, 22.5, 16.4, 50.1, 40.3]",100,0.5,Centre,CTR,100,Haute,False,Bonne,False,20,45.7,,,,,,,,,,,,0.0,,,,,,
lnr_2644,2644,peyo-muscarditz,https://cdn.lnr.fr/joueur/2644-peyo-muscarditz/photo/photoFull.fa741145527d67f0373a3b7f544c55452bd2af8a,P. Muscarditz,Bayonne,BAY,CENTRE,Centre,2022-2023,11,551.0,50.1,8.57,,,0.15,,,,0.0,0.58,,,0.0,,,,,lnr,,,,,0.0,0.0,61.9,63.9,0.75,0,44,0,83,46,0,,50.0,→,0,[],100,0.0,Centre,CTR,75,Haute,False,Moyenne,False,22,40.0,,,,,,,,,,,,0.0,,,,,,
lnr_2176,2176,peniami-nasali-narisia,https://cdn.lnr.fr/joueur/2176-peniami-nasali-narisia/photo/photoFull.c13853c24f9a438203d2dc57b45e48161a549ae5,P. Narisia,Racing 92,R92,FRONT_ROW,1ère ligne,2022-2023,10,293.0,29.3,11.74,,,0.0,,,,0.0,0.0,,,0.0,,,,,lnr,,,,,0.0,0.0,57.3,62.4,0.6,0,0,0,75,30,0,,50.0,→,0,[],100,0.0,1ère Ligne,1L,60,Moyenne,True,Basse,False,74,19.2,,,,,,,,,,,,0.0,,,,,,
lnr_287,287,pablo-dimcheff,https://cdn.lnr.fr/joueur/287-pablo-dimcheff/photo/photoFull.fb26dc620384a6249e4f25079e745b2cf06fe9f6,Pablo Dimcheff,Bordeaux,BOR,FRONT_ROW,1ère ligne,2022-2023,5,131.0,26.2,9.77,,,0.0,,,,0.0,0.61,,,0.0,,,,,lnr,,,,,0.0,0.0,54.9,62.5,0.5,0,48,0,50,30,0,,50.0,→,0,[],100,0.0,1ère Ligne,1L,50,Basse,True,Basse,True,72,21.4,,,,,,,,,,,,0.0,,,,,,
lnr_313,313,pablo-uberti,https://cdn.lnr.fr/joueur/313-pablo-uberti/photo/photoFull.9db3e1c64b0fa647759e691550b9e8351884f243,Pablo Uberti,Bordeaux,BOR,CENTRE,Centre,2022-2023,10,386.0,38.6,4.56,,,0.0,,,,0.21,0.0,,,0.0,,,,,lnr,,,,,0.0,0.0,48.8,54.9,0.75,24,0,0,18,30,0,,29.8,↗,5,"[17.8, 33.4, 46.5, 50.9, 18.3]",100,0.0,Centre,CTR,75,Haute,False,Basse,False,34,5.7,,,,,,,,,,,,0.0,,,,,,
lnr_1103,1103,patrick-sobela,https://cdn.lnr.fr/joueur/1103-patrick-sobela/photo/photoFull.746d583d9f8a2aa9c322b15ebadc8acc096151d2,Patrick Sobela,Lyon,LOU,BACK_ROW,3ème ligne,2022-2023,13,621.0,47.8,13.14,,,0.39,,,,0.26,1.03,,,0.64,,,,,lnr,,,,,0.0,0.0,70.8,70.8,1.0,38,74,34,83,41,0,,50.0,→,0,[],100,0.0,3ème Ligne,3L,100,Haute,False,Moyenne,False,14,71.1,,,,,,,,,,,,0.0,,,,,,
lnr_1802,1802,paul-alo-emile,https://cdn.lnr.fr/joueur/1802-paul-alo-emile/photo/photoFull.0d105085f705532550693973c5545a1d4e020463,Paul Alo Emile,Paris,SFP,FRONT_ROW,1ère ligne,2022-2023,13,508.0,39.1,5.98,,,0.16,,,,0.0,0.16,,,0.79,,,,,lnr,31.0,180.0,132.0,Australie,91.83673469387756,100.0,60.8,65.6,0.75,0,13,45,2,35,97,,53.0,↗,5,"[66.8, 60.1, 100, 58.0, 39.4]",100,2.0,1ère Ligne,1L,75,Haute,False,Moyenne,False,55,40.1,,,,,,,,,,,,0.0,,,,,,
lnr_2427,2427,paul-costes,https://cdn.lnr.fr/joueur/2427-paul-costes/photo/photoFull.a2503fca1a2646233602741328f9c3f7893fa1e1,Paul Costes,Toulouse,TLS,CENTRE,Centre,2022-2023,6,180.0,30.0,4.89,,,0.0,,,,0.89,1.78,,,2.22,,,,,lnr,20.0,182.0,85.0,France,92.85714285714286,66.92913385826772,76.4,68.8,0.6,100,100,78,24,30,82,,19.5,↗,5,"[28.8, 0, 16.4, 37.3, 18.3]",100,-1.25,Centre,CTR,60,Moyenne,True,Basse,False,9,77.1,,,,,,,,,,,,0.0,,,,,,
lnr_2463,2463,paul-graou,https://cdn.lnr.fr/joueur/2463-paul-graou/photo/photoFull.a2503fca1a2646233602741328f9c3f7893fa1e1,Paul Graou,Toulouse,TLS,SCRUM_HALF,Demi de mêlée,2022-2023,13,777.0,59.8,6.69,,,0.0,,,,0.62,1.65,,,3.5,,,,,lnr,,,,,0.0,0.0,75.4,74.8,1.0,63,100,100,52,30,0,3.5,53.7,↗,5,"[17.7, 40.6, 100, 42.0, 61.7]",100,0.0,Demi de mêlée,9,100,Haute,False,Moyenne,False,2,95.7,,,,,,,,,,,,0.0,,,,,,
lnr_687,687,paul-jedrasiak,https://cdn.lnr.fr/joueur/687-paul-jedrasiak/photo/photoFull.50e0d211418fb8267083232d5e5561b6e88fe79f,Paul Jedrasiak,Clermont,CLR,LOCK,2ème ligne,2022-2023,1,772.0,,9.33,,,0.1,,,,0.0,0.52,,,0.0,,,,,lnr,30.0,,121.0,France,0.0,95.2755905511811,56.6,59.7,1.0,0,40,0,36,35,14,,46.8,↗,5,"[11.8, 50.0, 45.6, 60.9, 65.3]",100,2.61,2ème Ligne,2L,100,Haute,False,Basse,True,31,21.1,77.7,France,10.0,cluster_1,73.3,76.2,50.0,84.1,79.4,61.0,82.4,0.2700000000000003,,,,,,
lnr_2485,2485,paul-mallez,https://cdn.lnr.fr/joueur/2485-paul-mallez/photo/photoFull.a2503fca1a2646233602741328f9c3f7893fa1e1,Paul Mallez,Toulouse,TLS,FRONT_ROW,1ère ligne,2022-2023,9,264.0,29.3,8.48,,,0.3,,,,0.3,0.3,,,0.0,,,,,lnr,22.0,180.0,116.0,France,91.83673469387756,91.33858267716536,68.0,69.6,0.6,100,24,0,34,39,89,,57.9,↗,5,"[36.3, 23.6, 39.4, 44.3, 100]",100,-0.67,1ère Ligne,1L,60,Moyenne,True,Basse,False,40,57.1,,,,,,,,,,,,0.0,,,,,,
lnr_1916,1916,paul-tailhades,https://cdn.lnr.fr/joueur/1916-paul-tailhades/photo/photoFull.8a8276a94cfaec44d9ad851c959e24101861b746,Paul Tailhades,Pau,PAU,FRONT_ROW,1ère ligne,2022-2023,1,45.0,,7.11,,,0.0,,,,0.0,0.0,,,0.0,,,,,lnr,,,,,0.0,0.0,44.9,57.4,0.5,0,0,0,16,30,0,,50.0,→,0,[],100,0.0,1ère Ligne,1L,50,Basse,True,Basse,True,88,4.4,,,,,,,,,,,,0.0,,,,,,
lnr_1094,1094,paulo-tafili,https://cdn.lnr.fr/joueur/1094-paulo-tafili/photo/photoFull.c13853c24f9a438203d2dc57b45e48161a549ae5,Paulo Tafili,Lyon,LOU,FRONT_ROW,1ère ligne,2022-2023,18,651.0,36.2,7.37,,,0.12,,,,0.0,0.0,,,0.0,,,,,lnr,,,,,0.0,0.0,46.7,46.7,1.0,0,0,0,19,34,0,,50.0,→,0,[],100,0.0,1ère Ligne,1L,100,Haute,False,Moyenne,False,91,1.1,,,,,,,,,,,,0.0,,,,,,
lnr_2461,2461,peato-mauvaka,https://cdn.lnr.fr/joueur/2461-peato-mauvaka/photo/photoFull.a2503fca1a2646233602741328f9c3f7893fa1e1,Peato Mauvaka,Toulouse,TLS,FRONT_ROW,1ère ligne,2022-2023,1,885.0,,7.5,,,0.63,,,,0.18,0.72,,,0.0,,,,,lnr,26.0,184.0,112.0,France,93.87755102040816,88.18897637795276,71.5,74.5,1.0,60,57,0,21,50,87,,74.1,↗,4,"[62.8, 61.9, 95.7, 100]",100,2.0,1ère Ligne,1L,100,Haute,False,Basse,True,12,87.9,73.1,France,20.0,cluster_1,69.6,57.6,50.0,92.4,70.7,75.9,83.3,0.0,,,,,,
lnr_679,679,peceli-yato,https://cdn.lnr.fr/joueur/679-peceli-yato/photo/photoFull.746d583d9f8a2aa9c322b15ebadc8acc096151d2,Peceli Yato,Clermont,CLR,BACK_ROW,3ème ligne,2022-2023,1,337.0,,5.93,,,0.95,,,,0.24,0.71,,,0.0,,,,,lnr,30.0,196.0,105.0,Fidji,100.0,82.67716535433071,69.3,69.9,0.75,35,51,0,0,58,93,,43.8,↘,5,"[36.3, 36.3, 63.1, 44.8, 56.7]",100,2.61,3ème Ligne,3L,75,Haute,False,Basse,True,15,68.9,,,,,,,,,,,,0.0,,,,,,
lnr_1757,1757,peniasi-dakuwaqa,https://cdn.lnr.fr/joueur/1757-peniasi-dakuwaqa/photo/photoFull.af05d90330b88b7be458e288b68ca734babbf81c,Peniasi Dakuwaqa,Paris,SFP,FULLBACK,Arrière,2022-2023,1,548.0,,5.11,,,0.15,,,,0.73,0.44,,,0.0,,,,,lnr,,,,,0.0,0.0,60.0,61.4,0.75,35,15,0,59,61,0,0.0,28.5,↗,5,"[12.4, 6.0, 28.8, 36.0, 43.9]",100,0.0,Arrière,ARR,75,Haute,False,Basse,True,6,60.7,,,,,,,,,,,,0.0,,,,,,
lnr_279,279,pierre-bochaton,https://cdn.lnr.fr/joueur/279-pierre-bochaton/photo/photoFull.9db3e1c64b0fa647759e691550b9e8351884f243,Pierre Bochaton,Bordeaux,BOR,LOCK,2ème ligne,2022-2023,13,830.0,63.8,12.24,,,0.0,,,,0.1,0.1,,,0.0,,,,,lnr,21.0,197.0,103.0,France,100.0,81.10236220472441,72.4,71.2,1.0,41,8,0,76,30,97,,46.0,↗,5,"[54.3, 35.4, 58.0, 51.8, 57.6]",100,-1.03,2ème Ligne,2L,100,Haute,False,Bonne,False,11,73.7,,,,,,,,,,,,0.0,,,,,,
lnr_974,974,pierre-boudehent,https://cdn.lnr.fr/joueur/974-pierre-boudehent/photo/photoFull.55223152d2bdf719adae33c3f4ef18c348eed132,Pierre Boudehent,La Rochelle,LRO,FLY_HALF,Demi d'ouverture,2022-2023,19,983.0,51.7,5.05,,,0.0,,,,0.41,0.24,,,1.38,,,,,lnr,,,,,0.0,0.0,57.1,57.1,1.0,41,22,15,72,30,0,1.38,50.0,→,0,[],100,0.0,Ouvreur,10,100,Haute,False,Bonne,False,16,6.2,,,,,,,,,,,,0.0,,,,,,
lnr_999,999,pierre-bourgarit,https://cdn.lnr.fr/joueur/999-pierre-bourgarit/photo/photoFull.7cb6d3e8fb1a9ef473f9440830017cd30be5f626,Pierre Bourgarit,La Rochelle,LRO,FRONT_ROW,1ère ligne,2022-2023,1,903.0,,8.86,,,0.8,,,,0.18,0.18,,,0.0,,,,,lnr,25.0,184.0,108.0,France,93.87755102040816,85.03937007874016,73.0,72.3,1.0,60,14,0,39,55,84,,46.7,→,4,"[54.7, 62.9, 42.2, 57.7]",100,1.26,1ère Ligne,1L,100,Haute,False,Basse,True,19,79.7,73.1,France,7.0,cluster_1,76.0,56.6,50.0,70.3,81.1,70.1,88.7,0.0,,,,,,
lnr_637,637,pierre-colonna,https://cdn.lnr.fr/joueur/637-pierre-colonna/photo/photoFull.50e0d211418fb8267083232d5e5561b6e88fe79f,Pierre Colonna,Castres,CAS,FRONT_ROW,1ère ligne,2022-2023,18,449.0,24.9,8.73,,,0.18,,,,0.0,0.18,,,0.0,,,,,lnr,21.0,188.0,113.0,France,95.91836734693877,88.9763779527559,63.3,64.5,0.75,0,14,0,37,36,88,,41.2,↗,5,"[42.7, 41.2, 23.6, 62.1, 52.0]",100,-1.03,1ère Ligne,1L,75,Haute,False,Moyenne,False,60,35.2,,,,,,,,,,,,0.0,,,,,,
lnr_2456,2456,pierre-fouyssac,https://cdn.lnr.fr/joueur/2456-pierre-fouyssac/photo/photoFull.b5e9990d9a31ede8327da9bafe6aeb896ea144f3,Pierre Fouyssac,Toulouse,TLS,WINGER,Ailier,2022-2023,6,317.0,52.8,10.09,,,0.25,,,,0.5,1.01,,,1.26,,,,,lnr,28.0,189.0,101.0,France,96.42857142857144,79.52755905511812,75.1,72.4,0.75,37,60,41,100,49,96,1.26,34.3,↘,4,"[57.8, 39.3, 33.3, 36.3]",100,2.96,Ailier,AIL,75,Haute,False,Basse,False,3,90.9,,,,,,,,,,,,0.0,,,,,,
lnr_1415,1415,pierre-lucas,https://cdn.lnr.fr/joueur/1415-pierre-lucas/photo/photoFull.63f02d5f7b00d1429cb1de8aa98d311d3cf445ea,Pierre Lucas,Montpellier,MHR,CENTRE,Centre,2022-2023,25,657.0,26.3,5.48,,,0.0,,,,0.24,0.37,,,0.61,,,,,lnr,,,,,0.0,0.0,54.5,54.5,1.0,28,28,21,33,30,0,,50.0,→,0,[],100,0.0,Centre,CTR,100,Haute,False,Moyenne,False,35,2.9,,,,,,,,,,,,0.0,,,,,,
lnr_990,990,pierre-popelin,https://cdn.lnr.fr/joueur/990-pierre-popelin/photo/photoFull.86467e8a06c363e5a424f16ec190ee71bb293d95,Pierre Popelin,La Rochelle,LRO,FULLBACK,Arrière,2022-2023,8,64.0,8.0,3.75,,,0.0,,,,3.75,3.75,,,8.75,,,,,lnr,27.0,181.0,87.0,France,92.3469387755102,68.50393700787401,85.4,73.0,0.5,100,100,100,26,30,94,8.75,10.7,→,5,"[0, 25.5, 16.2, 5.9, 8.0]",100,2.61,Arrière,ARR,50,Basse,True,Basse,True,1,100.0,,,,,,,,,,,,0.0,,,,,,
lnr_1996,1996,piula-faasalele,https://cdn.lnr.fr/joueur/1996-piula-faasalele/photo/photoFull.df70eb994b7734bdf40e01b850e18c98079124f9,Piula Faasalele,Perpignan,PER,BACK_ROW,3ème ligne,2022-2023,1,998.0,,8.9,,,0.24,,,,0.0,0.16,,,0.0,,,,,lnr,,,,,0.0,0.0,53.0,53.1,1.0,0,11,0,32,37,0,,50.0,→,0,[],100,0.0,3ème Ligne,3L,100,Haute,False,Basse,True,45,2.2,75.6,SAMOA,12.0,cluster_0,62.1,64.3,50.0,89.1,85.5,54.5,86.4,0.0599999999999994,,,,,,
lnr_1952,1952,posolo-tuilagi,https://cdn.lnr.fr/joueur/1952-posolo-tuilagi/photo/photoFull.14f86258177c199d0ec3ee9450197974d20d92b1,Posolo Tuilagi,Perpignan,PER,BACK_ROW,3ème ligne,2022-2023,12,454.0,37.8,7.58,,,0.53,,,,0.35,1.41,,,0.88,,,,,lnr,18.0,192.0,145.0,Samoa,97.95918367346938,100.0,68.1,68.1,0.75,51,100,47,17,46,99,,48.2,↗,5,"[5.9, 34.7, 46.5, 40.6, 90.5]",100,-1.45,3ème Ligne,3L,75,Haute,False,Moyenne,False,21,55.6,,,,,,,,,,,,0.0,,,,,,
lnr_986,986,quentin-lespiaucq,https://cdn.lnr.fr/joueur/986-quentin-lespiaucq/photo/photoFull.7cb6d3e8fb1a9ef473f9440830017cd30be5f626,Quentin Lespiaucq,La Rochelle,LRO,FRONT_ROW,1ère ligne,2022-2023,22,917.0,41.7,9.86,,,0.44,,,,0.0,0.52,,,0.44,,,,,lnr,28.0,180.0,102.0,France,91.83673469387756,80.31496062992126,73.2,71.4,1.0,0,41,25,51,44,80,,35.0,↗,5,"[19.1, 47.8, 11.7, 38.6, 56.5]",100,2.96,1ère Ligne,1L,100,Haute,False,Bonne,False,26,72.0,,,,,,,,,,,,0.0,,,,,,
lnr_592,592,quentin-walcker,https://cdn.lnr.fr/joueur/592-quentin-walcker/photo/photoFull.50e0d211418fb8267083232d5e5561b6e88fe79f,Quentin Walcker,Castres,CAS,FRONT_ROW,1ère ligne,2022-2023,20,995.0,49.8,8.04,,,0.08,,,,0.08,0.16,,,0.0,,,,,lnr,27.0,181.0,109.0,France,92.3469387755102,85.8267716535433,64.4,64.9,1.0,27,13,0,28,32,85,,40.7,↗,5,"[27.0, 26.0, 62.6, 46.9, 50.8]",100,2.61,1ère Ligne,1L,100,Haute,False,Bonne,False,58,36.8,,,,,,,,,,,,0.0,,,,,,
lnr_2443,2443,rodrigue-neti,https://cdn.lnr.fr/joueur/2443-rodrigue-neti/photo/photoFull.a2503fca1a2646233602741328f9c3f7893fa1e1,R. Neti,Toulouse,TLS,FRONT_ROW,1ère ligne,2022-2023,21,947.0,45.1,6.5,,,0.0,,,,0.0,0.17,,,0.0,,,,,lnr,27.0,185.0,121.0,France,94.3877551020408,95.2755905511811,60.1,59.1,1.0,0,13,0,8,30,92,,21.0,↘,5,"[29.8, 40.6, 13.7, 17.0, 23.1]",100,2.61,1ère Ligne,1L,100,Haute,False,Bonne,False,82,11.0,,,,,,,,,,,,0.0,,,,,,
lnr_1093,1093,romain-taofifenua,https://cdn.lnr.fr/joueur/1093-romain-taofifenua/photo/photoFull.8b942e992ebb42fdd1ca819c8cb833427c776cef,R. Taofifenua,Lyon,LOU,LOCK,2ème ligne,2022-2023,15,923.0,61.5,6.76,,,0.35,,,,0.0,1.04,,,0.87,,,,,lnr,32.0,,138.0,France,0.0,100.0,52.8,54.2,1.0,0,79,67,1,47,15,,30.6,→,5,"[36.8, 36.2, 20.3, 23.1, 47.8]",100,1.26,2ème Ligne,2L,100,Haute,False,Bonne,False,35,10.5,73.1,France,35.0,cluster_1,66.2,74.1,50.0,90.6,69.4,62.7,85.2,0.0,,,,,,
lnr_1000,1000,reda-wardi,https://cdn.lnr.fr/joueur/1000-reda-wardi/photo/photoFull.7cb6d3e8fb1a9ef473f9440830017cd30be5f626,Reda Wardi,La Rochelle,LRO,FRONT_ROW,1ère ligne,2022-2023,1,819.0,,9.38,,,0.1,,,,0.0,0.49,,,0.0,,,,,lnr,27.0,185.0,110.0,France,94.3877551020408,86.61417322834646,69.1,71.0,1.0,0,39,0,45,33,86,,60.3,↗,5,"[60.9, 44.5, 38.0, 83.7, 88.9]",100,2.61,1ère Ligne,1L,100,Haute,False,Basse,True,29,69.2,,,,,,,,,,,,0.0,,,,,,
lnr_993,993,remi-bourdeau,https://cdn.lnr.fr/joueur/993-remi-bourdeau/photo/photoFull.df70eb994b7734bdf40e01b850e18c98079124f9,Remi Bourdeau,La Rochelle,LRO,BACK_ROW,3ème ligne,2022-2023,1,961.0,,10.57,,,0.17,,,,0.08,0.08,,,0.0,,,,,lnr,,,,,0.0,0.0,55.5,55.5,1.0,12,6,0,52,35,0,,50.0,→,0,[],100,0.0,3ème Ligne,3L,100,Haute,False,Basse,True,43,6.7,,,,,,,,,,,,0.0,,,,,,
lnr_1456,1456,romain-macurdy,https://cdn.lnr.fr/joueur/1456-romain-macurdy/photo/photoFull.50e0d211418fb8267083232d5e5561b6e88fe79f,Romain Macurdy,Montpellier,MHR,LOCK,2ème ligne,2022-2023,3,177.0,59.0,6.33,,,0.0,,,,0.0,0.9,,,0.0,,,,,lnr,,,,,0.0,0.0,45.6,62.4,0.6,0,69,0,0,30,0,,84.4,→,1,[100],100,0.0,2ème Ligne,2L,60,Moyenne,True,Basse,True,26,34.2,,,,,,,,,,,,0.0,,,,,,
lnr_2436,2436,romain-ntamack,https://cdn.lnr.fr/joueur/2436-romain-ntamack/photo/photoFull.a2503fca1a2646233602741328f9c3f7893fa1e1,Romain Ntamack,Toulouse,TLS,FLY_HALF,Demi d'ouverture,2022-2023,1,750.0,,4.59,,,0.11,,,,1.28,0.64,,,0.0,,,,,lnr,23.0,186.0,91.0,France,94.89795918367348,71.65354330708661,73.6,70.5,1.0,100,59,0,62,51,95,0.0,24.0,↘,5,"[49.1, 36.7, 35.4, 13.7, 21.6]",100,-0.16,Ouvreur,10,100,Haute,False,Basse,True,2,93.8,83.0,France,36.0,cluster_1,77.4,82.2,86.8,91.6,76.4,80.6,93.0,0.8,,,,,,
lnr_1891,1891,romain-ruffenach,https://cdn.lnr.fr/joueur/1891-romain-ruffenach/photo/photoFull.66c8481f41dae2c760111c9de7f76f50fdc806b3,Romain Ruffenach,Pau,PAU,FRONT_ROW,1ère ligne,2022-2023,7,232.0,33.1,9.66,,,0.0,,,,0.0,0.0,,,0.0,,,,,lnr,,,,,0.0,0.0,51.7,59.0,0.6,0,0,0,49,30,0,,50.0,→,0,[],100,0.0,1ère Ligne,1L,60,Moyenne,True,Basse,False,83,9.9,,,,,,,,,,,,0.0,,,,,,
lnr_1804,1804,ryan-chapuis,https://cdn.lnr.fr/joueur/1804-ryan-chapuis/photo/photoFull.0d105085f705532550693973c5545a1d4e020463,Ryan Chapuis,Paris,SFP,BACK_ROW,3ème ligne,2022-2023,1,469.0,,7.33,,,0.68,,,,0.17,0.34,,,0.0,,,,,lnr,25.0,190.0,105.0,France,96.93877551020408,82.67716535433071,64.2,67.0,0.75,25,24,0,14,50,92,,49.3,↘,5,"[47.1, 100, 57.6, 0, 82.0]",100,1.26,3ème Ligne,3L,75,Haute,False,Basse,True,23,50.0,,,,,,,,,,,,0.0,,,,,,
lnr_1889,1889,remi-seneca,https://cdn.lnr.fr/joueur/1889-remi-seneca/photo/photoFull.bf4a801945c52387138b3325d9dd3bcf510292ab,Rémi Seneca,Pau,PAU,FRONT_ROW,1ère ligne,2022-2023,20,671.0,33.5,9.3,,,0.12,,,,0.0,0.0,,,0.0,,,,,lnr,28.0,185.0,113.0,France,94.3877551020408,88.9763779527559,67.4,70.7,1.0,0,0,0,44,34,87,,67.8,↗,5,"[81.0, 39.4, 83.9, 100, 56.5]",100,2.96,1ère Ligne,1L,100,Haute,False,Moyenne,False,31,65.9,,,,,,,,,,,,0.0,,,,,,
lnr_1736,1736,sergo-abramishvili,https://cdn.lnr.fr/joueur/1736-sergo-abramishvili/photo/photoFull.af05d90330b88b7be458e288b68ca734babbf81c,S. Abramishvili,Paris,SFP,FRONT_ROW,1ère ligne,2022-2023,3,52.0,17.3,10.77,,,1.54,,,,0.0,0.0,,,0.0,,,,,lnr,19.0,184.0,105.0,Géorgie,93.87755102040816,82.67716535433071,77.0,72.0,0.5,0,0,0,63,70,83,,50.2,↗,5,"[62.8, 33.0, 85.3, 68.7, 45.4]",100,-1.38,1ère Ligne,1L,50,Basse,True,Basse,True,21,76.9,,,,,,,,,,,,0.0,,,,,,
lnr_1747,1747,stephane-ahmed,https://cdn.lnr.fr/joueur/1747-stephane-ahmed/photo/photoFull.7260593a1939529b8f58882fcd9327e3deee5c0d,S. Ahmed,Paris,SFP,WINGER,Ailier,2022-2023,7,430.0,61.4,4.28,,,0.0,,,,0.19,0.37,,,0.0,,,,,lnr,24.0,182.0,83.0,France,92.85714285714286,65.35433070866141,57.4,59.4,0.75,14,22,0,52,30,84,0.0,22.7,↗,5,"[25.5, 11.8, 29.2, 30.6, 22.8]",100,0.5,Ailier,AIL,75,Haute,False,Moyenne,False,17,27.3,,,,,,,,,,,,0.0,,,,,,
lnr_555,555,santiago-arata-perrone,https://cdn.lnr.fr/joueur/555-santiago-arata-perrone/photo/photoFull.bf7e6b3668f1d7c40821cbfca4c5f267bcf81dfe,S. Arata Perrone,Castres,CAS,SCRUM_HALF,Demi de mêlée,2022-2023,1,948.0,,8.02,,,0.42,,,,0.68,1.1,,,0.0,,,,,lnr,26.0,174.0,75.0,Italie,88.77551020408163,59.055118110236215,84.7,79.2,1.0,69,96,0,73,46,85,0.0,25.7,↘,5,"[8.7, 73.4, 46.0, 18.0, 16.2]",100,2.0,Demi de mêlée,9,100,Haute,False,Basse,True,1,100.0,60.2,URUG,32.0,cluster_0,50.0,50.0,50.0,77.0,100.0,56.6,88.8,0.0,,,,,,
lnr_1423,1423,simon-pierre-chauvac,https://cdn.lnr.fr/joueur/1423-simon-pierre-chauvac/photo/photoFull.5130516f3d5f5fbc23b3eaab6efe1a2b3082c3df,S. Chauvac,Montpellier,MHR,FRONT_ROW,1ère ligne,2022-2023,1,535.0,,12.26,,,0.0,,,,0.0,0.15,,,0.0,,,,,lnr,,,,,0.0,0.0,59.4,62.1,0.75,0,12,0,82,30,0,,50.0,→,0,[],100,0.0,1ère Ligne,1L,75,Haute,False,Basse,True,76,17.6,,,,,,,,,,,,0.0,,,,,,
lnr_2397,2397,santiago-chocobares,https://cdn.lnr.fr/joueur/2397-santiago-chocobares/photo/photoFull.a2503fca1a2646233602741328f9c3f7893fa1e1,S. Chocobares,Toulouse,TLS,CENTRE,Centre,2022-2023,11,723.0,65.7,4.65,,,0.11,,,,0.22,0.33,,,2.21,,,,,lnr,24.0,188.0,100.0,Argentine,95.91836734693877,78.74015748031496,61.0,59.8,1.0,25,25,77,20,42,92,,23.8,→,5,"[6.3, 33.9, 34.7, 19.0, 28.8]",100,0.5,Centre,CTR,100,Haute,False,Moyenne,False,29,18.6,62.8,Argentine,20.0,cluster_1,58.2,57.3,50.0,87.9,90.9,54.6,94.1,0.0,,,,,,
lnr_1821,1821,sefanaia-naivalu,https://cdn.lnr.fr/joueur/1821-sefanaia-naivalu/photo/photoFull.1f75a2a9ddd89799fc877d5c192b6ffeb86f7691,S. Naivalu,Paris,SFP,WINGER,Ailier,2022-2023,9,602.0,66.9,3.46,,,0.0,,,,0.53,0.53,,,1.99,,,,,lnr,,,,,0.0,0.0,60.9,60.9,1.0,39,32,65,39,30,0,1.99,50.0,→,0,[],100,0.0,Ailier,AIL,100,Haute,False,Moyenne,False,16,31.8,65.5,Australie,19.0,cluster_1,66.5,54.6,50.0,90.3,90.8,66.6,86.3,0.0,,,,,,
lnr_1100,1100,sebastien-taofifenua,https://cdn.lnr.fr/joueur/1100-sebastien-taofifenua/photo/photoFull.6fc701688372b38c2cd93e972d93fc323ab7f457,S. Taofifenua,Lyon,LOU,FRONT_ROW,1ère ligne,2022-2023,1,982.0,,9.29,,,0.08,,,,0.0,0.24,,,0.0,,,,,lnr,,,,,0.0,0.0,52.6,52.6,1.0,0,19,0,44,32,0,,50.0,→,0,[],100,0.0,1ère Ligne,1L,100,Haute,False,Basse,True,89,3.3,,,,,,,,,,,,0.0,,,,,,
lnr_1781,1781,sitaleki-timani,https://cdn.lnr.fr/joueur/1781-sitaleki-timani/photo/photoFull.1f75a2a9ddd89799fc877d5c192b6ffeb86f7691,S. Timani,Paris,SFP,LOCK,2ème ligne,2022-2023,1,679.0,,10.01,,,0.24,,,,0.0,0.71,,,0.0,,,,,lnr,,,,,0.0,0.0,59.2,59.2,1.0,0,54,0,46,42,0,,50.0,→,0,[],100,0.0,2ème Ligne,2L,100,Haute,False,Basse,True,32,18.4,,,,,,,,,,,,0.0,,,,,,
lnr_1850,1850,siate-folau-tokolahi,https://cdn.lnr.fr/joueur/1850-siate-folau-tokolahi/photo/photoFull.bf4a801945c52387138b3325d9dd3bcf510292ab,S. Tokolahi,Pau,PAU,FRONT_ROW,1ère ligne,2022-2023,17,767.0,45.1,7.2,,,0.0,,,,0.0,0.21,,,0.52,,,,,lnr,31.0,179.0,123.0,Tonga,91.3265306122449,96.8503937007874,61.8,64.0,1.0,0,17,30,17,30,93,,51.4,↘,5,"[15.8, 87.1, 20.7, 45.4, 90.5]",100,2.0,1ère Ligne,1L,100,Haute,False,Moyenne,False,63,30.8,,,,,,,,,,,,0.0,,,,,,
lnr_1820,1820,sione-feofaaki-tui,https://cdn.lnr.fr/joueur/1820-sione-feofaaki-tui/photo/photoFull.6fc701688372b38c2cd93e972d93fc323ab7f457,S. Tui,Paris,SFP,WINGER,Ailier,2022-2023,12,739.0,61.6,3.25,,,0.22,,,,0.32,0.22,,,1.08,,,,,lnr,,,,,0.0,0.0,57.5,57.5,1.0,23,13,35,35,47,0,1.08,50.0,→,0,[],100,0.0,Ailier,AIL,100,Haute,False,Moyenne,False,20,13.6,,,,,,,,,,,,0.0,,,,,,
lnr_947,947,sacha-idoumi,https://cdn.lnr.fr/joueur/947-sacha-idoumi/photo/photoFull.d303b4e754d5628447799261cf17492ebc23d137,Sacha Idoumi,La Rochelle,LRO,FRONT_ROW,1ère ligne,2022-2023,3,73.0,24.3,14.25,,,1.1,,,,0.0,0.0,,,5.48,,,,,lnr,,,,,0.0,0.0,72.7,71.4,0.5,0,0,100,100,64,0,,50.0,→,0,[],100,0.0,1ère Ligne,1L,50,Basse,True,Basse,True,26,72.0,,,,,,,,,,,,0.0,,,,,,
lnr_2023,2023,sacha-lotrian,https://cdn.lnr.fr/joueur/2023-sacha-lotrian/photo/photoFull.b5e9990d9a31ede8327da9bafe6aeb896ea144f3,Sacha Lotrian,Perpignan,PER,FRONT_ROW,1ère ligne,2022-2023,1,705.0,,12.71,,,0.11,,,,0.23,0.57,,,0.0,,,,,lnr,22.0,180.0,100.0,France,91.83673469387756,78.74015748031496,76.4,73.3,1.0,77,45,0,88,33,79,,36.3,↘,5,"[68.7, 33.6, 27.3, 36.2, 47.8]",100,-0.67,1ère Ligne,1L,100,Haute,False,Basse,True,16,83.5,,,,,,,,,,,,0.0,,,,,,
lnr_1914,1914,sacha-zegueur,https://cdn.lnr.fr/joueur/1914-sacha-zegueur/photo/photoFull.bf4a801945c52387138b3325d9dd3bcf510292ab,Sacha Zegueur,Pau,PAU,BACK_ROW,3ème ligne,2022-2023,1,931.0,,13.58,,,0.17,,,,0.09,0.26,,,0.0,,,,,lnr,23.0,192.0,105.0,France,97.95918367346938,82.67716535433071,68.4,67.6,1.0,13,19,0,88,35,92,,41.4,↘,5,"[81.7, 81.7, 77.9, 26.0, 28.0]",100,-0.16,3ème Ligne,3L,100,Haute,False,Basse,True,22,53.3,,,,,,,,,,,,0.0,,,,,,
lnr_660,660,samuel-ezeala,https://cdn.lnr.fr/joueur/660-samuel-ezeala/photo/photoFull.af05d90330b88b7be458e288b68ca734babbf81c,Samuel Ezeala,Clermont,CLR,CENTRE,Centre,2022-2023,11,462.0,42.0,4.68,,,0.0,,,,0.69,0.35,,,1.73,,,,,lnr,23.0,187.0,99.0,Espagne,95.40816326530611,77.95275590551181,65.9,66.1,0.75,79,27,61,20,30,91,,38.5,↗,5,"[9.2, 67.4, 18.2, 81.7, 30.8]",100,-0.16,Centre,CTR,75,Haute,False,Moyenne,False,17,54.3,,,,,,,,,,,,0.0,,,,,,
lnr_979,979,samuel-lagrange,https://cdn.lnr.fr/joueur/979-samuel-lagrange/photo/photoFull.673b50508ed570af2802365a4be2390538bb645a,Samuel Lagrange,La Rochelle,LRO,FRONT_ROW,1ère ligne,2022-2023,11,344.0,31.3,10.93,,,0.0,,,,0.0,0.23,,,1.16,,,,,lnr,,,,,0.0,0.0,56.2,59.7,0.75,0,18,66,65,30,0,,50.0,→,0,[],100,0.0,1ère Ligne,1L,75,Haute,False,Basse,False,81,12.1,,,,,,,,,,,,0.0,,,,,,
lnr_2000,2000,shahn-eru,https://cdn.lnr.fr/joueur/2000-shahn-eru/photo/photoFull.cba60bf104e3b342ceb7eeb5d08c240acb54484b,Shahn Eru,Perpignan,PER,LOCK,2ème ligne,2022-2023,13,429.0,33.0,9.32,,,0.0,,,,0.0,0.75,,,0.0,,,,,lnr,,,,,0.0,0.0,53.6,57.7,0.75,0,57,0,36,30,0,,50.0,→,0,[],100,0.0,2ème Ligne,2L,75,Haute,False,Moyenne,False,33,15.8,,,,,,,,,,,,0.0,,,,,,
lnr_311,311,sipili-falatea,https://cdn.lnr.fr/joueur/311-sipili-falatea/photo/photoFull.9db3e1c64b0fa647759e691550b9e8351884f243,Sipili Falatea,Bordeaux,BOR,FRONT_ROW,1ère ligne,2022-2023,1,480.0,,9.17,,,0.0,,,,0.0,0.83,,,0.0,,,,,lnr,25.0,183.0,115.0,France,93.36734693877553,90.5511811023622,68.4,68.8,0.75,0,66,0,42,30,88,,43.3,↗,5,"[36.2, 62.1, 91.1, 27.3, 44.7]",100,1.26,1ère Ligne,1L,75,Haute,False,Basse,True,42,54.4,68.6,France,11.0,cluster_1,71.7,70.1,50.0,85.1,61.6,69.2,81.5,0.0,,,,,,
lnr_1930,1930,thibault-debaes,https://cdn.lnr.fr/joueur/1930-thibault-debaes/photo/photoFull.55223152d2bdf719adae33c3f4ef18c348eed132,T. Debaes,Pau,PAU,FLY_HALF,Demi d'ouverture,2022-2023,17,553.0,32.5,5.79,,,0.0,,,,0.14,0.58,,,1.3,,,,,lnr,,,,,0.0,0.0,60.3,62.7,0.75,14,54,14,87,30,0,1.3,50.0,→,0,[],100,0.0,Ouvreur,10,75,Haute,False,Moyenne,False,13,25.0,,,,,,,,,,,,0.0,,,,,,
lnr_2676,2676,thomas-dolhagaray,https://cdn.lnr.fr/joueur/2676-thomas-dolhagaray/photo/photoFull.df70eb994b7734bdf40e01b850e18c98079124f9,T. Dolhagaray,Bayonne,BAY,FLY_HALF,Demi d'ouverture,2022-2023,14,180.0,12.9,6.22,,,0.0,,,,0.0,0.89,,,0.89,,,,,lnr,,,,,0.0,0.0,63.5,66.1,0.6,0,82,9,96,30,0,0.89,50.0,→,0,[],100,0.0,Ouvreur,10,60,Moyenne,True,Basse,False,6,65.6,,,,,,,,,,,,0.0,,,,,,
lnr_2200,2200,thomas-moukoro-abouem,https://cdn.lnr.fr/joueur/2200-thomas-moukoro-abouem/photo/photoFull.eff1aa9b4a9f2b351be13ae3eed38b31d19c422e,T. Moukoro Abouem,Racing 92,R92,FRONT_ROW,1ère ligne,2022-2023,1,139.0,,9.78,,,0.58,,,,0.0,0.0,,,0.0,,,,,lnr,21.0,185.0,121.0,France,94.3877551020408,95.2755905511811,69.9,72.3,0.5,0,0,0,50,48,92,,73.9,↗,5,"[100, 46.0, 87.1, 58.3, 100]",100,-1.03,1ère Ligne,1L,50,Basse,True,Basse,True,19,79.7,,,,,,,,,,,,0.0,,,,,,
lnr_2486,2486,theo-ntamack-muyenga,https://cdn.lnr.fr/joueur/2486-theo-ntamack-muyenga/photo/photoFull.a2503fca1a2646233602741328f9c3f7893fa1e1,T. Ntamack Muyenga,Toulouse,TLS,BACK_ROW,3ème ligne,2022-2023,13,495.0,38.1,11.31,,,0.0,,,,0.32,0.48,,,0.0,,,,,lnr,20.0,193.0,103.0,France,98.46938775510203,81.10236220472441,62.6,63.9,0.75,47,34,0,61,30,91,,39.8,↘,5,"[91.4, 37.3, 96.2, 19.4, 30.9]",100,-1.25,3ème Ligne,3L,75,Haute,False,Moyenne,False,35,24.4,,,,,,,,,,,,0.0,,,,,,
lnr_2678,2678,torsten-van-jaarsveld,https://cdn.lnr.fr/joueur/2678-torsten-van-jaarsveld/photo/photoFull.6f21bcf3f2603044fd281cd01cb394008aed942a,T. Van Jaarsveld,Bayonne,BAY,FRONT_ROW,1ère ligne,2022-2023,16,398.0,24.9,11.46,,,0.6,,,,0.0,0.0,,,5.03,,,,,lnr,,,,,0.0,0.0,62.2,64.1,0.75,0,0,100,72,49,0,,50.0,→,0,[],100,0.0,1ère Ligne,1L,75,Haute,False,Basse,False,62,33.0,,,,,,,,,,,,0.0,,,,,,
lnr_336,336,tani-vili,https://cdn.lnr.fr/joueur/336-tani-vili/photo/photoFull.0d105085f705532550693973c5545a1d4e020463,Tani Vili,Bordeaux,BOR,CENTRE,Centre,2022-2023,20,980.0,49.0,5.88,,,0.16,,,,0.41,1.06,,,0.24,,,,,lnr,22.0,187.0,109.0,France,95.40816326530611,85.8267716535433,73.7,70.4,1.0,47,80,8,39,47,96,,29.5,↗,5,"[28.8, 30.1, 47.8, 36.7, 25.3]",100,-0.67,Centre,CTR,100,Haute,False,Bonne,False,7,82.9,,,,,,,,,,,,0.0,,,,,,
lnr_2373,2373,teddy-baubigny,https://cdn.lnr.fr/joueur/2373-teddy-baubigny/photo/photoFull.2eaacbd11c12f10f571df4cbac07c560d1665acd,Teddy Baubigny,Toulon,TLN,FRONT_ROW,1ère ligne,2022-2023,17,765.0,45.0,11.71,,,0.52,,,,0.0,0.31,,,0.52,,,,,lnr,24.0,184.0,118.0,France,93.87755102040816,92.91338582677166,77.2,75.1,1.0,0,25,30,75,46,90,,43.9,↗,5,"[40.4, 40.4, 37.7, 59.7, 56.5]",100,0.5,1ère Ligne,1L,100,Haute,False,Moyenne,False,10,90.1,,,,,,,,,,,,0.0,,,,,,
lnr_2674,2674,tevita-tatafu,https://cdn.lnr.fr/joueur/2674-tevita-tatafu/photo/photoFull.1d6a32f7ce4a12d423552fb50b73687ec52ba345,Tevita Tatafu,Bayonne,BAY,FRONT_ROW,1ère ligne,2022-2023,9,274.0,30.4,6.42,,,2.04,,,,0.29,0.0,,,0.0,,,,,lnr,20.0,183.0,133.0,Tonga,93.36734693877553,100.0,71.5,68.1,0.6,97,0,0,7,70,98,,33.5,→,5,"[23.6, 52.7, 21.6, 34.4, 46.7]",100,-1.25,1ère Ligne,1L,60,Moyenne,True,Basse,False,47,48.9,67.5,Japon,26.0,cluster_1,52.2,51.0,50.0,65.6,93.6,62.4,69.6,0.0,,,,,,
lnr_1971,1971,theo-forner,https://cdn.lnr.fr/joueur/1971-theo-forner/photo/photoFull.14f86258177c199d0ec3ee9450197974d20d92b1,Theo Forner,Perpignan,PER,FULLBACK,Arrière,2022-2023,6,335.0,55.8,6.45,,,0.0,,,,0.96,0.0,,,1.19,,,,,lnr,21.0,180.0,80.0,France,91.83673469387756,62.99212598425197,62.8,62.1,0.75,46,0,21,92,30,91,1.19,23.5,↗,5,"[28.2, 24.9, 24.9, 17.7, 31.4]",100,-1.03,Arrière,ARR,75,Haute,False,Basse,False,5,71.4,,,,,,,,,,,,0.0,,,,,,
lnr_1122,1122,theo-william,https://cdn.lnr.fr/joueur/1122-theo-william/photo/photoFull.eff1aa9b4a9f2b351be13ae3eed38b31d19c422e,Theo William,Lyon,LOU,BACK_ROW,3ème ligne,2022-2023,12,666.0,55.5,11.89,,,0.24,,,,0.12,0.12,,,0.0,,,,,lnr,,,,,0.0,0.0,59.7,62.4,1.0,18,9,0,68,37,0,,55.7,↘,5,"[85.2, 59.1, 53.0, 72.6, 62.9]",100,0.0,3ème Ligne,3L,100,Haute,False,Moyenne,False,38,17.8,,,,,,,,,,,,0.0,,,,,,
lnr_2405,2405,thibaud-flament,https://cdn.lnr.fr/joueur/2405-thibaud-flament/photo/photoFull.a2503fca1a2646233602741328f9c3f7893fa1e1,Thibaud Flament,Toulouse,TLS,LOCK,2ème ligne,2022-2023,9,438.0,48.7,10.23,,,0.0,,,,0.18,0.37,,,1.83,,,,,lnr,25.0,,116.0,France,0.0,91.33858267716536,58.4,66.3,0.75,75,28,100,49,30,14,,32.0,↘,5,"[39.9, 21.0, 30.9, 47.8, 34.7]",100,1.26,2ème Ligne,2L,75,Haute,False,Moyenne,False,28,28.9,76.6,France,15.0,cluster_1,90.8,66.9,50.0,90.2,68.6,100.0,80.2,0.1599999999999994,,,,,,
lnr_1101,1101,thibaut-regard,https://cdn.lnr.fr/joueur/1101-thibaut-regard/photo/photoFull.8e39a4ffde2d58962f9632bb5639326c8c077ac5,Thibaut Regard,Lyon,LOU,CENTRE,Centre,2022-2023,14,925.0,66.1,4.15,,,0.0,,,,0.61,0.69,,,1.73,,,,,lnr,29.0,180.0,95.0,France,91.83673469387756,74.80314960629921,69.6,67.9,1.0,70,52,61,12,30,88,,30.5,↗,4,"[1.6, 48.6, 27.5, 43.2]",100,2.96,Centre,CTR,100,Haute,False,Bonne,False,11,71.4,,,,,,,,,,,,0.0,,,,,,
lnr_984,984,thierry-paiva,https://cdn.lnr.fr/joueur/984-thierry-paiva/photo/photoFull.af05d90330b88b7be458e288b68ca734babbf81c,Thierry Paiva,La Rochelle,LRO,FRONT_ROW,1ère ligne,2022-2023,14,520.0,37.1,9.08,,,0.31,,,,0.0,0.0,,,1.54,,,,,lnr,27.0,184.0,115.0,France,93.87755102040816,90.5511811023622,68.4,70.3,0.75,0,0,88,41,40,89,,51.2,↗,5,"[22.1, 77.1, 83.9, 100, 10.1]",100,2.61,1ère Ligne,1L,75,Haute,False,Moyenne,False,36,61.5,,,,,,,,,,,,0.0,,,,,,
lnr_1004,1004,thomas-berjon,https://cdn.lnr.fr/joueur/1004-thomas-berjon/photo/photoFull.7cb6d3e8fb1a9ef473f9440830017cd30be5f626,Thomas Berjon,La Rochelle,LRO,SCRUM_HALF,Demi de mêlée,2022-2023,22,858.0,39.0,5.41,,,0.09,,,,0.19,0.09,,,0.93,,,,,lnr,25.0,171.0,76.0,France,87.24489795918367,59.84251968503938,55.0,55.9,1.0,19,8,29,31,33,85,0.93,30.0,↘,5,"[44.3, 38.3, 19.3, 29.3, 39.4]",100,1.26,Demi de mêlée,9,100,Haute,False,Bonne,False,23,4.3,,,,,,,,,,,,0.0,,,,,,
lnr_1935,1935,thomas-carol,https://cdn.lnr.fr/joueur/1935-thomas-carol/photo/photoFull.b948a9307d0771aeee5c40d614c45938eb2eb700,Thomas Carol,Pau,PAU,FULLBACK,Arrière,2022-2023,3,155.0,51.7,5.68,,,0.0,,,,0.0,0.0,,,0.0,,,,,lnr,,,,,0.0,0.0,51.1,62.7,0.6,0,0,0,73,30,0,0.0,65.3,→,1,[76.9],100,0.0,Arrière,ARR,60,Moyenne,True,Basse,True,3,85.7,,,,,,,,,,,,0.0,,,,,,
lnr_320,320,thomas-jolmes,https://cdn.lnr.fr/joueur/320-thomas-jolmes/photo/photoFull.bf4a801945c52387138b3325d9dd3bcf510292ab,Thomas Jolmes,Bordeaux,BOR,LOCK,2ème ligne,2022-2023,20,914.0,45.7,8.49,,,0.26,,,,0.0,0.26,,,0.0,,,,,lnr,27.0,,117.0,France,0.0,92.1259842519685,55.0,60.1,1.0,0,20,0,25,43,14,,63.1,↗,5,"[91.9, 36.7, 100, 100, 45.4]",100,2.61,2ème Ligne,2L,100,Haute,False,Bonne,False,29,26.3,,,,,,,,,,,,0.0,,,,,,
lnr_626,626,thomas-larregain,https://cdn.lnr.fr/joueur/626-thomas-larregain/photo/photoFull.28a7076c5091624b9d043c9f795307457230f77f,Thomas Larregain,Castres,CAS,FULLBACK,Arrière,2022-2023,4,212.0,53.0,3.77,,,0.0,,,,0.38,0.38,,,1.89,,,,,lnr,25.0,184.0,93.0,France,93.87755102040816,73.22834645669292,58.5,60.5,0.6,18,13,33,26,30,96,1.89,11.5,→,3,"[19.5, 20.3, 0.3]",100,1.26,Arrière,ARR,60,Moyenne,True,Basse,True,10,35.7,,,,,,,,,,,,0.0,,,,,,
lnr_982,982,thomas-lavault,https://cdn.lnr.fr/joueur/982-thomas-lavault/photo/photoFull.7cb6d3e8fb1a9ef473f9440830017cd30be5f626,Thomas Lavault,La Rochelle,LRO,LOCK,2ème ligne,2022-2023,15,748.0,49.9,7.81,,,0.0,,,,0.0,0.11,,,0.0,,,,,lnr,23.0,198.0,108.0,France,100.0,85.03937007874016,57.5,59.8,1.0,0,8,0,15,30,98,,48.5,↗,5,"[15.5, 74.0, 15.4, 51.8, 83.1]",100,-0.16,2ème Ligne,2L,100,Haute,False,Moyenne,False,30,23.7,,,,,,,,,,,,0.0,,,,,,
lnr_1024,1024,thomas-ployet,https://cdn.lnr.fr/joueur/1024-thomas-ployet/photo/photoFull.66c8481f41dae2c760111c9de7f76f50fdc806b3,Thomas Ployet,La Rochelle,LRO,LOCK,2ème ligne,2022-2023,2,92.0,46.0,12.17,,,0.87,,,,0.0,0.87,,,0.0,,,,,lnr,,,,,0.0,0.0,75.5,72.8,0.5,0,66,0,75,70,0,,50.0,→,0,[],100,0.0,2ème Ligne,2L,50,Basse,True,Basse,True,9,78.9,,,,,,,,,,,,0.0,,,,,,
lnr_2366,2366,thomas-salles,https://cdn.lnr.fr/joueur/2366-thomas-salles/photo/photoFull.6fc701688372b38c2cd93e972d93fc323ab7f457,Thomas Salles,Toulon,TLN,FLY_HALF,Demi d'ouverture,2022-2023,18,854.0,47.4,2.15,,,0.19,,,,0.19,0.84,,,5.25,,,,,lnr,,,,,0.0,0.0,71.7,71.7,1.0,19,78,56,12,66,0,5.25,50.0,→,0,[],100,0.0,Ouvreur,10,100,Haute,False,Bonne,False,1,100.0,,,,,,,,,,,,0.0,,,,,,
lnr_543,543,theo-chabouni,https://cdn.lnr.fr/joueur/543-theo-chabouni/photo/photoFull.bf7e6b3668f1d7c40821cbfca4c5f267bcf81dfe,Théo Chabouni,Castres,CAS,FULLBACK,Arrière,2022-2023,2,66.0,33.0,4.85,,,0.0,,,,0.0,0.0,,,0.0,,,,,lnr,,,,,0.0,0.0,49.2,56.7,0.5,0,0,0,53,30,0,0.0,8.9,↘,5,"[2.6, 19.6, 20.3, 0, 4.3]",100,0.0,Arrière,ARR,50,Basse,True,Basse,True,13,14.3,,,,,,,,,,,,0.0,,,,,,
lnr_1987,1987,tom-ecochard,https://cdn.lnr.fr/joueur/1987-tom-ecochard/photo/photoFull.746d583d9f8a2aa9c322b15ebadc8acc096151d2,Tom Ecochard,Perpignan,PER,SCRUM_HALF,Demi de mêlée,2022-2023,1,598.0,,5.22,,,0.0,,,,0.13,0.13,,,0.0,,,,,lnr,30.0,173.0,85.0,France,88.26530612244898,66.92913385826772,55.7,59.4,0.75,13,11,0,27,30,91,0.0,24.6,↗,5,"[31.5, 31.5, 94.8, 13.7, 0.5]",100,2.61,Demi de mêlée,9,75,Haute,False,Basse,True,20,17.4,,,,,,,,,,,,0.0,,,,,,
lnr_2753,2753,tom-spring,https://cdn.lnr.fr/joueur/2753-tom-spring/photo/photoFull.1d6a32f7ce4a12d423552fb50b73687ec52ba345,Tom Spring,Bayonne,BAY,FULLBACK,Arrière,2022-2023,6,399.0,66.5,4.21,,,0.0,,,,1.0,1.4,,,0.0,,,,,lnr,,,,,0.0,0.0,58.0,58.8,0.75,48,49,0,37,30,0,0.0,17.0,→,5,"[18.3, 13.7, 15.2, 28.8, 12.4]",100,0.0,Arrière,ARR,75,Haute,False,Basse,False,11,28.6,,,,,,,,,,,,0.0,,,,,,
lnr_550,550,tyler-ardron,https://cdn.lnr.fr/joueur/550-tyler-ardron/photo/photoFull.bf7e6b3668f1d7c40821cbfca4c5f267bcf81dfe,Tyler Ardron,Castres,CAS,LOCK,2ème ligne,2022-2023,1,974.0,,5.67,,,0.08,,,,0.33,0.08,,,0.0,,,,,lnr,31.0,197.0,108.0,Canada,100.0,85.03937007874016,60.0,62.9,1.0,100,6,0,0,34,97,,53.8,↗,5,"[54.3, 45.8, 34.5, 100, 51.0]",100,2.0,2ème Ligne,2L,100,Haute,False,Basse,True,25,36.8,,,,,,,,,,,,0.0,,,,,,
lnr_1383,1383,tyler-duguid,https://cdn.lnr.fr/joueur/1383-tyler-duguid/photo/photoFull.4cb2a4ab19ab443ff7739b68884b2f51b78c1bab,Tyler Duguid,Montpellier,MHR,LOCK,2ème ligne,2022-2023,1,733.0,,11.68,,,0.22,,,,0.0,0.22,,,0.0,,,,,lnr,,,,,0.0,0.0,62.1,61.7,1.0,0,17,0,69,41,0,,33.4,↘,5,"[71.6, 22.4, 52.2, 8.3, 48.5]",100,0.0,2ème Ligne,2L,100,Haute,False,Basse,True,27,31.6,,,,,,,,,,,,0.0,,,,,,
lnr_309,309,ugo-boniface,https://cdn.lnr.fr/joueur/309-ugo-boniface/photo/photoFull.9db3e1c64b0fa647759e691550b9e8351884f243,Ugo Boniface,Bordeaux,BOR,FRONT_ROW,1ère ligne,2022-2023,7,205.0,29.3,8.98,,,0.78,,,,0.0,1.17,,,0.0,,,,,lnr,24.0,190.0,125.0,France,96.93877551020408,98.4251968503937,77.1,71.1,0.6,0,92,0,40,54,95,,28.2,↘,5,"[84.2, 55.5, 37.3, 13.7, 19.9]",100,0.5,1ère Ligne,1L,60,Moyenne,True,Basse,False,28,70.3,,,,,,,,,,,,0.0,,,,,,
lnr_983,983,uini-atonio,https://cdn.lnr.fr/joueur/983-uini-atonio/photo/photoFull.7cb6d3e8fb1a9ef473f9440830017cd30be5f626,Uini Atonio,La Rochelle,LRO,FRONT_ROW,1ère ligne,2022-2023,1,804.0,,5.17,,,0.2,,,,0.1,0.2,,,0.0,,,,,lnr,33.0,196.0,145.0,Nouvelle Zélande,100.0,100.0,60.8,58.4,1.0,33,16,0,0,36,100,,13.7,→,3,"[3.6, 26.0, 10.1]",100,0.5,1ère Ligne,1L,100,Haute,False,Basse,True,86,6.6,66.8,France,39.0,cluster_1,71.8,57.1,50.0,89.5,61.2,50.5,87.8,0.0,,,,,,
lnr_1424,1424,vincent-giudicelli,https://cdn.lnr.fr/joueur/1424-vincent-giudicelli/photo/photoFull.1d6a32f7ce4a12d423552fb50b73687ec52ba345,V. Giudicelli,Montpellier,MHR,FRONT_ROW,1ère ligne,2022-2023,17,605.0,35.6,13.62,,,0.53,,,,0.26,0.26,,,1.98,,,,,lnr,25.0,184.0,102.0,France,93.87755102040816,80.31496062992126,83.8,80.1,1.0,87,21,100,99,46,81,,40.4,↘,5,"[100, 27.5, 53.7, 83.9, 9.5]",100,1.26,1ère Ligne,1L,100,Haute,False,Moyenne,False,1,100.0,,,,,,,,,,,,0.0,,,,,,
lnr_2009,2009,victor-montgaillard,https://cdn.lnr.fr/joueur/2009-victor-montgaillard/photo/photoFull.b817331ae7e7f540e8505004318a8073270e5d10,V. Montgaillard,Perpignan,PER,FRONT_ROW,1ère ligne,2022-2023,10,370.0,37.0,15.78,,,0.43,,,,0.65,0.86,,,2.16,,,,,lnr,20.0,181.0,108.0,France,92.3469387755102,85.03937007874016,84.4,78.2,0.75,100,68,100,100,43,84,,50.2,↘,5,"[100, 94.7, 62.1, 40.1, 34.7]",100,-1.25,1ère Ligne,1L,75,Haute,False,Basse,False,3,97.3,,,,,,,,,,,,0.0,,,,,,
lnr_1264,1264,veresa-tuqovu-ramototabua,https://cdn.lnr.fr/joueur/1264-veresa-tuqovu-ramototabua/photo/photoFull.50e0d211418fb8267083232d5e5561b6e88fe79f,V. Ramototabua,Paris,SFP,WINGER,Ailier,2022-2023,1,54.0,54.0,7.41,,,0.0,,,,0.0,0.0,,,0.0,,,,,lnr,22.0,195.0,107.0,Fidji,99.48979591836736,84.25196850393701,54.3,64.4,0.5,0,0,0,100,30,97,0.0,59.2,↗,5,"[46.0, 64.2, 31.2, 79.2, 88.6]",100,-0.67,Ailier,AIL,50,Basse,True,Basse,True,12,50.0,,,,,,,,,,,,0.0,,,,,,
lnr_10999,10999,valentin-simutoga,https://cdn.lnr.fr/joueur/10999-valentin-simutoga/photo/photoFull.28a7076c5091624b9d043c9f795307457230f77f,V. Simutoga,Clermont,CLR,FRONT_ROW,1ère ligne,2022-2023,2,112.0,56.0,7.86,,,0.0,,,,0.0,0.0,,,0.0,,,,,lnr,20.0,184.0,125.0,France,93.87755102040816,98.4251968503937,59.6,64.0,0.5,0,0,0,26,30,95,,40.7,↗,5,"[5.6, 33.3, 55.5, 56.5, 50.0]",100,-1.25,1ère Ligne,1L,50,Basse,True,Basse,True,63,30.8,,,,,,,,,,,,0.0,,,,,,
lnr_3063,3063,victor-hannoun,https://cdn.lnr.fr/joueur/3063-victor-hannoun/photo/photoFull.1d6a32f7ce4a12d423552fb50b73687ec52ba345,Victor Hannoun,Bayonne,BAY,WINGER,Ailier,2022-2023,5,400.0,80.0,3.0,,,0.0,,,,0.0,0.4,,,0.0,,,,,lnr,19.0,182.0,85.0,France,92.85714285714286,66.92913385826772,51.2,53.7,0.75,0,24,0,31,30,85,0.0,12.8,→,3,"[13.7, 21.0, 6.0]",100,-1.38,Ailier,AIL,75,Haute,False,Moyenne,False,22,4.5,,,,,,,,,,,,0.0,,,,,,
lnr_1991,1991,victor-moreaux,https://cdn.lnr.fr/joueur/1991-victor-moreaux/photo/photoFull.28a7076c5091624b9d043c9f795307457230f77f,Victor Moreaux,Perpignan,PER,LOCK,2ème ligne,2022-2023,1,576.0,,10.0,,,0.28,,,,0.0,0.56,,,0.0,,,,,lnr,29.0,198.0,127.0,France,100.0,100.0,74.0,72.0,0.75,0,43,0,45,44,100,,36.5,→,2,"[51.3, 34.7]",100,2.96,2ème Ligne,2L,75,Haute,False,Basse,True,10,76.3,,,,,,,,,,,,0.0,,,,,,
lnr_2132,2132,vinaya-habosi,https://cdn.lnr.fr/joueur/2132-vinaya-habosi/photo/photoFull.8b942e992ebb42fdd1ca819c8cb833427c776cef,Vinaya Habosi,Racing 92,R92,WINGER,Ailier,2022-2023,7,517.0,73.9,5.11,,,0.93,,,,1.39,1.7,,,3.09,,,,,lnr,,,,,0.0,0.0,90.4,79.9,0.75,100,100,100,65,70,0,3.09,30.6,↘,5,"[47.8, 35.3, 16.8, 24.2, 46.5]",100,0.0,Ailier,AIL,75,Haute,False,Moyenne,False,1,100.0,,,,,,,,,,,,0.0,,,,,,
lnr_1884,1884,vincent-pinto,https://cdn.lnr.fr/joueur/1884-vincent-pinto/photo/photoFull.fb26dc620384a6249e4f25079e745b2cf06fe9f6,Vincent Pinto,Pau,PAU,WINGER,Ailier,2022-2023,2,150.0,75.0,3.73,,,0.53,,,,0.0,0.0,,,2.67,,,,,lnr,,,,,0.0,0.0,55.7,61.4,0.6,0,0,87,43,70,0,2.67,50.0,→,0,[],100,0.0,Ailier,AIL,60,Moyenne,True,Basse,True,14,40.9,,,,,,,,,,,,0.0,,,,,,
lnr_1082,1082,vivien-devisme,https://cdn.lnr.fr/joueur/1082-vivien-devisme/photo/photoFull.8a8276a94cfaec44d9ad851c959e24101861b746,Vivien Devisme,Lyon,LOU,FRONT_ROW,1ère ligne,2022-2023,1,49.0,,14.69,,,0.0,,,,0.0,0.0,,,0.0,,,,,lnr,,,,,0.0,0.0,62.5,66.2,0.5,0,0,0,100,30,0,,50.0,→,0,[],100,0.0,1ère Ligne,1L,50,Basse,True,Basse,True,53,42.3,,,,,,,,,,,,0.0,,,,,,
lnr_616,616,wayan-de-benedittis,https://cdn.lnr.fr/joueur/616-wayan-de-benedittis/photo/photoFull.55223152d2bdf719adae33c3f4ef18c348eed132,W. De Benedittis,Castres,CAS,FRONT_ROW,1ère ligne,2022-2023,1,321.0,,5.98,,,0.0,,,,0.0,0.75,,,0.0,,,,,lnr,,,,,0.0,0.0,45.4,51.6,0.75,0,59,0,2,30,0,,50.0,→,0,[],100,0.0,1ère Ligne,1L,75,Haute,False,Basse,True,90,2.2,,,,,,,,,,,,0.0,,,,,,
lnr_1097,1097,xavier-mignot,https://cdn.lnr.fr/joueur/1097-xavier-mignot/photo/photoFull.d303b4e754d5628447799261cf17492ebc23d137,Xavier Mignot,Lyon,LOU,CENTRE,Centre,2022-2023,1,472.0,,2.2,,,0.0,,,,0.34,0.85,,,0.0,,,,,lnr,,,,,0.0,0.0,56.6,60.0,0.75,39,64,0,0,30,0,,50.0,→,0,[],100,0.0,Centre,CTR,75,Haute,False,Basse,True,28,22.9,,,,,,,,,,,,0.0,,,,,,
lnr_677,677,yohan-beheregaray,https://cdn.lnr.fr/joueur/677-yohan-beheregaray/photo/photoFull.df70eb994b7734bdf40e01b850e18c98079124f9,Y. Beheregaray,Clermont,CLR,FRONT_ROW,1ère ligne,2022-2023,14,753.0,53.8,12.54,,,0.21,,,,0.21,0.0,,,1.06,,,,,lnr,,,,,0.0,0.0,63.5,63.5,1.0,70,0,60,86,37,0,,50.0,→,0,[],100,0.0,1ère Ligne,1L,100,Haute,False,Moyenne,False,67,26.9,,,,,,,,,,,,0.0,,,,,,
lnr_1118,1118,yanis-charcosset,https://cdn.lnr.fr/joueur/1118-yanis-charcosset/photo/photoFull.5130516f3d5f5fbc23b3eaab6efe1a2b3082c3df,Y. Charcosset,Lyon,LOU,FRONT_ROW,1ère ligne,2022-2023,1,618.0,,11.26,,,0.26,,,,0.0,0.0,,,0.0,,,,,lnr,,,,,0.0,0.0,58.5,58.5,1.0,0,0,0,69,38,0,,50.0,→,0,[],100,0.0,1ère Ligne,1L,100,Haute,False,Basse,True,85,7.7,,,,,,,,,,,,0.0,,,,,,
lnr_327,327,yann-lesgourgues,https://cdn.lnr.fr/joueur/327-yann-lesgourgues/photo/photoFull.df70eb994b7734bdf40e01b850e18c98079124f9,Y. Lesgourgues,Bordeaux,BOR,SCRUM_HALF,Demi de mêlée,2022-2023,13,278.0,21.4,4.89,,,0.29,,,,0.0,1.15,,,1.44,,,,,lnr,,,,,0.0,0.0,70.8,70.5,0.6,0,100,45,22,41,0,1.44,50.0,→,0,[],100,0.0,Demi de mêlée,9,60,Moyenne,True,Basse,False,6,78.3,,,,,,,,,,,,0.0,,,,,,
lnr_2659,2659,yan-lestrade,https://cdn.lnr.fr/joueur/2659-yan-lestrade/photo/photoFull.66c8481f41dae2c760111c9de7f76f50fdc806b3,Yan Lestrade,Bayonne,BAY,CENTRE,Centre,2022-2023,3,62.0,20.7,9.03,,,0.0,,,,0.0,0.0,,,0.0,,,,,lnr,,,,,0.0,0.0,53.8,61.9,0.5,0,0,0,90,30,0,,50.0,→,0,[],100,0.0,Centre,CTR,50,Basse,True,Basse,True,27,25.7,,,,,,,,,,,,0.0,,,,,,
lnr_2648,2648,yann-david,https://cdn.lnr.fr/joueur/2648-yann-david/photo/photoFull.df70eb994b7734bdf40e01b850e18c98079124f9,Yann David,Bayonne,BAY,CENTRE,Centre,2022-2023,11,521.0,47.4,7.52,,,0.15,,,,0.15,0.77,,,0.0,,,,,lnr,,,,,0.0,0.0,64.2,65.6,0.75,17,58,0,66,46,0,,50.0,→,0,[],100,0.0,Centre,CTR,75,Haute,False,Moyenne,False,18,51.4,,,,,,,,,,,,0.0,,,,,,
lnr_2477,2477,yannick-youyoutte,https://cdn.lnr.fr/joueur/2477-yannick-youyoutte/photo/photoFull.6fc701688372b38c2cd93e972d93fc323ab7f457,Yannick Youyoutte,Toulouse,TLS,LOCK,2ème ligne,2022-2023,12,469.0,39.1,10.23,,,0.68,,,,0.17,0.17,,,0.0,,,,,lnr,,,,,0.0,0.0,65.9,66.9,0.75,70,13,0,49,63,0,,50.0,→,0,[],100,0.0,2ème Ligne,2L,75,Haute,False,Moyenne,False,20,50.0,,,,,,,,,,,,0.0,,,,,,
lnr_2628,2628,yohan-orabe,https://cdn.lnr.fr/joueur/2628-yohan-orabe/photo/photoFull.1d6a32f7ce4a12d423552fb50b73687ec52ba345,Yohan Orabe,Bayonne,BAY,FULLBACK,Arrière,2022-2023,5,308.0,61.6,3.12,,,0.0,,,,0.78,1.04,,,1.3,,,,,lnr,20.0,182.0,83.0,France,92.85714285714286,65.35433070866141,57.7,58.2,0.75,37,37,23,10,30,93,1.3,16.6,↘,5,"[29.5, 14.4, 0, 24.2, 20.9]",100,-1.25,Arrière,ARR,75,Haute,False,Basse,False,12,21.4,,,,,,,,,,,,0.0,,,,,,
lnr_1917,1917,youri-delhommel,https://cdn.lnr.fr/joueur/1917-youri-delhommel/photo/photoFull.bf4a801945c52387138b3325d9dd3bcf510292ab,Youri Delhommel,Pau,PAU,FRONT_ROW,1ère ligne,2022-2023,22,793.0,36.0,7.47,,,0.81,,,,0.0,0.2,,,1.01,,,,,lnr,27.0,181.0,101.0,France,92.3469387755102,79.52755905511812,68.2,68.6,1.0,0,16,57,21,55,80,,46.0,↘,5,"[58.6, 100, 43.2, 43.2, 47.8]",100,2.61,1ère Ligne,1L,100,Haute,False,Moyenne,False,44,52.7,,,,,,,,,,,,0.0,,,,,,
lnr_1897,1897,yvan-reilhac,https://cdn.lnr.fr/joueur/1897-yvan-reilhac/photo/photoFull.28a7076c5091624b9d043c9f795307457230f77f,Yvan Reilhac,Pau,PAU,CENTRE,Centre,2022-2023,4,228.0,57.0,9.47,,,0.0,,,,0.35,0.0,,,1.75,,,,,lnr,27.0,181.0,98.0,France,92.3469387755102,77.16535433070865,68.8,66.9,0.6,40,0,61,97,30,90,,18.1,→,2,"[14.4, 22.4]",100,2.61,Centre,CTR,60,Moyenne,True,Basse,True,15,60.0,,,,,,,,,,,,0.0,,,,,,
lnr_334,334,zack-holmes,https://cdn.lnr.fr/joueur/334-zack-holmes/photo/photoFull.c13853c24f9a438203d2dc57b45e48161a549ae5,Zack Holmes,Bordeaux,BOR,FLY_HALF,Demi d'ouverture,2022-2023,23,961.0,41.8,6.33,,,0.0,,,,0.0,0.92,,,6.41,,,,,lnr,,,,,0.0,0.0,69.3,69.3,1.0,0,85,68,98,30,0,6.41,50.0,→,0,[],100,0.0,Ouvreur,10,100,Haute,False,Bonne,False,3,87.5,,,,,,,,,,,,0.0,,,,,,
lnr_595,595,aurelien-azar,https://cdn.lnr.fr/joueur/595-aurelien-azar/photo/photoFull.50e0d211418fb8267083232d5e5561b6e88fe79f,A. Azar,Castres,CAS,FRONT_ROW,1ère ligne,2023-2024,5,126.0,25.2,7.62,,,0.0,,,,0.0,0.0,,,0.0,,,,,lnr,29.0,188.0,126.0,France,96.4102564102564,98.4375,61.3,65.0,0.584,0,0,5,9,30,95,,29.2,↘,5,"[33.3, 45.9, 39.5, 1.4, 46.3]",100,2.96,1ère Ligne,1L,58,Basse,True,Basse,True,76,32.0,,,,,,,,,,,,0.0,97.6,9.0,,,,
lnr_1687,1687,aurelien-callandret,https://cdn.lnr.fr/joueur/1687-aurelien-callandret/photo/photoFull.66c8481f41dae2c760111c9de7f76f50fdc806b3,A. Callandret,Bayonne,BAY,CENTRE,Centre,2023-2024,15,989.0,65.9,3.48,,,0.0,,,,0.73,0.73,,,2.43,,,,,lnr,,,,,0.0,0.0,64.8,64.8,1.0,95,83,95,0,30,0,,50.0,→,0,[],100,0.0,Centre,CTR,100,Haute,False,Bonne,False,22,38.2,,,,,,,,,,,,0.0,,,,,,
lnr_1246,1246,alexandre-de-nardi,https://cdn.lnr.fr/joueur/1246-alexandre-de-nardi/photo/photoFull.be998b4b18bc196861886291dfb70b9ac5338109,A. De Nardi,Montpellier,MHR,FULLBACK,Arrière,2023-2024,8,539.0,67.4,2.37,,,0.0,,,,0.3,0.3,,,0.0,,,,,lnr,,,,,0.0,0.0,48.8,49.9,0.949,4,16,5,11,30,0,0.0,50.0,→,0,[],100,0.0,Arrière,ARR,95,Haute,False,Moyenne,False,16,6.2,,,,,,,,,,,,0.0,,,,,,
lnr_1866,1866,axel-desperes-rigou,https://cdn.lnr.fr/joueur/1866-axel-desperes-rigou/photo/photoFull.bf4a801945c52387138b3325d9dd3bcf510292ab,A. Desperes Rigou,Pau,PAU,FLY_HALF,Demi d'ouverture,2023-2024,22,699.0,31.8,6.18,,,0.0,,,,0.57,0.46,,,2.4,,,,,lnr,,,,,0.0,0.0,58.1,57.3,1.0,61,46,20,66,30,0,2.4,23.7,↘,5,"[43.2, 43.2, 28.8, 20.5, 18.3]",100,0.0,Ouvreur,10,100,Haute,False,Moyenne,False,18,22.7,,,,,,,,,,,,0.0,97.8,19.0,,,,
lnr_663,663,alexandre-fischer,https://cdn.lnr.fr/joueur/663-alexandre-fischer/photo/photoFull.1d6a32f7ce4a12d423552fb50b73687ec52ba345,A. Fischer,Clermont,CLR,BACK_ROW,3ème ligne,2023-2024,3,47.0,15.7,8.51,,,0.0,,,,1.7,0.0,,,0.0,,,,,lnr,26.0,188.0,107.0,France,96.4102564102564,83.59375,56.0,63.1,0.531,95,0,5,7,30,93,,32.1,↘,5,"[26.2, 59.9, 31.4, 52.3, 21.6]",100,2.0,3ème Ligne,3L,53,Basse,True,Basse,True,36,27.1,,,,,,,,,,,,0.0,57.1,12.0,,,,
lnr_1028,1028,alexandre-kaddouri,https://cdn.lnr.fr/joueur/1028-alexandre-kaddouri/photo/photoFull.01e7e4177db166b370a81655ed844dbb271b4fe2,A. Kaddouri,La Rochelle,LRO,FRONT_ROW,1ère ligne,2023-2024,7,232.0,33.1,15.52,,,0.69,,,,0.0,0.69,,,0.0,,,,,lnr,20.0,189.0,114.0,France,96.92307692307692,89.0625,87.7,75.6,0.682,0,82,5,95,68,88,,20.9,↘,5,"[9.5, 58.0, 38.1, 17.6, 9.4]",100,-1.25,1ère Ligne,1L,68,Moyenne,True,Basse,False,11,91.0,,,,,,,,,,,,0.0,3.7,13.0,,,,
lnr_935,935,aleksandre-kuntelia,https://cdn.lnr.fr/joueur/935-aleksandre-kuntelia/photo/photoFull.7cb6d3e8fb1a9ef473f9440830017cd30be5f626,A. Kuntelia,La Rochelle,LRO,FRONT_ROW,1ère ligne,2023-2024,14,519.0,37.1,8.63,,,0.15,,,,0.0,0.0,,,0.0,,,,,lnr,21.0,197.0,135.0,Géorgie,100.0,100.0,62.7,62.4,0.932,0,0,5,22,39,100,,34.5,↗,5,"[19.0, 38.6, 71.3, 50.4, 20.7]",100,-1.03,1ère Ligne,1L,93,Haute,False,Moyenne,False,89,20.7,,,,,,,,,,,,0.0,96.3,21.0,,,,
lnr_776,776,alexandre-ricard,https://cdn.lnr.fr/joueur/776-alexandre-ricard/photo/photoFull.5130516f3d5f5fbc23b3eaab6efe1a2b3082c3df,A. Ricard,Bordeaux,BOR,LOCK,2ème ligne,2023-2024,12,469.0,39.1,9.38,,,0.68,,,,0.0,0.0,,,0.85,,,,,lnr,,,,,0.0,0.0,57.4,58.8,0.891,0,0,85,19,68,0,,50.0,→,0,[],100,0.0,2ème Ligne,2L,89,Haute,False,Moyenne,False,30,31.0,,,,,,,,,,,,0.0,,,,,,
lnr_1124,1124,alexandre-tchaptchet-noutcha,https://cdn.lnr.fr/joueur/1124-alexandre-tchaptchet-noutcha/photo/photoFull.eff1aa9b4a9f2b351be13ae3eed38b31d19c422e,A. Tchaptchet Noutcha,Lyon,LOU,FULLBACK,Arrière,2023-2024,8,472.0,59.0,2.71,,,0.0,,,,0.85,0.85,,,0.85,,,,,lnr,22.0,171.0,79.0,France,87.6923076923077,61.71875,62.9,59.7,0.893,56,77,20,19,30,84,0.85,7.6,↘,5,"[38.0, 0, 7.9, 8.3, 0]",100,-0.67,Arrière,ARR,89,Haute,False,Moyenne,False,11,37.5,,,,,,,,,,,,0.0,30.8,6.0,,,,
lnr_1855,1855,aminiasi-tuimaba,https://cdn.lnr.fr/joueur/1855-aminiasi-tuimaba/photo/photoFull.3bdbafd9a091ef5bb037d3de56d946eed2f8ad5f,A. Tuimaba,Pau,PAU,WINGER,Ailier,2023-2024,4,292.0,73.0,3.56,,,0.27,,,,1.1,0.0,,,1.37,,,,,lnr,,,,,0.0,0.0,67.9,68.4,0.742,85,0,53,10,68,0,1.37,50.0,→,0,[],100,0.0,Ailier,AIL,74,Moyenne,True,Basse,True,10,60.9,,,,,,,,,,,,0.0,,,,,,
lnr_384,384,abraham-papalii,https://cdn.lnr.fr/joueur/384-abraham-papalii/photo/photoFull.bf7e6b3668f1d7c40821cbfca4c5f267bcf81dfe,Abraham Papalii,Castres,CAS,LOCK,2ème ligne,2023-2024,23,875.0,38.0,9.51,,,0.0,,,,0.46,1.01,,,0.46,,,,,lnr,30.0,194.0,126.0,Nouvelle Zélande,99.48717948717947,98.4375,67.6,66.5,1.0,95,87,46,21,30,98,,32.1,↘,5,"[25.9, 57.0, 24.8, 37.3, 36.4]",100,2.61,2ème Ligne,2L,100,Haute,False,Bonne,False,17,61.9,,,,,,,,,,,,0.0,67.6,12.0,,,,
lnr_9642,9642,adam-coleman,https://cdn.lnr.fr/joueur/9642-adam-coleman/photo/photoFull.9db3e1c64b0fa647759e691550b9e8351884f243,Adam Coleman,Bordeaux,BOR,LOCK,2ème ligne,2023-2024,15,801.0,53.4,11.09,,,0.0,,,,0.1,0.2,,,0.5,,,,,lnr,32.0,,122.0,Australie,0.0,95.3125,52.9,55.7,1.0,30,17,50,45,30,14,,42.6,↗,5,"[35.3, 28.9, 72.6, 36.3, 56.5]",100,1.26,2ème Ligne,2L,100,Haute,False,Bonne,False,34,20.2,66.6,Australie,53.0,cluster_1,74.9,66.5,50.0,90.3,50.1,78.9,88.5,0.0,70.2,8.0,,,,
lnr_2388,2388,adrien-warion,https://cdn.lnr.fr/joueur/2388-adrien-warion/photo/photoFull.b817331ae7e7f540e8505004318a8073270e5d10,Adrien Warion,Toulon,TLN,LOCK,2ème ligne,2023-2024,4,121.0,30.2,21.16,,,0.0,,,,0.0,0.0,,,0.0,,,,,lnr,23.0,,107.0,France,0.0,83.59375,65.3,67.8,0.581,0,0,5,95,30,12,,50.9,↗,5,"[81.7, 36.2, 100, 39.9, 54.7]",100,-0.16,2ème Ligne,2L,58,Basse,True,Basse,True,12,73.8,,,,,,,,,,,,0.0,94.6,13.0,,,,
lnr_2022,2022,akato-fakatika,https://cdn.lnr.fr/joueur/2022-akato-fakatika/photo/photoFull.b817331ae7e7f540e8505004318a8073270e5d10,Akato Fakatika,Perpignan,PER,FRONT_ROW,1ère ligne,2023-2024,5,85.0,17.0,10.35,,,0.0,,,,0.0,0.0,,,0.0,,,,,lnr,,,,,0.0,0.0,50.5,60.0,0.557,0,0,5,45,30,0,,38.7,→,1,[44.3],100,0.0,1ère Ligne,1L,56,Basse,True,Basse,True,102,9.0,,,,,,,,,,,,0.0,,,,,,
lnr_2452,2452,alban-placines,https://cdn.lnr.fr/joueur/2452-alban-placines/photo/photoFull.df70eb994b7734bdf40e01b850e18c98079124f9,Alban Placines,Toulouse,TLS,BACK_ROW,3ème ligne,2023-2024,15,657.0,43.8,12.18,,,0.24,,,,0.49,0.85,,,0.61,,,,,lnr,,,,,0.0,0.0,66.9,66.9,1.0,95,74,33,68,40,0,,50.0,→,0,[],100,0.0,3ème Ligne,3L,100,Haute,False,Moyenne,False,30,38.5,,,,,,,,,,,,0.0,,,,,,
lnr_314,314,alban-roussel,https://cdn.lnr.fr/joueur/314-alban-roussel/photo/photoFull.c13853c24f9a438203d2dc57b45e48161a549ae5,Alban Roussel,Lyon,LOU,LOCK,2ème ligne,2023-2024,8,319.0,39.9,8.78,,,0.0,,,,0.0,0.25,,,0.0,,,,,lnr,,,,,0.0,0.0,45.0,50.8,0.766,0,22,5,9,30,0,,50.0,→,0,[],100,0.0,2ème Ligne,2L,77,Haute,False,Basse,False,38,11.9,,,,,,,,,,,,0.0,,,,,,
lnr_2483,2483,ange-capuozzo,https://cdn.lnr.fr/joueur/2483-ange-capuozzo/photo/photoFull.a2503fca1a2646233602741328f9c3f7893fa1e1,Ange Capuozzo,Toulouse,TLS,SCRUM_HALF,Demi de mêlée,2023-2024,12,762.0,63.5,3.46,,,0.1,,,,0.94,0.31,,,3.15,,,,,lnr,24.0,177.0,79.0,France,90.76923076923076,61.71875,61.3,59.4,1.0,95,6,95,0,41,87,3.15,13.2,↘,5,"[9.2, 17.1, 9.4, 13.1, 14.6]",100,0.5,Demi de mêlée,9,100,Haute,False,Moyenne,False,21,20.0,82.2,ITALY,10.0,cluster_1,100.0,82.2,50.0,79.7,70.6,92.6,90.4,0.7200000000000002,58.3,6.0,,,,
lnr_2195,2195,anthime-hemery,https://cdn.lnr.fr/joueur/2195-anthime-hemery/photo/photoFull.b5e9990d9a31ede8327da9bafe6aeb896ea144f3,Anthime Hemery,Clermont,CLR,BACK_ROW,3ème ligne,2023-2024,1,362.0,,10.39,,,0.0,,,,0.22,0.0,,,0.0,,,,,lnr,23.0,189.0,110.0,France,96.92307692307692,85.9375,56.6,59.7,0.802,45,0,5,38,30,94,,36.8,↘,5,"[69.5, 43.5, 39.1, 38.8, 38.3]",100,-0.16,3ème Ligne,3L,80,Haute,False,Basse,True,40,18.8,,,,,,,,,,,,0.0,3.6,12.0,,,,
lnr_1426,1426,anthony-bouthier,https://cdn.lnr.fr/joueur/1426-anthony-bouthier/photo/photoFull.55223152d2bdf719adae33c3f4ef18c348eed132,Anthony Bouthier,Montpellier,MHR,FULLBACK,Arrière,2023-2024,13,917.0,70.5,1.57,,,0.09,,,,0.52,0.7,,,0.44,,,,,lnr,,,,,0.0,0.0,56.2,56.2,1.0,25,60,10,0,48,0,0.44,50.0,→,0,[],100,0.0,Arrière,ARR,100,Haute,False,Bonne,False,13,25.0,62.2,France,11.0,cluster_1,69.2,58.5,50.0,72.4,71.9,58.1,99.1,0.0,,,,,,
lnr_2454,2454,anthony-jelonch,https://cdn.lnr.fr/joueur/2454-anthony-jelonch/photo/photoFull.a2503fca1a2646233602741328f9c3f7893fa1e1,Anthony Jelonch,Toulouse,TLS,BACK_ROW,3ème ligne,2023-2024,6,376.0,62.7,12.34,,,0.21,,,,0.21,1.06,,,1.06,,,,,lnr,27.0,193.0,108.0,France,98.97435897435898,84.375,74.9,73.1,0.813,43,92,58,71,39,94,,39.0,↗,5,"[22.9, 19.1, 41.9, 62.1, 47.8]",100,2.61,3ème Ligne,3L,81,Haute,False,Basse,False,10,81.2,77.8,France,26.0,cluster_1,74.1,92.8,50.0,87.9,75.4,66.0,86.5,0.2799999999999997,22.7,10.0,,,,
lnr_2449,2449,antoine-dupont,https://cdn.lnr.fr/joueur/2449-antoine-dupont/photo/photoFull.a2503fca1a2646233602741328f9c3f7893fa1e1,Antoine Dupont,Toulouse,TLS,SCRUM_HALF,Demi de mêlée,2023-2024,14,865.0,61.8,5.73,,,0.09,,,,0.83,2.87,,,2.77,,,,,lnr,27.0,175.0,85.0,France,89.74358974358975,66.40625,77.5,76.8,1.0,93,95,86,32,40,91,2.77,37.7,↗,5,"[7.6, 55.9, 28.6, 32.8, 61.3]",100,2.61,Demi de mêlée,9,100,Haute,False,Bonne,False,1,100.0,93.4,France,48.0,cluster_1,96.4,100.0,50.0,91.5,75.7,93.6,93.1,1.8400000000000003,31.2,5.0,,,,
lnr_322,322,antoine-miquel,https://cdn.lnr.fr/joueur/322-antoine-miquel/photo/photoFull.c13853c24f9a438203d2dc57b45e48161a549ae5,Antoine Miquel,Bordeaux,BOR,BACK_ROW,3ème ligne,2023-2024,12,437.0,36.4,7.51,,,0.73,,,,0.18,1.28,,,0.92,,,,,lnr,,,,,0.0,0.0,65.7,66.3,0.864,37,95,50,0,62,0,,50.0,→,0,[],100,0.0,3ème Ligne,3L,86,Haute,False,Moyenne,False,32,35.4,,,,,,,,,,,,0.0,,,,,,
lnr_593,593,antoine-tichit,https://cdn.lnr.fr/joueur/593-antoine-tichit/photo/photoFull.50e0d211418fb8267083232d5e5561b6e88fe79f,Antoine Tichit,Castres,CAS,FRONT_ROW,1ère ligne,2023-2024,21,843.0,40.1,6.07,,,0.09,,,,0.19,0.09,,,0.47,,,,,lnr,34.0,187.0,115.0,France,95.8974358974359,89.84375,57.8,57.5,1.0,86,11,20,0,35,89,,27.3,↗,5,"[26.0, 12.9, 0, 19.4, 62.1]",100,-0.16,1ère Ligne,1L,100,Haute,False,Bonne,False,107,4.5,,,,,,,,,,,,0.0,94.2,9.0,,,,
lnr_1077,1077,arno-botha,https://cdn.lnr.fr/joueur/1077-arno-botha/photo/photoFull.8e39a4ffde2d58962f9632bb5639326c8c077ac5,Arno Botha,Lyon,LOU,BACK_ROW,3ème ligne,2023-2024,11,755.0,68.6,12.93,,,0.42,,,,0.53,1.59,,,0.53,,,,,lnr,32.0,190.0,108.0,Afrique du Sud,97.43589743589745,84.375,81.9,80.9,1.0,95,95,29,81,48,94,,59.1,↗,5,"[82.5, 81.0, 68.7, 90.0, 47.8]",100,1.26,3ème Ligne,3L,100,Haute,False,Moyenne,False,2,97.9,,,,,,,,,,,,0.0,96.9,11.0,,,,
lnr_250,250,auguste-cadot,https://cdn.lnr.fr/joueur/250-auguste-cadot/photo/photoFull.4cb2a4ab19ab443ff7739b68884b2f51b78c1bab,Auguste Cadot,Montpellier,MHR,FLY_HALF,Demi d'ouverture,2023-2024,11,551.0,50.1,7.7,,,0.15,,,,0.58,0.44,,,2.18,,,,,lnr,22.0,181.0,91.0,France,92.82051282051282,71.09375,66.0,63.3,0.959,62,44,18,95,56,92,2.18,21.0,↗,5,"[0, 10.5, 17.0, 23.3, 35.7]",100,-0.67,Ouvreur,10,96,Haute,False,Moyenne,False,8,68.2,,,,,,,,,,,,0.0,44.3,11.0,,,,
lnr_2336,2336,aymeric-luc,https://cdn.lnr.fr/joueur/2336-aymeric-luc/photo/photoFull.bf4a801945c52387138b3325d9dd3bcf510292ab,Aymeric Luc,Toulon,TLN,SCRUM_HALF,Demi de mêlée,2023-2024,8,640.0,80.0,2.12,,,0.0,,,,1.25,0.62,,,0.62,,,,,lnr,26.0,180.0,80.0,France,92.3076923076923,62.5,63.2,60.7,1.0,95,37,19,0,30,89,0.62,14.4,↗,5,"[0, 7.3, 26.2, 26.2, 7.6]",100,2.0,Demi de mêlée,9,100,Haute,False,Moyenne,False,20,24.0,,,,,,,,,,,,0.0,40.0,9.0,,,,
lnr_12438,12438,benjamin-bertrand,https://cdn.lnr.fr/joueur/12438-benjamin-bertrand/photo/photoFull.a2503fca1a2646233602741328f9c3f7893fa1e1,B. Bertrand,Toulouse,TLS,FRONT_ROW,1ère ligne,2023-2024,2,42.0,21.0,13.33,,,1.9,,,,0.0,0.0,,,0.0,,,,,lnr,20.0,180.0,128.0,France,92.3076923076923,100.0,82.4,72.7,0.528,0,0,5,84,68,96,,34.9,↘,5,"[71.1, 39.1, 22.6, 41.2, 39.4]",100,-1.25,1ère Ligne,1L,53,Basse,True,Basse,True,21,82.0,,,,,,,,,,,,0.0,0.0,8.0,,,,
lnr_2171,2171,baptiste-chouzenoux,https://cdn.lnr.fr/joueur/2171-baptiste-chouzenoux/photo/photoFull.1d6a32f7ce4a12d423552fb50b73687ec52ba345,B. Chouzenoux,Racing 92,R92,BACK_ROW,3ème ligne,2023-2024,10,636.0,63.6,11.7,,,0.13,,,,0.13,0.38,,,1.26,,,,,lnr,30.0,,107.0,France,0.0,83.59375,66.7,64.2,1.0,27,33,69,60,36,59,,19.0,↗,5,"[17.0, 0, 53.6, 25.5, 9.2]",100,2.61,3ème Ligne,3L,100,Haute,False,Moyenne,False,34,31.2,,,,,,,,,,,,0.0,48.5,5.0,,,,
lnr_633,633,baptiste-cope,https://cdn.lnr.fr/joueur/633-baptiste-cope/photo/photoFull.50e0d211418fb8267083232d5e5561b6e88fe79f,B. Cope,Castres,CAS,BACK_ROW,3ème ligne,2023-2024,13,559.0,43.0,13.45,,,0.29,,,,0.14,0.14,,,0.0,,,,,lnr,22.0,186.0,102.0,France,95.3846153846154,79.6875,68.3,67.9,0.966,29,12,5,89,43,90,,44.8,↘,5,"[32.1, 94.4, 49.1, 40.9, 50.8]",100,-0.67,3ème Ligne,3L,97,Haute,False,Moyenne,False,27,45.8,,,,,,,,,,,,0.0,43.1,10.0,,,,
lnr_241,241,baptiste-germain,https://cdn.lnr.fr/joueur/241-baptiste-germain/photo/photoFull.1d6a32f7ce4a12d423552fb50b73687ec52ba345,B. Germain,Toulouse,TLS,SCRUM_HALF,Demi de mêlée,2023-2024,17,663.0,39.0,6.27,,,0.0,,,,0.36,0.24,,,5.55,,,,,lnr,23.0,174.0,82.0,France,89.23076923076924,64.0625,57.9,57.0,1.0,40,0,95,40,30,89,5.55,22.9,↘,5,"[18.3, 22.9, 28.3, 22.0, 27.5]",100,-0.16,Demi de mêlée,9,100,Haute,False,Moyenne,False,24,8.0,,,,,,,,,,,,0.0,50.0,13.0,,,,
lnr_11297,11297,baptiste-jauneau,https://cdn.lnr.fr/joueur/11297-baptiste-jauneau/photo/photoFull.b5e9990d9a31ede8327da9bafe6aeb896ea144f3,B. Jauneau,Clermont,CLR,SCRUM_HALF,Demi de mêlée,2023-2024,22,898.0,40.8,8.55,,,0.09,,,,0.53,1.16,,,1.78,,,,,lnr,20.0,178.0,81.0,France,91.28205128205128,63.28125,64.8,62.7,1.0,59,89,55,75,40,89,1.78,26.1,↘,5,"[49.0, 38.3, 49.5, 24.7, 13.4]",100,-1.25,Demi de mêlée,9,100,Haute,False,Bonne,False,12,56.0,,,,,,,,,,,,0.0,27.9,16.0,,,,
lnr_340,340,benjamin-tameifuna,https://cdn.lnr.fr/joueur/340-benjamin-tameifuna/photo/photoFull.9db3e1c64b0fa647759e691550b9e8351884f243,B. Tameifuna,Bordeaux,BOR,FRONT_ROW,1ère ligne,2023-2024,22,920.0,41.8,7.65,,,0.87,,,,0.17,0.26,,,0.43,,,,,lnr,32.0,188.0,151.0,Nouvelle Zélande,96.4102564102564,100.0,75.8,72.1,1.0,77,31,18,9,68,100,,24.9,↗,5,"[19.7, 0, 33.9, 54.1, 18.3]",100,1.26,1ère Ligne,1L,100,Haute,False,Bonne,False,25,78.4,76.7,TONGA,21.0,cluster_0,61.9,50.5,50.0,90.9,77.6,57.5,92.2,0.1700000000000003,0.0,9.0,,,,
lnr_11845,11845,benjamin-white,https://cdn.lnr.fr/joueur/11845-benjamin-white/photo/photoFull.26dec662e84c737005260a65b33966bd7438db17,B. White,Toulon,TLN,SCRUM_HALF,Demi de mêlée,2023-2024,19,778.0,40.9,7.71,,,0.1,,,,0.0,0.93,,,0.51,,,,,lnr,25.0,180.0,87.0,Grande-Bretagne,92.3076923076923,67.96875,63.1,62.1,1.0,0,67,16,62,41,93,0.51,28.3,↗,5,"[2.0, 17.0, 36.4, 36.4, 38.0]",100,1.26,Demi de mêlée,9,100,Haute,False,Moyenne,False,15,44.0,74.5,SCOT,13.0,cluster_1,65.9,67.7,50.0,96.1,80.1,68.5,76.1,0.0,36.8,10.0,,,,
lnr_2352,2352,baptiste-serin,https://cdn.lnr.fr/joueur/2352-baptiste-serin/photo/photoFull.2eaacbd11c12f10f571df4cbac07c560d1665acd,Baptiste Serin,Toulon,TLN,SCRUM_HALF,Demi de mêlée,2023-2024,17,913.0,53.7,8.67,,,0.09,,,,0.53,0.53,,,2.02,,,,,lnr,29.0,182.0,83.0,France,93.33333333333331,64.84375,65.4,64.3,1.0,59,28,63,77,40,91,2.02,24.9,↘,5,"[52.2, 27.6, 27.6, 30.3, 19.3]",100,2.96,Demi de mêlée,9,100,Haute,False,Bonne,False,10,64.0,78.7,France,47.0,cluster_1,63.0,78.3,62.6,92.2,84.2,67.1,96.7,0.3700000000000003,12.4,16.0,,,,
lnr_1432,1432,bastien-chalureau,https://cdn.lnr.fr/joueur/1432-bastien-chalureau/photo/photoFull.4cb2a4ab19ab443ff7739b68884b2f51b78c1bab,Bastien Chalureau,Montpellier,MHR,LOCK,2ème ligne,2023-2024,19,746.0,39.3,12.87,,,0.11,,,,0.0,0.97,,,0.54,,,,,lnr,32.0,,118.0,France,0.0,92.1875,62.0,64.3,1.0,0,84,54,73,37,13,,53.6,↗,5,"[25.4, 58.6, 0, 97.3, 81.2]",100,1.26,2ème Ligne,2L,100,Haute,False,Moyenne,False,19,57.1,,,,,,,,,,,,0.0,68.6,12.0,,,,
lnr_1127,1127,beka-saginadze,https://cdn.lnr.fr/joueur/1127-beka-saginadze/photo/photoFull.eff1aa9b4a9f2b351be13ae3eed38b31d19c422e,Beka Saginadze,Lyon,LOU,LOCK,2ème ligne,2023-2024,8,478.0,59.8,14.73,,,0.0,,,,0.0,0.17,,,0.0,,,,,lnr,25.0,191.0,110.0,Géorgie,97.94871794871794,85.9375,72.9,70.2,0.898,0,15,5,95,30,95,,31.5,↘,5,"[17.0, 62.8, 18.8, 5.9, 59.6]",100,1.26,2ème Ligne,2L,90,Haute,False,Moyenne,False,7,84.5,70.9,GEORG,30.0,cluster_0,50.0,50.0,50.0,68.5,100.0,53.0,85.9,0.0,92.8,8.0,,,,
lnr_12335,12335,blair-kinghorn-1,https://cdn.lnr.fr/joueur/12335-blair-kinghorn-1/photo/photoFull.2697f7f0cb7b3da001ecdd411641ac7914939acd,Blair Kinghorn,Toulouse,TLS,FULLBACK,Arrière,2023-2024,6,434.0,72.3,3.13,,,0.0,,,,0.74,1.11,,,5.9,,,,,lnr,27.0,193.0,107.0,Ecosse,98.97435897435898,83.59375,76.1,70.4,0.862,46,95,95,28,30,98,5.9,6.7,↘,5,"[17.7, 0, 4.8, 6.5, 4.6]",100,2.61,Arrière,ARR,86,Haute,False,Moyenne,False,3,87.5,81.4,SCOT,45.0,cluster_1,88.2,83.3,57.8,86.2,78.7,86.6,89.0,0.6400000000000006,41.6,13.0,,,,
lnr_2156,2156,boris-palu,https://cdn.lnr.fr/joueur/2156-boris-palu/photo/photoFull.9db3e1c64b0fa647759e691550b9e8351884f243,Boris Palu,Racing 92,R92,BACK_ROW,3ème ligne,2023-2024,22,996.0,45.3,11.24,,,0.16,,,,0.08,0.24,,,0.0,,,,,lnr,,,,,0.0,0.0,56.7,59.8,1.0,16,21,5,53,37,0,,53.4,↗,5,"[25.5, 45.8, 65.9, 77.9, 64.2]",100,0.0,3ème Ligne,3L,100,Haute,False,Bonne,False,39,20.8,,,,,,,,,,,,0.0,97.1,19.0,,,,
lnr_2389,2389,bruce-devaux,https://cdn.lnr.fr/joueur/2389-bruce-devaux/photo/photoFull.b817331ae7e7f540e8505004318a8073270e5d10,Bruce Devaux,Toulon,TLN,FRONT_ROW,1ère ligne,2023-2024,20,665.0,33.2,11.07,,,0.0,,,,0.0,0.24,,,0.0,,,,,lnr,27.0,183.0,108.0,France,93.84615384615384,84.375,68.2,68.2,1.0,0,29,5,54,30,84,,42.3,→,5,"[58.3, 58.3, 56.5, 50.0, 38.4]",100,2.61,1ère Ligne,1L,100,Haute,False,Moyenne,False,52,53.6,,,,,,,,,,,,0.0,90.0,18.0,,,,
lnr_1418,1418,clement-doumenc,https://cdn.lnr.fr/joueur/1418-clement-doumenc/photo/photoFull.3bdbafd9a091ef5bb037d3de56d946eed2f8ad5f,C. Doumenc,Montpellier,MHR,BACK_ROW,3ème ligne,2023-2024,13,414.0,31.8,14.49,,,1.35,,,,0.19,0.58,,,0.0,,,,,lnr,,,,,0.0,0.0,82.5,80.5,0.845,39,50,5,95,68,0,,50.0,→,0,[],100,0.0,3ème Ligne,3L,84,Haute,False,Moyenne,False,3,95.8,,,,,,,,,,,,0.0,,,,,,
lnr_1915,1915,clement-laporte,https://cdn.lnr.fr/joueur/1915-clement-laporte/photo/photoFull.bf4a801945c52387138b3325d9dd3bcf510292ab,C. Laporte,Pau,PAU,FULLBACK,Arrière,2023-2024,6,383.0,63.8,5.43,,,0.21,,,,0.21,0.42,,,1.04,,,,,lnr,,,,,0.0,0.0,60.9,62.6,0.819,0,30,24,79,68,0,1.04,50.0,→,0,[],100,0.0,Arrière,ARR,82,Haute,False,Basse,False,10,43.8,,,,,,,,,,,,0.0,,,,,,
lnr_694,694,cristian-ojovan,https://cdn.lnr.fr/joueur/694-cristian-ojovan/photo/photoFull.b5e9990d9a31ede8327da9bafe6aeb896ea144f3,C. Ojovan,Clermont,CLR,FRONT_ROW,1ère ligne,2023-2024,17,555.0,32.6,10.95,,,0.14,,,,0.0,0.0,,,0.0,,,,,lnr,27.0,183.0,120.0,Moldavie,93.84615384615384,93.75,69.8,68.9,0.962,0,0,5,53,38,91,,36.9,↘,5,"[57.5, 33.6, 46.9, 30.9, 46.9]",100,2.61,1ère Ligne,1L,96,Haute,False,Moyenne,False,47,58.6,,,,,,,,,,,,0.0,86.5,18.0,,,,
lnr_11240,11240,carlu-johann-sadie,https://cdn.lnr.fr/joueur/11240-carlu-johann-sadie/photo/photoFull.9db3e1c64b0fa647759e691550b9e8351884f243,C. Sadie,Bordeaux,BOR,FRONT_ROW,1ère ligne,2023-2024,18,716.0,39.8,8.16,,,0.11,,,,0.11,0.0,,,0.0,,,,,lnr,26.0,182.0,138.0,Afrique du Sud,93.33333333333331,100.0,65.2,65.6,1.0,50,0,5,16,37,99,,41.7,↗,5,"[71.8, 25.3, 43.2, 63.5, 41.2]",100,2.0,1ère Ligne,1L,100,Haute,False,Moyenne,False,69,38.3,,,,,,,,,,,,0.0,93.0,20.0,,,,
lnr_352,352,caleb-kalisi-timu,https://cdn.lnr.fr/joueur/352-caleb-kalisi-timu/photo/photoFull.fb26dc620384a6249e4f25079e745b2cf06fe9f6,C. Timu,Clermont,CLR,BACK_ROW,3ème ligne,2023-2024,4,312.0,78.0,7.44,,,0.26,,,,0.0,0.26,,,0.0,,,,,lnr,,,,,0.0,0.0,49.3,54.3,0.76,0,23,5,0,41,0,,50.0,→,0,[],100,0.0,3ème Ligne,3L,76,Haute,False,Basse,True,46,6.2,,,,,,,,,,,,0.0,,,,,,
lnr_2354,2354,christopher-tolofua,https://cdn.lnr.fr/joueur/2354-christopher-tolofua/photo/photoFull.4cb2a4ab19ab443ff7739b68884b2f51b78c1bab,C. Tolofua,Toulon,TLN,FRONT_ROW,1ère ligne,2023-2024,26,603.0,23.2,9.29,,,0.66,,,,0.0,0.13,,,1.99,,,,,lnr,30.0,182.0,120.0,France,93.33333333333331,93.75,74.1,69.8,1.0,0,15,83,31,68,91,,16.3,↗,5,"[19.2, 8.5, 39.4, 3.5, 17.6]",100,2.61,1ère Ligne,1L,100,Haute,False,Moyenne,False,37,67.6,,,,,,,,,,,,0.0,35.4,17.0,,,,
lnr_312,312,christopher-vaotoa,https://cdn.lnr.fr/joueur/312-christopher-vaotoa/photo/photoFull.c13853c24f9a438203d2dc57b45e48161a549ae5,C. Vaotoa,Bordeaux,BOR,FRONT_ROW,1ère ligne,2023-2024,21,54.0,2.6,1.48,,,0.0,,,,0.0,0.0,,,0.0,,,,,lnr,,,,,0.0,0.0,41.5,54.7,0.536,0,0,5,0,30,0,,50.0,→,0,[],100,0.0,1ère Ligne,1L,54,Basse,True,Basse,True,111,0.9,,,,,,,,,,,,0.0,,,,,,
lnr_2165,2165,camille-chat,https://cdn.lnr.fr/joueur/2165-camille-chat/photo/photoFull.8e39a4ffde2d58962f9632bb5639326c8c077ac5,Camille Chat,Racing 92,R92,FRONT_ROW,1ère ligne,2023-2024,18,941.0,52.3,10.71,,,0.26,,,,0.26,0.85,,,1.28,,,,,lnr,28.0,178.0,101.0,France,91.28205128205128,78.90625,76.8,76.3,1.0,95,95,53,49,46,79,,52.1,→,5,"[29.5, 67.0, 50.4, 32.8, 90.5]",100,2.96,1ère Ligne,1L,100,Haute,False,Bonne,False,8,93.2,72.4,France,37.0,cluster_1,80.0,65.3,50.0,91.8,65.2,64.4,91.6,0.0,63.5,13.0,,,,
lnr_2162,2162,cedate-gomes-sa,https://cdn.lnr.fr/joueur/2162-cedate-gomes-sa/photo/photoFull.8e39a4ffde2d58962f9632bb5639326c8c077ac5,Cedate Gomes Sa,Racing 92,R92,FRONT_ROW,1ère ligne,2023-2024,19,653.0,34.4,9.19,,,0.0,,,,0.12,0.12,,,0.61,,,,,lnr,30.0,185.0,113.0,France,94.87179487179486,88.28125,64.9,68.7,1.0,55,14,25,29,30,87,,66.6,→,5,"[100, 53.2, 47.8, 30.3, 100]",100,2.61,1ère Ligne,1L,100,Haute,False,Moyenne,False,51,55.0,77.7,France,12.0,cluster_1,63.9,56.4,50.0,90.7,83.7,62.8,88.2,0.2700000000000003,38.1,5.0,,,,
lnr_1773,1773,charles-laloi,https://cdn.lnr.fr/joueur/1773-charles-laloi/photo/photoFull.af05d90330b88b7be458e288b68ca734babbf81c,Charles Laloi,Paris,SFP,WINGER,Ailier,2023-2024,6,392.0,65.3,3.47,,,0.0,,,,0.2,0.0,,,1.02,,,,,lnr,20.0,181.0,80.0,France,92.82051282051282,62.5,51.2,54.0,0.827,13,0,40,7,30,82,1.02,23.6,↗,5,"[13.3, 7.9, 33.9, 39.3, 21.6]",100,-1.25,Ailier,AIL,83,Haute,False,Basse,False,23,4.3,,,,,,,,,,,,0.0,61.7,4.0,,,,
lnr_2355,2355,charles-ollivon,https://cdn.lnr.fr/joueur/2355-charles-ollivon/photo/photoFull.2eaacbd11c12f10f571df4cbac07c560d1665acd,Charles Ollivon,Toulon,TLN,BACK_ROW,3ème ligne,2023-2024,12,841.0,70.1,12.27,,,0.0,,,,0.38,1.14,,,0.48,,,,,lnr,30.0,199.0,114.0,France,100.0,89.0625,73.0,71.9,1.0,78,95,26,70,30,98,,38.3,→,5,"[31.4, 32.7, 31.9, 31.9, 64.8]",100,2.61,3ème Ligne,3L,100,Haute,False,Bonne,False,12,77.1,79.3,France,30.0,cluster_1,93.5,96.5,50.0,91.6,50.0,93.2,89.9,0.4299999999999997,66.4,10.0,,,,
lnr_2490,2490,clement-verge,https://cdn.lnr.fr/joueur/2490-clement-verge/photo/photoFull.a2503fca1a2646233602741328f9c3f7893fa1e1,Clement Verge,Toulouse,TLS,LOCK,2ème ligne,2023-2024,14,622.0,44.4,9.39,,,0.39,,,,0.26,3.09,,,0.64,,,,,lnr,22.0,,123.0,France,0.0,96.09375,59.8,62.7,1.0,78,95,64,19,56,14,,58.0,↗,5,"[48.4, 45.3, 74.4, 64.2, 79.8]",100,-0.67,2ème Ligne,2L,100,Haute,False,Moyenne,False,21,52.4,,,,,,,,,,,,0.0,57.5,16.0,,,,
lnr_1886,1886,clovis-le-bail,https://cdn.lnr.fr/joueur/1886-clovis-le-bail/photo/photoFull.2eaacbd11c12f10f571df4cbac07c560d1665acd,Clovis Le Bail,Racing 92,R92,SCRUM_HALF,Demi de mêlée,2023-2024,16,577.0,36.1,3.33,,,0.0,,,,0.14,0.55,,,0.0,,,,,lnr,28.0,173.0,74.0,France,88.71794871794872,57.8125,58.2,57.5,0.981,16,30,5,0,30,83,0.0,17.2,↘,5,"[41.2, 9.2, 16.2, 20.7, 14.5]",100,2.96,Demi de mêlée,9,98,Haute,False,Moyenne,False,22,16.0,,,,,,,,,,,,0.0,100.0,4.0,,,,
lnr_2451,2451,cyril-baille,https://cdn.lnr.fr/joueur/2451-cyril-baille/photo/photoFull.a2503fca1a2646233602741328f9c3f7893fa1e1,Cyril Baille,Toulouse,TLS,FRONT_ROW,1ère ligne,2023-2024,12,473.0,39.4,6.93,,,0.0,,,,0.17,1.86,,,0.0,,,,,lnr,30.0,182.0,118.0,France,93.33333333333331,92.1875,66.1,68.6,0.894,77,95,5,0,30,90,,15.3,↘,5,"[22.6, 34.7, 29.7, 5.9, 7.2]",100,2.61,1ère Ligne,1L,89,Haute,False,Moyenne,False,84,25.2,79.6,France,42.0,cluster_1,94.8,100.0,50.0,93.7,66.4,83.5,88.2,0.4599999999999994,83.4,11.0,,,,
lnr_708,708,daniel-bibi-biziwu,https://cdn.lnr.fr/joueur/708-daniel-bibi-biziwu/photo/photoFull.b948a9307d0771aeee5c40d614c45938eb2eb700,D. Bibi Biziwu,Clermont,CLR,FRONT_ROW,1ère ligne,2023-2024,14,423.0,30.2,6.43,,,0.0,,,,0.0,0.0,,,0.0,,,,,lnr,22.0,183.0,119.0,France,93.84615384615384,92.96875,54.0,57.2,0.852,0,0,5,0,30,91,,36.0,↘,5,"[29.8, 65.3, 12.9, 72.6, 26.8]",100,-0.67,1ère Ligne,1L,85,Haute,False,Moyenne,False,108,3.6,,,,,,,,,,,,0.0,97.6,8.0,,,,
lnr_2365,2365,dany-priso-mouangue,https://cdn.lnr.fr/joueur/2365-dany-priso-mouangue/photo/photoFull.2eaacbd11c12f10f571df4cbac07c560d1665acd,D. Priso Mouangue,Toulon,TLN,FRONT_ROW,1ère ligne,2023-2024,21,970.0,46.2,8.41,,,0.41,,,,0.16,0.33,,,0.82,,,,,lnr,30.0,182.0,112.0,France,93.33333333333331,87.5,70.4,69.5,1.0,73,39,34,19,55,86,,39.2,→,5,"[50.4, 32.6, 55.7, 9.9, 67.0]",100,2.61,1ère Ligne,1L,100,Haute,False,Bonne,False,41,64.0,,,,,,,,,,,,0.0,97.2,19.0,,,,
lnr_2151,2151,donovan-taofifenua,https://cdn.lnr.fr/joueur/2151-donovan-taofifenua/photo/photoFull.4cb2a4ab19ab443ff7739b68884b2f51b78c1bab,D. Taofifenua,Racing 92,R92,FULLBACK,Arrière,2023-2024,11,613.0,55.7,3.92,,,0.0,,,,0.78,0.39,,,2.61,,,,,lnr,25.0,179.0,84.0,France,91.7948717948718,65.625,65.1,64.2,1.0,50,26,61,46,30,89,2.61,31.8,↗,5,"[32.1, 21.6, 0, 100, 16.4]",100,1.26,Arrière,ARR,100,Haute,False,Moyenne,False,8,56.2,,,,,,,,,,,,0.0,90.9,8.0,,,,
lnr_1870,1870,daniel-robson,https://cdn.lnr.fr/joueur/1870-daniel-robson/photo/photoFull.bf4a801945c52387138b3325d9dd3bcf510292ab,Daniel Robson,Pau,PAU,SCRUM_HALF,Demi de mêlée,2023-2024,25,968.0,38.7,3.97,,,0.0,,,,0.17,0.25,,,1.07,,,,,lnr,32.0,173.0,82.0,Grande-Bretagne,88.71794871794872,64.0625,55.6,54.4,1.0,19,1,33,5,30,88,1.07,13.6,↘,5,"[32.2, 32.2, 35.2, 9.0, 0]",100,1.26,Demi de mêlée,9,100,Haute,False,Bonne,False,25,4.0,,,,,,,,,,,,0.0,32.7,12.0,,,,
lnr_2500,2500,david-ainuu,https://cdn.lnr.fr/joueur/2500-david-ainuu/photo/photoFull.7ca2942712296b23bc0c05ee5ba8a7306bef7b5e,David Ainuu,Toulouse,TLS,FRONT_ROW,1ère ligne,2023-2024,20,700.0,35.0,9.71,,,0.11,,,,0.11,0.11,,,1.14,,,,,lnr,24.0,178.0,122.0,Etats-Unis,91.28205128205128,95.3125,66.4,66.3,1.0,50,13,47,36,37,92,,42.0,↗,5,"[44.7, 30.7, 35.4, 36.2, 70.2]",100,0.5,1ère Ligne,1L,100,Haute,False,Moyenne,False,61,45.9,,,,,,,,,,,,0.0,95.3,11.0,,,,
lnr_1079,1079,demba-bamba,https://cdn.lnr.fr/joueur/1079-demba-bamba/photo/photoFull.8b942e992ebb42fdd1ca819c8cb833427c776cef,Demba Bamba,Lyon,LOU,FRONT_ROW,1ère ligne,2023-2024,17,849.0,49.9,11.21,,,0.0,,,,0.0,0.09,,,0.0,,,,,lnr,26.0,185.0,125.0,France,94.87179487179486,97.65625,68.9,70.8,1.0,0,11,5,56,30,95,,60.5,↗,5,"[52.9, 65.6, 79.4, 64.2, 77.9]",100,2.0,1ère Ligne,1L,100,Haute,False,Bonne,False,31,73.0,73.9,France,25.0,cluster_1,100.0,78.2,50.0,85.5,58.7,81.7,88.4,0.0,48.9,17.0,,,,
lnr_2649,2649,denis-marchois,https://cdn.lnr.fr/joueur/2649-denis-marchois/photo/photoFull.fa741145527d67f0373a3b7f544c55452bd2af8a,Denis Marchois,Bayonne,BAY,LOCK,2ème ligne,2023-2024,15,669.0,44.6,11.48,,,0.24,,,,0.0,0.12,,,0.0,,,,,lnr,,,,,0.0,0.0,55.7,55.7,1.0,0,10,5,51,46,0,,50.0,→,0,[],100,0.0,2ème Ligne,2L,100,Haute,False,Moyenne,False,34,20.2,,,,,,,,,,,,0.0,,,,,,
lnr_2501,2501,dimitri-delibes,https://cdn.lnr.fr/joueur/2501-dimitri-delibes/photo/photoFull.7ca2942712296b23bc0c05ee5ba8a7306bef7b5e,Dimitri Delibes,Toulouse,TLS,CENTRE,Centre,2023-2024,9,569.0,63.2,5.34,,,0.28,,,,0.56,0.28,,,0.7,,,,,lnr,25.0,190.0,98.0,France,97.43589743589745,76.5625,71.4,68.2,0.974,72,27,31,34,58,90,,23.2,↘,5,"[33.3, 22.9, 0, 25.5, 38.6]",100,1.26,Centre,CTR,97,Haute,False,Moyenne,False,13,64.7,,,,,,,,,,,,0.0,31.6,9.0,,,,
lnr_2448,2448,dorian-aldegheri,https://cdn.lnr.fr/joueur/2448-dorian-aldegheri/photo/photoFull.a2503fca1a2646233602741328f9c3f7893fa1e1,Dorian Aldegheri,Toulouse,TLS,FRONT_ROW,1ère ligne,2023-2024,13,607.0,46.7,6.46,,,0.13,,,,0.0,0.13,,,0.0,,,,,lnr,30.0,180.0,119.0,France,92.3076923076923,92.96875,60.0,60.3,1.0,0,15,5,0,38,90,,31.7,→,5,"[49.7, 37.7, 33.6, 47.8, 24.4]",100,2.61,1ère Ligne,1L,100,Haute,False,Moyenne,False,101,9.9,59.1,France,9.0,cluster_1,55.9,50.0,50.0,89.5,51.0,55.5,85.5,0.0,97.3,12.0,,,,
lnr_2385,2385,duncan-paiaaua,https://cdn.lnr.fr/joueur/2385-duncan-paiaaua/photo/photoFull.b817331ae7e7f540e8505004318a8073270e5d10,Duncan Paia'aua,Toulon,TLN,CENTRE,Centre,2023-2024,12,860.0,71.7,6.05,,,0.19,,,,0.28,0.93,,,1.4,,,,,lnr,29.0,183.0,92.0,Australie,93.84615384615384,71.875,74.3,70.0,1.0,32,95,63,50,49,85,,16.3,↗,4,"[10.7, 45.8, 4.6, 13.4]",100,2.96,Centre,CTR,100,Haute,False,Bonne,False,7,80.9,,,,,,,,,,,,0.0,82.6,4.0,,,,
lnr_1078,1078,dylan-cretin,https://cdn.lnr.fr/joueur/1078-dylan-cretin/photo/photoFull.8e39a4ffde2d58962f9632bb5639326c8c077ac5,Dylan Cretin,Lyon,LOU,BACK_ROW,3ème ligne,2023-2024,3,240.0,80.0,9.33,,,0.0,,,,0.0,0.0,,,0.0,,,,,lnr,,,,,0.0,0.0,47.3,58.9,0.69,0,0,5,21,30,0,,39.8,↘,5,"[82.5, 55.7, 43.9, 39.9, 38.1]",100,0.0,3ème Ligne,3L,69,Moyenne,True,Basse,True,44,10.4,68.1,France,20.0,cluster_1,56.3,50.0,50.0,91.4,88.1,53.1,88.0,0.0,96.6,16.0,,,,
lnr_2632,2632,eneriko-buliruarua,https://cdn.lnr.fr/joueur/2632-eneriko-buliruarua/photo/photoFull.746d583d9f8a2aa9c322b15ebadc8acc096151d2,E. Buliruarua,Bayonne,BAY,CENTRE,Centre,2023-2024,5,240.0,48.0,7.0,,,0.33,,,,0.67,0.0,,,0.0,,,,,lnr,27.0,186.0,106.0,Fidji,95.3846153846154,82.8125,75.8,71.7,0.69,88,0,5,72,64,94,,28.2,↘,5,"[41.2, 43.6, 43.6, 5.2, 37.3]",100,2.61,Centre,CTR,69,Moyenne,True,Basse,False,5,88.2,,,,,,,,,,,,0.0,7.6,13.0,,,,
lnr_11820,11820,elias-jack-goodhue,https://cdn.lnr.fr/joueur/11820-elias-jack-goodhue/photo/photoFull.bf7e6b3668f1d7c40821cbfca4c5f267bcf81dfe,E. Goodhue,Castres,CAS,CENTRE,Centre,2023-2024,7,446.0,63.7,7.0,,,0.0,,,,0.54,0.9,,,1.79,,,,,lnr,,,,,0.0,0.0,69.3,69.0,0.872,70,95,80,72,30,0,,42.5,↘,5,"[69.4, 100, 30.1, 49.1, 18.3]",100,0.0,Centre,CTR,87,Haute,False,Moyenne,False,11,70.6,79.1,All Blacks,30.0,cluster_1,85.5,77.7,50.0,92.8,79.3,79.2,100.0,0.4099999999999995,52.4,16.0,,,,
lnr_2498,2498,emmanuel-meafou,https://cdn.lnr.fr/joueur/2498-emmanuel-meafou/photo/photoFull.7ca2942712296b23bc0c05ee5ba8a7306bef7b5e,E. Meafou,Toulouse,TLS,LOCK,2ème ligne,2023-2024,14,741.0,52.9,8.96,,,0.22,,,,0.11,1.84,,,2.7,,,,,lnr,25.0,,145.0,France,0.0,100.0,56.4,57.9,1.0,33,95,95,12,45,15,,38.0,→,5,"[43.8, 40.3, 30.6, 51.1, 45.3]",100,1.26,2ème Ligne,2L,100,Haute,False,Moyenne,False,31,28.6,,,,,,,,,,,,0.0,36.7,7.0,,,,
lnr_2004,2004,edward-dratai-sawailau,https://cdn.lnr.fr/joueur/2004-edward-dratai-sawailau/photo/photoFull.c13853c24f9a438203d2dc57b45e48161a549ae5,E. Sawailau,Perpignan,PER,CENTRE,Centre,2023-2024,4,283.0,70.8,7.63,,,0.28,,,,0.0,0.57,,,0.0,,,,,lnr,,,,,0.0,0.0,61.4,63.7,0.733,0,63,5,86,58,0,,50.0,→,0,[],100,0.0,Centre,CTR,73,Moyenne,True,Basse,True,24,32.4,,,,,,,,,,,,0.0,,,,,,
lnr_1905,1905,eliott-roudil,https://cdn.lnr.fr/joueur/1905-eliott-roudil/photo/photoFull.55223152d2bdf719adae33c3f4ef18c348eed132,Eliott Roudil,Pau,PAU,CENTRE,Centre,2023-2024,9,384.0,42.7,4.79,,,0.0,,,,0.21,0.42,,,1.04,,,,,lnr,,,,,0.0,0.0,54.2,57.1,0.82,22,44,46,22,30,0,,50.0,→,0,[],100,0.0,Centre,CTR,82,Haute,False,Basse,False,34,2.9,,,,,,,,,,,,0.0,,,,,,
lnr_2349,2349,emerick-setiano,https://cdn.lnr.fr/joueur/2349-emerick-setiano/photo/photoFull.1d6a32f7ce4a12d423552fb50b73687ec52ba345,Emerick Setiano,Toulon,TLN,FRONT_ROW,1ère ligne,2023-2024,13,414.0,31.8,12.37,,,0.0,,,,0.0,0.0,,,0.0,,,,,lnr,27.0,183.0,115.0,France,93.84615384615384,89.84375,70.6,70.5,0.845,0,0,5,71,30,88,,43.5,→,5,"[47.8, 42.2, 2.5, 100, 5.1]",100,2.61,1ère Ligne,1L,84,Haute,False,Moyenne,False,32,72.1,,,,,,,,,,,,0.0,87.3,13.0,,,,
lnr_1440,1440,enzo-forletta,https://cdn.lnr.fr/joueur/1440-enzo-forletta/photo/photoFull.4cb2a4ab19ab443ff7739b68884b2f51b78c1bab,Enzo Forletta,Montpellier,MHR,FRONT_ROW,1ère ligne,2023-2024,20,759.0,38.0,12.23,,,0.11,,,,0.0,0.11,,,0.0,,,,,lnr,29.0,175.0,118.0,France,89.74358974358975,92.1875,73.2,71.1,1.0,0,13,5,69,37,89,,33.1,↘,5,"[54.1, 38.2, 61.5, 29.4, 27.0]",100,2.96,1ère Ligne,1L,100,Haute,False,Moyenne,False,29,74.3,,,,,,,,,,,,0.0,97.0,17.0,,,,
lnr_427,427,enzo-herve,https://cdn.lnr.fr/joueur/427-enzo-herve/photo/photoFull.50e0d211418fb8267083232d5e5561b6e88fe79f,Enzo Herve,Toulon,TLN,FLY_HALF,Demi d'ouverture,2023-2024,17,864.0,50.8,3.98,,,0.0,,,,0.28,0.65,,,9.07,,,,,lnr,25.0,176.0,90.0,France,90.25641025641026,70.3125,64.1,62.3,1.0,30,66,77,16,30,90,9.07,22.6,↗,5,"[36.6, 18.3, 38.6, 25.6, 16.4]",100,1.26,Ouvreur,10,100,Haute,False,Bonne,False,10,59.1,,,,,,,,,,,,0.0,37.2,8.0,,,,
lnr_1125,1125,ethan-dumortier,https://cdn.lnr.fr/joueur/1125-ethan-dumortier/photo/photoFull.eff1aa9b4a9f2b351be13ae3eed38b31d19c422e,Ethan Dumortier,Lyon,LOU,CENTRE,Centre,2023-2024,11,737.0,67.0,5.32,,,0.11,,,,0.76,0.54,,,0.0,,,,,lnr,23.0,191.0,93.0,France,97.94871794871794,72.65625,73.3,69.8,1.0,95,59,5,34,41,87,,26.8,→,5,"[12.9, 39.9, 37.6, 24.9, 29.8]",100,-0.16,Centre,CTR,100,Haute,False,Moyenne,False,9,76.5,,,,,,,,,,,,0.0,70.5,12.0,,,,
lnr_667,667,etienne-falgoux,https://cdn.lnr.fr/joueur/667-etienne-falgoux/photo/photoFull.b5e9990d9a31ede8327da9bafe6aeb896ea144f3,Etienne Falgoux,Clermont,CLR,FRONT_ROW,1ère ligne,2023-2024,17,793.0,46.6,6.96,,,0.61,,,,0.0,0.1,,,0.5,,,,,lnr,31.0,183.0,105.0,France,93.84615384615384,82.03125,65.6,64.0,1.0,0,12,21,0,67,82,,25.6,↘,5,"[50.4, 14.1, 14.7, 23.6, 37.7]",100,2.0,1ère Ligne,1L,100,Haute,False,Moyenne,False,80,28.8,,,,,,,,,,,,0.0,89.6,8.0,,,,
lnr_657,657,etienne-fourcade,https://cdn.lnr.fr/joueur/657-etienne-fourcade/photo/photoFull.b5e9990d9a31ede8327da9bafe6aeb896ea144f3,Etienne Fourcade,Clermont,CLR,FRONT_ROW,1ère ligne,2023-2024,14,656.0,46.9,8.66,,,0.12,,,,0.12,0.37,,,1.22,,,,,lnr,27.0,180.0,103.0,France,92.3076923076923,80.46875,65.8,65.5,1.0,55,44,51,22,37,81,,36.1,↗,5,"[45.4, 19.9, 54.3, 43.2, 39.3]",100,2.61,1ère Ligne,1L,100,Haute,False,Moyenne,False,71,36.5,,,,,,,,,,,,0.0,91.4,14.0,,,,
lnr_254,254,ewan-bertheau,https://cdn.lnr.fr/joueur/254-ewan-bertheau/photo/photoFull.6f21bcf3f2603044fd281cd01cb394008aed942a,Ewan Bertheau,Perpignan,PER,BACK_ROW,3ème ligne,2023-2024,2,81.0,40.5,12.84,,,0.99,,,,0.0,0.0,,,0.0,,,,,lnr,,,,,0.0,0.0,72.5,71.4,0.554,0,0,5,79,68,0,,50.0,→,0,[],100,0.0,3ème Ligne,3L,55,Basse,True,Basse,True,13,75.0,,,,,,,,,,,,0.0,,,,,,
lnr_280,280,federico-mori,https://cdn.lnr.fr/joueur/280-federico-mori/photo/photoFull.1d6a32f7ce4a12d423552fb50b73687ec52ba345,F. Mori,Bayonne,BAY,CENTRE,Centre,2023-2024,13,916.0,70.5,6.55,,,0.17,,,,0.7,0.35,,,0.87,,,,,lnr,23.0,188.0,108.0,Italie,96.4102564102564,84.375,74.1,68.7,1.0,93,36,39,62,47,96,,11.8,↘,5,"[34.7, 6.5, 7.3, 0, 20.7]",100,-0.16,Centre,CTR,100,Haute,False,Bonne,False,10,73.5,65.8,ITALY,15.0,cluster_1,75.5,77.1,50.0,82.2,55.8,65.6,80.7,0.0,0.0,7.0,,,,
lnr_624,624,florent-vanverberghe,https://cdn.lnr.fr/joueur/624-florent-vanverberghe/photo/photoFull.50e0d211418fb8267083232d5e5561b6e88fe79f,F. Vanverberghe,Castres,CAS,LOCK,2ème ligne,2023-2024,16,563.0,35.2,11.79,,,0.14,,,,0.0,0.28,,,1.42,,,,,lnr,23.0,198.0,120.0,France,100.0,93.75,67.2,67.2,0.969,0,24,95,56,39,98,,44.7,↘,5,"[82.5, 59.6, 82.5, 59.6, 21.0]",100,-0.16,2ème Ligne,2L,97,Haute,False,Moyenne,False,14,69.0,,,,,,,,,,,,0.0,100.0,15.0,,,,
lnr_2157,2157,fabien-sanconnie,https://cdn.lnr.fr/joueur/2157-fabien-sanconnie/photo/photoFull.8b942e992ebb42fdd1ca819c8cb833427c776cef,Fabien Sanconnie,Racing 92,R92,BACK_ROW,3ème ligne,2023-2024,14,671.0,47.9,11.21,,,0.24,,,,0.0,0.36,,,1.19,,,,,lnr,29.0,195.0,114.0,France,100.0,89.0625,67.4,69.8,1.0,0,31,65,52,40,98,,60.3,↘,5,"[83.9, 100, 46.0, 65.6, 71.7]",100,2.96,3ème Ligne,3L,100,Haute,False,Moyenne,False,21,58.3,,,,,,,,,,,,0.0,99.8,7.0,,,,
lnr_1900,1900,fabrice-metz,https://cdn.lnr.fr/joueur/1900-fabrice-metz/photo/photoFull.55223152d2bdf719adae33c3f4ef18c348eed132,Fabrice Metz,Pau,PAU,LOCK,2ème ligne,2023-2024,15,644.0,42.9,13.04,,,0.25,,,,0.12,0.5,,,0.0,,,,,lnr,,,,,0.0,0.0,62.5,62.5,1.0,36,43,5,75,47,0,,50.0,→,0,[],100,0.0,2ème Ligne,2L,100,Haute,False,Moyenne,False,22,50.0,,,,,,,,,,,,0.0,,,,,,
lnr_2658,2658,facundo-bosch,https://cdn.lnr.fr/joueur/2658-facundo-bosch/photo/photoFull.1d6a32f7ce4a12d423552fb50b73687ec52ba345,Facundo Bosch,Bayonne,BAY,FRONT_ROW,1ère ligne,2023-2024,18,831.0,46.2,15.4,,,1.16,,,,0.19,1.25,,,2.41,,,,,lnr,32.0,180.0,100.0,Argentine,92.3076923076923,78.125,94.5,89.6,1.0,86,95,95,95,68,79,,47.9,↘,5,"[100, 56.5, 33.8, 77.1, 38.5]",100,1.26,1ère Ligne,1L,100,Haute,False,Bonne,False,1,100.0,67.0,Argentine,25.0,cluster_1,51.2,50.0,50.0,76.2,91.1,50.0,87.6,0.0,9.7,17.0,,,,
lnr_2335,2335,facundo-isa,https://cdn.lnr.fr/joueur/2335-facundo-isa/photo/photoFull.bf4a801945c52387138b3325d9dd3bcf510292ab,Facundo Isa,Toulon,TLN,BACK_ROW,3ème ligne,2023-2024,12,523.0,43.6,10.1,,,0.15,,,,0.31,0.92,,,0.76,,,,,lnr,30.0,188.0,110.0,Argentine,96.4102564102564,85.9375,68.4,70.3,0.936,63,80,41,34,37,94,,56.7,↗,5,"[57.8, 33.1, 41.7, 59.7, 96.6]",100,2.61,3ème Ligne,3L,94,Haute,False,Moyenne,False,18,63.5,73.6,Argentine,41.0,cluster_1,82.8,74.3,50.0,53.9,66.2,77.6,71.5,0.0,9.2,18.0,,,,
lnr_1438,1438,florian-verhaeghe,https://cdn.lnr.fr/joueur/1438-florian-verhaeghe/photo/photoFull.4cb2a4ab19ab443ff7739b68884b2f51b78c1bab,Florian Verhaeghe,Montpellier,MHR,LOCK,2ème ligne,2023-2024,12,617.0,51.4,10.5,,,0.26,,,,0.13,1.17,,,0.65,,,,,lnr,26.0,,110.0,France,0.0,85.9375,61.2,62.1,1.0,39,95,65,36,47,12,,39.8,↗,5,"[43.9, 11.0, 64.8, 35.4, 55.7]",100,2.0,2ème Ligne,2L,100,Haute,False,Moyenne,False,23,47.6,,,,,,,,,,,,0.0,75.4,13.0,,,,
lnr_2124,2124,francis-saili,https://cdn.lnr.fr/joueur/2124-francis-saili/photo/photoFull.fe5b6edecb877fb4ff7853edcd6a3662574bc87d,Francis Saili,Racing 92,R92,CENTRE,Centre,2023-2024,16,703.0,43.9,9.9,,,0.0,,,,0.46,0.23,,,0.57,,,,,lnr,,,,,0.0,0.0,65.6,65.6,1.0,58,21,25,95,30,0,,50.0,→,0,[],100,0.0,Centre,CTR,100,Haute,False,Moyenne,False,20,44.1,,,,,,,,,,,,0.0,,,,,,
lnr_2453,2453,francois-cros,https://cdn.lnr.fr/joueur/2453-francois-cros/photo/photoFull.a2503fca1a2646233602741328f9c3f7893fa1e1,Francois Cros,Toulouse,TLS,BACK_ROW,3ème ligne,2023-2024,12,778.0,64.8,10.69,,,0.1,,,,0.0,0.41,,,0.0,,,,,lnr,30.0,190.0,111.0,France,97.43589743589745,86.71875,63.5,68.2,1.0,0,36,5,43,34,95,,74.1,→,2,"[100, 75.9]",100,2.61,3ème Ligne,3L,100,Haute,False,Moyenne,False,26,47.9,67.6,France,25.0,cluster_1,61.3,57.0,50.0,90.8,77.7,56.7,86.9,0.0,,,,,,
lnr_1009,1009,georges-henri-colombe-reazel,https://cdn.lnr.fr/joueur/1009-georges-henri-colombe-reazel/photo/photoFull.a2503fca1a2646233602741328f9c3f7893fa1e1,G. Colombe Reazel,La Rochelle,LRO,FRONT_ROW,1ère ligne,2023-2024,24,859.0,35.8,6.71,,,0.56,,,,0.19,0.56,,,1.4,,,,,lnr,26.0,193.0,142.0,France,98.97435897435898,100.0,72.2,70.4,1.0,86,67,58,0,64,100,,35.1,↗,5,"[3.4, 24.9, 33.7, 58.3, 43.9]",100,2.0,1ère Ligne,1L,100,Haute,False,Bonne,False,33,71.2,,,,,,,,,,,,0.0,56.7,8.0,,,,
lnr_612,612,gauthier-doubrere,https://cdn.lnr.fr/joueur/612-gauthier-doubrere/photo/photoFull.50e0d211418fb8267083232d5e5561b6e88fe79f,G. Doubrere,Castres,CAS,SCRUM_HALF,Demi de mêlée,2023-2024,8,119.0,14.9,13.45,,,2.69,,,,0.0,1.34,,,0.0,,,,,lnr,28.0,176.0,82.0,France,90.25641025641026,64.0625,80.5,74.8,0.579,0,95,5,95,68,89,0.0,35.9,↗,5,"[0, 0, 100, 0, 21.6]",100,2.96,Demi de mêlée,9,58,Basse,True,Basse,True,2,96.0,,,,,,,,,,,,0.0,,,,,,
lnr_1892,1892,guillaume-ducat,https://cdn.lnr.fr/joueur/1892-guillaume-ducat/photo/photoFull.bf7e6b3668f1d7c40821cbfca4c5f267bcf81dfe,G. Ducat,Pau,PAU,LOCK,2ème ligne,2023-2024,21,900.0,42.9,11.02,,,0.09,,,,0.0,0.44,,,0.0,,,,,lnr,27.0,,115.0,France,0.0,89.84375,55.8,56.2,1.0,0,38,5,44,36,13,,25.2,→,5,"[32.1, 39.2, 47.8, 13.7, 22.8]",100,2.61,2ème Ligne,2L,100,Haute,False,Bonne,False,33,23.8,,,,,,,,,,,,0.0,97.0,14.0,,,,
lnr_3233,3233,giorgi-dzmanashvili,https://cdn.lnr.fr/joueur/3233-giorgi-dzmanashvili/photo/photoFull.b5e9990d9a31ede8327da9bafe6aeb896ea144f3,G. Dzmanashvili,Clermont,CLR,FRONT_ROW,1ère ligne,2023-2024,8,153.0,19.1,11.5,,,0.0,,,,0.0,0.52,,,0.0,,,,,lnr,21.0,186.0,122.0,Géorgie,95.3846153846154,95.3125,68.8,65.5,0.603,0,62,5,60,30,93,,21.4,↘,5,"[19.9, 64.2, 27.3, 0, 27.3]",100,-1.03,1ère Ligne,1L,60,Moyenne,True,Basse,False,71,36.5,,,,,,,,,,,,0.0,97.4,5.0,,,,
lnr_2190,2190,guram-gogichashvili,https://cdn.lnr.fr/joueur/2190-guram-gogichashvili/photo/photoFull.d27019f52768bff9ad76599574dced3c5044bc4f,G. Gogichashvili,Racing 92,R92,FRONT_ROW,1ère ligne,2023-2024,14,485.0,34.6,8.91,,,0.16,,,,0.0,0.0,,,0.0,,,,,lnr,25.0,183.0,118.0,Géorgie,93.84615384615384,92.1875,63.9,65.7,0.904,0,0,5,26,40,90,,47.7,↗,5,"[52.3, 41.2, 79.4, 39.4, 60.1]",100,1.26,1ère Ligne,1L,90,Haute,False,Moyenne,False,67,40.1,73.3,GEORG,36.0,cluster_0,59.3,50.2,50.0,89.0,78.6,53.9,85.0,0.0,41.2,19.0,,,,
lnr_2201,2201,gia-kharaishvili,https://cdn.lnr.fr/joueur/2201-gia-kharaishvili/photo/photoFull.d27019f52768bff9ad76599574dced3c5044bc4f,G. Kharaishvili,Racing 92,R92,FRONT_ROW,1ère ligne,2023-2024,7,194.0,27.7,10.31,,,0.0,,,,0.0,0.0,,,0.0,,,,,lnr,25.0,180.0,120.0,Géorgie,92.3076923076923,93.75,65.1,66.2,0.644,0,0,5,44,30,91,,33.9,→,5,"[32.8, 39.8, 82.3, 26.0, 26.6]",100,1.26,1ère Ligne,1L,64,Moyenne,True,Basse,False,62,45.0,,,,,,,,,,,,0.0,95.7,14.0,,,,
lnr_580,580,gauthier-maravat,https://cdn.lnr.fr/joueur/580-gauthier-maravat/photo/photoFull.bf7e6b3668f1d7c40821cbfca4c5f267bcf81dfe,G. Maravat,Castres,CAS,BACK_ROW,3ème ligne,2023-2024,14,631.0,45.1,8.37,,,0.0,,,,0.13,0.13,,,0.63,,,,,lnr,23.0,198.0,112.0,France,100.0,87.5,52.5,54.2,1.0,27,11,34,5,30,97,,35.2,↘,5,"[100, 68.7, 38.6, 0, 36.7]",100,-0.16,3ème Ligne,3L,100,Haute,False,Moyenne,False,47,4.2,,,,,,,,,,,,0.0,85.8,11.0,,,,
lnr_1084,1084,guillaume-marchand,https://cdn.lnr.fr/joueur/1084-guillaume-marchand/photo/photoFull.8e39a4ffde2d58962f9632bb5639326c8c077ac5,G. Marchand,Lyon,LOU,FRONT_ROW,1ère ligne,2023-2024,20,776.0,38.8,15.26,,,0.41,,,,0.0,0.41,,,1.03,,,,,lnr,25.0,183.0,105.0,France,93.84615384615384,82.03125,83.0,81.5,1.0,0,49,43,95,55,82,,52.6,↘,5,"[83.8, 81.0, 38.2, 52.4, 66.6]",100,1.26,1ère Ligne,1L,100,Haute,False,Moyenne,False,4,97.3,80.2,France,28.0,cluster_1,97.3,91.7,50.0,90.1,57.0,70.1,89.4,0.5200000000000002,100.0,17.0,,,,
lnr_603,603,geoffrey-palis,https://cdn.lnr.fr/joueur/603-geoffrey-palis/photo/photoFull.50e0d211418fb8267083232d5e5561b6e88fe79f,G. Palis,Castres,CAS,FULLBACK,Arrière,2023-2024,13,851.0,65.5,4.14,,,0.0,,,,0.75,0.28,,,0.47,,,,,lnr,32.0,188.0,96.0,France,96.4102564102564,75.0,61.1,59.0,1.0,47,14,11,50,30,96,0.47,15.5,→,5,"[9.2, 30.1, 27.3, 6.5, 13.7]",100,1.26,Arrière,ARR,100,Haute,False,Bonne,False,12,31.2,,,,,,,,,,,,0.0,93.6,10.0,,,,
lnr_1990,1990,giorgi-tetrashvili,https://cdn.lnr.fr/joueur/1990-giorgi-tetrashvili/photo/photoFull.746d583d9f8a2aa9c322b15ebadc8acc096151d2,G. Tetrashvili,Perpignan,PER,FRONT_ROW,1ère ligne,2023-2024,12,564.0,47.0,8.65,,,0.14,,,,0.0,0.0,,,0.0,,,,,lnr,30.0,177.0,114.0,Géorgie,90.76923076923076,89.0625,63.9,65.0,0.97,0,0,5,22,38,87,,43.6,↗,5,"[3.6, 3.6, 98.5, 73.2, 37.7]",100,2.61,1ère Ligne,1L,97,Haute,False,Moyenne,False,76,32.0,52.2,GEORG,7.0,cluster_0,50.0,50.0,50.0,50.0,100.0,50.0,50.0,0.0,89.9,13.0,,,,
lnr_1444,1444,gabriel-ngandebe,https://cdn.lnr.fr/joueur/1444-gabriel-ngandebe/photo/photoFull.4cb2a4ab19ab443ff7739b68884b2f51b78c1bab,Gabriel Ngandebe,Montpellier,MHR,WINGER,Ailier,2023-2024,14,924.0,66.0,5.19,,,0.09,,,,0.78,0.35,,,1.3,,,,,lnr,,,,,0.0,0.0,65.2,62.2,1.0,59,30,50,54,43,0,1.3,17.4,↘,5,"[18.3, 34.7, 11.8, 17.7, 16.1]",100,0.0,Ailier,AIL,100,Haute,False,Bonne,False,16,34.8,,,,,,,,,,,,0.0,15.0,18.0,,,,
lnr_638,638,gaetan-barlot,https://cdn.lnr.fr/joueur/638-gaetan-barlot/photo/photoFull.9db3e1c64b0fa647759e691550b9e8351884f243,Gaëtan Barlot,Castres,CAS,FRONT_ROW,1ère ligne,2023-2024,18,967.0,53.7,10.42,,,0.0,,,,0.33,0.99,,,0.0,,,,,lnr,27.0,184.0,107.0,France,94.35897435897436,83.59375,74.0,75.9,1.0,95,95,5,46,30,84,,56.7,↘,5,"[90.1, 75.1, 51.2, 75.7, 58.5]",100,2.61,1ère Ligne,1L,100,Haute,False,Bonne,False,13,89.2,89.0,France,7.0,cluster_1,83.7,100.0,50.0,92.9,85.4,79.3,88.5,1.4,53.9,10.0,,,,
lnr_1447,1447,gela-aprasidze,https://cdn.lnr.fr/joueur/1447-gela-aprasidze/photo/photoFull.746d583d9f8a2aa9c322b15ebadc8acc096151d2,Gela Aprasidze,Bayonne,BAY,SCRUM_HALF,Demi de mêlée,2023-2024,13,220.0,16.9,5.45,,,0.73,,,,0.73,0.36,,,2.18,,,,,lnr,26.0,175.0,70.0,Géorgie,89.74358974358975,54.6875,72.4,68.9,0.67,81,11,68,27,68,81,2.18,22.4,↘,5,"[31.3, 6.7, 18.3, 0, 51.8]",100,2.0,Demi de mêlée,9,67,Moyenne,True,Basse,False,4,88.0,66.9,GEORG,45.0,cluster_0,57.3,70.2,52.6,87.6,91.9,57.6,88.1,0.0,94.1,4.0,,,,
lnr_662,662,giorgi-beria,https://cdn.lnr.fr/joueur/662-giorgi-beria/photo/photoFull.746d583d9f8a2aa9c322b15ebadc8acc096151d2,Giorgi Beria,Clermont,CLR,FRONT_ROW,1ère ligne,2023-2024,20,847.0,42.4,9.92,,,0.38,,,,0.09,0.76,,,0.94,,,,,lnr,24.0,175.0,108.0,France,89.74358974358975,84.375,72.8,73.0,1.0,41,90,39,39,53,83,,55.9,↗,5,"[77.7, 30.3, 96.8, 100, 27.6]",100,0.5,1ère Ligne,1L,100,Haute,False,Bonne,False,18,84.7,,,,,,,,,,,,0.0,61.5,10.0,,,,
lnr_1811,1811,giorgi-melikidze,https://cdn.lnr.fr/joueur/1811-giorgi-melikidze/photo/photoFull.0d105085f705532550693973c5545a1d4e020463,Giorgi Melikidze,Paris,SFP,FRONT_ROW,1ère ligne,2023-2024,12,403.0,33.6,7.54,,,0.6,,,,0.0,0.2,,,0.99,,,,,lnr,27.0,180.0,116.0,Géorgie,92.3076923076923,90.625,69.2,69.6,0.836,0,24,41,8,66,89,,41.1,↘,5,"[26.0, 33.3, 43.8, 42.4, 62.1]",100,2.61,1ère Ligne,1L,84,Haute,False,Moyenne,False,43,61.7,77.6,GEORG,27.0,cluster_0,52.2,50.2,50.0,88.4,89.4,54.2,92.0,0.2599999999999994,94.2,19.0,,,,
lnr_980,980,gregory-alldritt,https://cdn.lnr.fr/joueur/980-gregory-alldritt/photo/photoFull.7cb6d3e8fb1a9ef473f9440830017cd30be5f626,Gregory Alldritt,La Rochelle,LRO,BACK_ROW,3ème ligne,2023-2024,12,828.0,69.0,13.91,,,0.58,,,,0.19,0.39,,,0.97,,,,,lnr,,,,,0.0,0.0,71.8,70.3,1.0,39,34,53,95,55,0,,39.9,↗,5,"[37.3, 37.3, 46.5, 49.2, 47.8]",100,0.0,3ème Ligne,3L,100,Haute,False,Bonne,False,20,60.4,76.3,France,47.0,cluster_1,83.5,92.5,50.0,75.3,57.9,79.7,74.0,0.1299999999999997,40.6,17.0,,,,
lnr_1887,1887,guram-papidze,https://cdn.lnr.fr/joueur/1887-guram-papidze/photo/photoFull.bf4a801945c52387138b3325d9dd3bcf510292ab,Guram Papidze,Pau,PAU,FRONT_ROW,1ère ligne,2023-2024,16,639.0,39.9,14.27,,,0.0,,,,0.0,0.13,,,0.0,,,,,lnr,26.0,187.0,122.0,Géorgie,95.8974358974359,95.3125,75.9,75.1,1.0,0,15,5,95,30,93,,49.9,↗,5,"[14.6, 76.1, 95.9, 68.7, 36.2]",100,2.0,1ère Ligne,1L,100,Haute,False,Moyenne,False,12,90.1,67.4,GEORG,8.0,cluster_0,55.5,50.2,50.0,90.5,70.3,55.3,73.2,0.0,96.5,9.0,,,,
lnr_1107,1107,hamza-kaabeche,https://cdn.lnr.fr/joueur/1107-hamza-kaabeche/photo/photoFull.8e39a4ffde2d58962f9632bb5639326c8c077ac5,Hamza Kaabeche,Lyon,LOU,FRONT_ROW,1ère ligne,2023-2024,12,367.0,30.6,11.12,,,0.0,,,,0.0,0.44,,,0.0,,,,,lnr,27.0,189.0,114.0,France,96.92307692307692,89.0625,70.2,69.7,0.806,0,52,5,55,30,88,,38.9,→,5,"[24.7, 59.2, 51.8, 27.6, 52.4]",100,2.61,1ère Ligne,1L,81,Haute,False,Basse,False,38,66.2,,,,,,,,,,,,0.0,93.1,8.0,,,,
lnr_1582,1582,henzo-kiteau,https://cdn.lnr.fr/joueur/1582-henzo-kiteau/photo/photoFull.480357f8a58841fb619d15da8c0313b4686e9846,Henzo Kiteau,Clermont,CLR,FRONT_ROW,1ère ligne,2023-2024,4,59.0,14.8,12.2,,,0.0,,,,0.0,0.0,,,0.0,,,,,lnr,,,,,0.0,0.0,54.8,61.8,0.539,0,0,5,69,30,0,,50.0,→,0,[],100,0.0,1ère Ligne,1L,54,Basse,True,Basse,True,90,18.9,,,,,,,,,,,,0.0,,,,,,
lnr_964,964,hoani-bosmorin,https://cdn.lnr.fr/joueur/964-hoani-bosmorin/photo/photoFull.7cb6d3e8fb1a9ef473f9440830017cd30be5f626,Hoani Bosmorin,La Rochelle,LRO,WINGER,Ailier,2023-2024,4,119.0,29.8,3.36,,,0.0,,,,0.67,0.0,,,0.0,,,,,lnr,19.0,184.0,78.0,France,94.35897435897436,60.9375,58.3,59.4,0.579,50,0,5,4,30,81,0.0,13.2,↗,5,"[7.2, 11.5, 19.1, 36.8, 0]",100,-1.38,Ailier,AIL,58,Basse,True,Basse,True,21,13.0,,,,,,,,,,,,0.0,0.0,6.0,,,,
lnr_1845,1845,hugo-auradou,https://cdn.lnr.fr/joueur/1845-hugo-auradou/photo/photoFull.bf4a801945c52387138b3325d9dd3bcf510292ab,Hugo Auradou,Pau,PAU,LOCK,2ème ligne,2023-2024,20,865.0,43.2,12.21,,,0.18,,,,0.37,0.09,,,0.0,,,,,lnr,,,,,0.0,0.0,59.3,58.9,1.0,95,8,5,63,42,0,,28.8,↗,5,"[32.1, 32.1, 47.8, 50.4, 11.8]",100,0.0,2ème Ligne,2L,100,Haute,False,Bonne,False,29,33.3,,,,,,,,,,,,0.0,96.7,16.0,,,,
lnr_2271,2271,hugo-ndiaye,https://cdn.lnr.fr/joueur/2271-hugo-ndiaye/photo/photoFull.6fc701688372b38c2cd93e972d93fc323ab7f457,Hugo Ndiaye,Paris,SFP,FRONT_ROW,1ère ligne,2023-2024,7,176.0,25.1,11.82,,,0.45,,,,0.0,0.0,,,0.0,,,,,lnr,,,,,0.0,0.0,60.3,63.9,0.626,0,0,5,64,57,0,,50.0,→,0,[],100,0.0,1ère Ligne,1L,63,Moyenne,True,Basse,False,81,27.0,,,,,,,,,,,,0.0,,,,,,
lnr_1849,1849,hugo-parrou,https://cdn.lnr.fr/joueur/1849-hugo-parrou/photo/photoFull.bf4a801945c52387138b3325d9dd3bcf510292ab,Hugo Parrou,Pau,PAU,FRONT_ROW,1ère ligne,2023-2024,7,225.0,32.1,15.29,,,0.0,,,,0.0,1.78,,,0.0,,,,,lnr,21.0,183.0,110.0,France,93.84615384615384,85.9375,79.1,72.9,0.675,0,95,5,95,30,85,,37.1,→,5,"[70.9, 60.9, 48.9, 44.6, 24.4]",100,-1.03,1ère Ligne,1L,68,Moyenne,True,Basse,False,19,83.8,,,,,,,,,,,,0.0,62.1,5.0,,,,
lnr_949,949,hugo-reus,https://cdn.lnr.fr/joueur/949-hugo-reus/photo/photoFull.14f86258177c199d0ec3ee9450197974d20d92b1,Hugo Reus,La Rochelle,LRO,FLY_HALF,Demi d'ouverture,2023-2024,15,690.0,46.0,3.71,,,0.0,,,,0.23,0.12,,,11.94,,,,,lnr,20.0,183.0,83.0,France,93.84615384615384,64.84375,57.6,56.7,1.0,25,12,95,10,30,90,11.94,23.6,↗,5,"[14.4, 18.5, 18.5, 47.8, 19.2]",100,-1.25,Ouvreur,10,100,Haute,False,Moyenne,False,21,9.1,,,,,,,,,,,,0.0,33.4,9.0,,,,
lnr_354,354,hugo-zabalza,https://cdn.lnr.fr/joueur/354-hugo-zabalza/photo/photoFull.ea925ef6b0eeeaf7d1d25216bea712a737700f9f,Hugo Zabalza,Paris,SFP,SCRUM_HALF,Demi de mêlée,2023-2024,5,43.0,8.6,11.16,,,0.0,,,,0.0,0.0,,,0.0,,,,,lnr,24.0,176.0,82.0,France,90.25641025641026,64.0625,57.2,61.9,0.529,0,0,5,95,30,89,0.0,25.5,→,5,"[27.3, 30.7, 36.3, 29.3, 22.8]",100,0.5,Demi de mêlée,9,53,Basse,True,Basse,True,16,40.0,,,,,,,,,,,,0.0,60.8,16.0,,,,
lnr_647,647,irae-vincynt-simone,https://cdn.lnr.fr/joueur/647-irae-vincynt-simone/photo/photoFull.b5e9990d9a31ede8327da9bafe6aeb896ea144f3,I. Simone,Clermont,CLR,CENTRE,Centre,2023-2024,5,336.0,67.2,7.38,,,0.24,,,,0.24,0.24,,,1.19,,,,,lnr,28.0,193.0,105.0,Nouvelle Zélande,98.97435897435898,82.03125,70.0,67.2,0.78,26,22,53,81,54,95,,16.8,↘,5,"[31.2, 23.7, 43.9, 22.9, 0]",100,2.96,Centre,CTR,78,Haute,False,Basse,False,15,58.8,,,,,,,,,,,,0.0,20.8,7.0,,,,
lnr_2393,2393,ian-boubila,https://cdn.lnr.fr/joueur/2393-ian-boubila/photo/photoFull.d12b43ca6e7fc340fc47e57d679419cdf389ce62,Ian Boubila,Toulouse,TLS,FRONT_ROW,1ère ligne,2023-2024,11,236.0,21.5,11.19,,,0.68,,,,0.0,0.0,,,0.0,,,,,lnr,,,,,0.0,0.0,62.1,64.6,0.686,0,0,5,56,68,0,,50.0,→,0,[],100,0.0,1ère Ligne,1L,69,Moyenne,True,Basse,False,79,29.7,,,,,,,,,,,,0.0,,,,,,
lnr_2148,2148,ibrahim-diallo,https://cdn.lnr.fr/joueur/2148-ibrahim-diallo/photo/photoFull.8b942e992ebb42fdd1ca819c8cb833427c776cef,Ibrahim Diallo,Racing 92,R92,BACK_ROW,3ème ligne,2023-2024,18,984.0,54.7,11.95,,,0.08,,,,0.0,0.08,,,0.0,,,,,lnr,26.0,192.0,108.0,France,98.46153846153848,84.375,63.0,70.8,1.0,0,7,5,64,33,94,,100.0,→,3,"[88.5, 97.3, 100]",100,2.0,3ème Ligne,3L,100,Haute,False,Bonne,False,16,68.8,,,,,,,,,,,,0.0,,,,,,
lnr_1885,1885,ignacio-calles,https://cdn.lnr.fr/joueur/1885-ignacio-calles/photo/photoFull.1d6a32f7ce4a12d423552fb50b73687ec52ba345,Ignacio Calles,Pau,PAU,FRONT_ROW,1ère ligne,2023-2024,2,84.0,42.0,13.33,,,0.0,,,,0.0,0.0,,,0.0,,,,,lnr,28.0,187.0,116.0,Argentine,95.8974358974359,90.625,73.3,70.0,0.556,0,0,5,84,30,89,,23.9,↘,5,"[41.2, 28.4, 44.6, 3.1, 28.9]",100,2.96,1ère Ligne,1L,56,Basse,True,Basse,True,34,69.8,,,,,,,,,,,,0.0,95.7,7.0,,,,
lnr_11989,11989,ignacio-ruiz,https://cdn.lnr.fr/joueur/11989-ignacio-ruiz/photo/photoFull.14f86258177c199d0ec3ee9450197974d20d92b1,Ignacio Ruiz,Perpignan,PER,FRONT_ROW,1ère ligne,2023-2024,20,897.0,44.9,11.06,,,0.45,,,,0.27,0.18,,,2.68,,,,,lnr,23.0,185.0,109.0,Italie,94.87179487179486,85.15625,74.2,73.6,1.0,95,21,95,54,57,85,,52.7,↗,5,"[15.8, 60.1, 73.1, 73.2, 58.9]",100,-0.16,1ère Ligne,1L,100,Haute,False,Bonne,False,15,87.4,71.1,Argentine,7.0,cluster_1,55.9,50.0,50.0,86.2,74.7,82.0,93.0,0.0,94.5,10.0,,,,
lnr_611,611,jeremy-fernandez,https://cdn.lnr.fr/joueur/611-jeremy-fernandez/photo/photoFull.50e0d211418fb8267083232d5e5561b6e88fe79f,J. Fernandez,Castres,CAS,SCRUM_HALF,Demi de mêlée,2023-2024,25,998.0,39.9,5.05,,,0.4,,,,0.48,0.72,,,4.01,,,,,lnr,26.0,176.0,90.0,France,90.25641025641026,70.3125,70.2,68.2,1.0,54,46,95,21,68,93,4.01,30.2,↘,5,"[45.0, 21.1, 37.3, 41.2, 28.7]",100,2.0,Demi de mêlée,9,100,Haute,False,Bonne,False,5,84.0,,,,,,,,,,,,0.0,37.2,10.0,,,,
lnr_2358,2358,jean-baptiste-gros,https://cdn.lnr.fr/joueur/2358-jean-baptiste-gros/photo/photoFull.2eaacbd11c12f10f571df4cbac07c560d1665acd,J. Gros,Toulon,TLN,FRONT_ROW,1ère ligne,2023-2024,12,502.0,41.8,13.23,,,0.0,,,,0.0,0.0,,,0.0,,,,,lnr,24.0,186.0,112.0,France,95.3846153846154,87.5,70.1,69.1,0.918,0,0,5,83,30,87,,40.3,↘,5,"[63.4, 47.8, 19.9, 19.9, 73.1]",100,0.5,1ère Ligne,1L,92,Haute,False,Moyenne,False,46,59.5,72.2,France,21.0,cluster_1,58.0,52.6,50.0,90.2,77.0,50.0,87.9,0.0,62.1,9.0,,,,
lnr_1782,1782,james-robert-hall,https://cdn.lnr.fr/joueur/1782-james-robert-hall/photo/photoFull.746d583d9f8a2aa9c322b15ebadc8acc096151d2,J. Hall,Racing 92,R92,SCRUM_HALF,Demi de mêlée,2023-2024,4,53.0,13.2,15.09,,,0.0,,,,0.0,0.0,,,0.0,,,,,lnr,28.0,173.0,82.0,Afrique du Sud,88.71794871794872,64.0625,60.8,65.8,0.535,0,0,5,95,30,88,0.0,33.7,↘,5,"[34.0, 34.0, 19.1, 50.4, 41.2]",100,2.96,Demi de mêlée,9,54,Basse,True,Basse,True,7,76.0,,,,,,,,,,,,0.0,60.2,10.0,,,,
lnr_2399,2399,joel-merkler-perez,https://cdn.lnr.fr/joueur/2399-joel-merkler-perez/photo/photoFull.a2503fca1a2646233602741328f9c3f7893fa1e1,J. Merkler Perez,Toulouse,TLS,FRONT_ROW,1ère ligne,2023-2024,20,721.0,36.0,10.43,,,0.0,,,,0.11,0.0,,,0.55,,,,,lnr,22.0,194.0,135.0,Espagne,99.48717948717947,100.0,66.1,70.0,1.0,50,0,23,46,30,100,,77.0,↗,5,"[54.1, 36.2, 60.6, 100, 100]",100,-0.67,1ère Ligne,1L,100,Haute,False,Moyenne,False,34,69.8,68.8,URUG,27.0,cluster_0,53.8,54.1,50.0,82.2,96.8,52.9,69.0,0.0,95.8,10.0,,,,
lnr_329,329,jefferson-poirot,https://cdn.lnr.fr/joueur/329-jefferson-poirot/photo/photoFull.9db3e1c64b0fa647759e691550b9e8351884f243,J. Poirot,Bordeaux,BOR,FRONT_ROW,1ère ligne,2023-2024,19,737.0,38.8,13.13,,,0.0,,,,0.0,0.11,,,1.09,,,,,lnr,31.0,181.0,117.0,France,92.82051282051282,91.40625,72.6,72.8,1.0,0,13,45,81,30,89,,52.8,↗,5,"[23.8, 87.9, 30.9, 68.7, 71.5]",100,2.0,1ère Ligne,1L,100,Haute,False,Moyenne,False,20,82.9,70.5,France,38.0,cluster_1,83.0,75.0,50.0,90.9,60.0,60.3,88.8,0.0,97.1,16.0,,,,
lnr_970,970,joel-antonio-sclavi,https://cdn.lnr.fr/joueur/970-joel-antonio-sclavi/photo/photoFull.7cb6d3e8fb1a9ef473f9440830017cd30be5f626,J. Sclavi,La Rochelle,LRO,FRONT_ROW,1ère ligne,2023-2024,14,457.0,32.6,8.23,,,0.18,,,,0.0,0.18,,,0.88,,,,,lnr,29.0,188.0,135.0,Argentine,96.4102564102564,100.0,67.3,67.7,0.881,0,21,37,17,41,100,,39.9,↗,5,"[10.7, 5.9, 13.3, 12.1, 100]",100,2.96,1ère Ligne,1L,88,Haute,False,Moyenne,False,55,51.4,62.7,Argentine,15.0,cluster_1,57.6,50.0,50.0,91.1,60.1,50.0,79.7,0.0,100.0,4.0,,,,
lnr_2353,2353,jeremy-sinzelle,https://cdn.lnr.fr/joueur/2353-jeremy-sinzelle/photo/photoFull.2eaacbd11c12f10f571df4cbac07c560d1665acd,J. Sinzelle,Toulon,TLN,WINGER,Ailier,2023-2024,12,453.0,37.8,7.59,,,0.0,,,,0.0,0.18,,,0.0,,,,,lnr,33.0,184.0,98.0,France,94.35897435897436,76.5625,56.7,58.6,0.878,0,15,5,95,30,93,0.0,31.6,↗,5,"[19.9, 55.0, 24.8, 62.2, 19.4]",100,0.5,Ailier,AIL,88,Haute,False,Moyenne,False,22,8.7,,,,,,,,,,,,0.0,95.0,12.0,,,,
lnr_1739,1739,juan-john-van-der-mescht,https://cdn.lnr.fr/joueur/1739-juan-john-van-der-mescht/photo/photoFull.af05d90330b88b7be458e288b68ca734babbf81c,J. Van Der Mescht,Paris,SFP,LOCK,2ème ligne,2023-2024,19,621.0,32.7,7.86,,,0.13,,,,0.0,0.39,,,0.0,,,,,lnr,,,,,0.0,0.0,45.5,45.5,1.0,0,34,5,0,39,0,,50.0,→,0,[],100,0.0,2ème Ligne,2L,100,Haute,False,Moyenne,False,42,2.4,,,,,,,,,,,,0.0,,,,,,
lnr_693,693,jacobus-van-tonder,https://cdn.lnr.fr/joueur/693-jacobus-van-tonder/photo/photoFull.746d583d9f8a2aa9c322b15ebadc8acc096151d2,J. Van Tonder,Perpignan,PER,LOCK,2ème ligne,2023-2024,17,846.0,49.8,10.69,,,0.28,,,,0.28,0.09,,,2.36,,,,,lnr,26.0,197.0,118.0,Afrique du Sud,100.0,92.1875,70.4,70.2,1.0,84,8,95,39,49,98,,45.3,↘,5,"[80.0, 77.2, 51.7, 43.9, 43.5]",100,2.0,2ème Ligne,2L,100,Haute,False,Bonne,False,7,84.5,,,,,,,,,,,,0.0,51.3,13.0,,,,
lnr_1904,1904,jale-kaikadavu-vatubua,https://cdn.lnr.fr/joueur/1904-jale-kaikadavu-vatubua/photo/photoFull.bb41eca385b8d1ba127fd6b7ef29dd0e94ba4eec,J. Vatubua,Pau,PAU,CENTRE,Centre,2023-2024,7,281.0,40.1,5.69,,,0.0,,,,0.57,0.0,,,0.0,,,,,lnr,,,,,0.0,0.0,57.9,69.0,0.731,74,0,5,42,30,0,,50.0,→,0,[],100,0.0,Centre,CTR,73,Moyenne,True,Basse,False,26,25.0,79.4,FIJI,19.0,cluster_0,90.8,77.9,50.0,90.6,65.5,83.5,93.5,0.4400000000000006,,,,,,
lnr_2277,2277,jiuta-naqoli-wainiqolo,https://cdn.lnr.fr/joueur/2277-jiuta-naqoli-wainiqolo/photo/photoFull.b8cf3d1e85e2c41cc1e3fc106b993a11c9da907e,J. Wainiqolo,Toulon,TLN,WINGER,Ailier,2023-2024,15,754.0,50.3,6.37,,,0.21,,,,1.06,0.85,,,3.18,,,,,lnr,,,,,0.0,0.0,77.8,72.5,1.0,82,72,95,87,59,0,3.18,18.8,↘,5,"[0, 19.7, 13.7, 16.4, 30.8]",100,0.0,Ailier,AIL,100,Haute,False,Moyenne,False,6,78.3,,,,,,,,,,,,0.0,41.9,15.0,,,,
lnr_2425,2425,jack-willis,https://cdn.lnr.fr/joueur/2425-jack-willis/photo/photoFull.a2503fca1a2646233602741328f9c3f7893fa1e1,Jack Willis,Toulouse,TLS,BACK_ROW,3ème ligne,2023-2024,14,780.0,55.7,10.77,,,1.13,,,,0.21,1.23,,,1.54,,,,,lnr,27.0,190.0,112.0,Angleterre,97.43589743589745,87.5,87.1,84.1,1.0,43,95,84,45,68,96,,49.3,→,5,"[34.5, 40.6, 23.5, 100, 50.6]",100,2.61,3ème Ligne,3L,100,Haute,False,Moyenne,False,1,100.0,70.7,Angleterre,9.0,cluster_1,54.5,50.0,50.0,91.8,92.2,67.4,81.1,0.0,0.0,16.0,,,,
lnr_2188,2188,janick-tarrit,https://cdn.lnr.fr/joueur/2188-janick-tarrit/photo/photoFull.d27019f52768bff9ad76599574dced3c5044bc4f,Janick Tarrit,Racing 92,R92,FRONT_ROW,1ère ligne,2023-2024,19,726.0,38.2,11.35,,,0.33,,,,0.11,0.0,,,1.1,,,,,lnr,25.0,183.0,100.0,France,93.84615384615384,78.125,71.0,72.2,1.0,50,0,46,58,50,79,,59.6,↗,5,"[36.2, 68.7, 61.1, 71.0, 81.7]",100,1.26,1ère Ligne,1L,100,Haute,False,Moyenne,False,24,79.3,,,,,,,,,,,,0.0,100.0,14.0,,,,
lnr_1433,1433,jeremie-maurouard,https://cdn.lnr.fr/joueur/1433-jeremie-maurouard/photo/photoFull.7260593a1939529b8f58882fcd9327e3deee5c0d,Jeremie Maurouard,Perpignan,PER,FRONT_ROW,1ère ligne,2023-2024,3,145.0,48.3,7.72,,,0.0,,,,0.0,0.0,,,0.0,,,,,lnr,31.0,180.0,95.0,France,92.3076923076923,74.21875,57.0,63.0,0.597,0,0,5,10,30,76,,34.2,↗,5,"[0, 10.8, 57.0, 50.6, 41.8]",100,2.0,1ère Ligne,1L,60,Basse,True,Basse,True,87,22.5,,,,,,,,,,,,0.0,19.6,13.0,,,,
lnr_991,991,jonathan-danty,https://cdn.lnr.fr/joueur/991-jonathan-danty/photo/photoFull.f5ab75ea7c8f921ef2f66960c9e22eacb5e76013,Jonathan Danty,La Rochelle,LRO,CENTRE,Centre,2023-2024,12,607.0,50.6,7.25,,,1.19,,,,0.0,0.26,,,0.0,,,,,lnr,31.0,181.0,110.0,France,92.82051282051282,85.9375,69.9,67.4,1.0,0,24,5,78,68,95,,26.0,→,2,"[33.3, 25.5]",100,2.0,Centre,CTR,100,Haute,False,Moyenne,False,14,61.8,71.6,France,20.0,cluster_1,70.1,74.2,50.0,91.6,75.5,70.5,85.6,0.0,,,,,,
lnr_1131,1131,jordan-taufua,https://cdn.lnr.fr/joueur/1131-jordan-taufua/photo/photoFull.26cc6cf714855a6cf7c756abb25365c92c92a46a,Jordan Taufua,Lyon,LOU,BACK_ROW,3ème ligne,2023-2024,9,375.0,41.7,11.09,,,1.07,,,,0.21,1.07,,,2.13,,,,,lnr,,,,,0.0,0.0,78.2,76.7,0.812,43,93,95,50,68,0,,50.0,→,0,[],100,0.0,3ème Ligne,3L,81,Haute,False,Basse,False,6,89.6,,,,,,,,,,,,0.0,,,,,,
lnr_402,402,joris-jurand,https://cdn.lnr.fr/joueur/402-joris-jurand/photo/photoFull.b5e9990d9a31ede8327da9bafe6aeb896ea144f3,Joris Jurand,Clermont,CLR,CENTRE,Centre,2023-2024,12,937.0,78.1,2.48,,,0.09,,,,0.68,0.34,,,2.99,,,,,lnr,28.0,188.0,106.0,France,96.4102564102564,82.8125,69.5,65.9,1.0,90,34,95,0,39,95,,13.9,→,5,"[20.2, 12.9, 26.8, 2.6, 14.4]",100,2.96,Centre,CTR,100,Haute,False,Bonne,False,17,51.5,,,,,,,,,,,,0.0,22.5,13.0,,,,
lnr_2492,2492,joshua-brennan,https://cdn.lnr.fr/joueur/2492-joshua-brennan/photo/photoFull.7ca2942712296b23bc0c05ee5ba8a7306bef7b5e,Joshua Brennan,Toulouse,TLS,LOCK,2ème ligne,2023-2024,19,947.0,49.8,12.59,,,0.08,,,,0.0,0.93,,,0.84,,,,,lnr,22.0,199.0,118.0,France,100.0,92.1875,70.6,68.8,1.0,0,80,84,68,35,98,,37.0,↘,5,"[62.3, 30.9, 10.1, 73.3, 35.3]",100,-0.67,2ème Ligne,2L,100,Haute,False,Bonne,False,9,81.0,,,,,,,,,,,,0.0,56.0,12.0,,,,
lnr_1102,1102,josua-tuisova,https://cdn.lnr.fr/joueur/1102-josua-tuisova/photo/photoFull.96cda58e0f1e8428c122bb11e59b9c948b1d0d8b,Josua Tuisova,Racing 92,R92,WINGER,Ailier,2023-2024,5,363.0,72.6,3.53,,,0.0,,,,0.88,1.1,,,2.2,,,,,lnr,30.0,180.0,113.0,Fidji,92.3076923076923,88.28125,75.3,73.7,0.802,67,93,85,9,30,96,2.2,44.2,↘,5,"[100, 25.5, 32.2, 40.0, 62.2]",100,2.61,Ailier,AIL,80,Haute,False,Basse,False,4,87.0,,,,,,,,,,,,0.0,0.0,13.0,,,,
lnr_2290,2290,jules-coulon,https://cdn.lnr.fr/joueur/2290-jules-coulon/photo/photoFull.2eaacbd11c12f10f571df4cbac07c560d1665acd,Jules Coulon,Toulon,TLN,BACK_ROW,3ème ligne,2023-2024,15,905.0,60.3,9.28,,,0.71,,,,0.27,0.27,,,0.88,,,,,lnr,21.0,189.0,104.0,France,96.92307692307692,81.25,67.4,66.9,1.0,55,23,48,20,61,91,,43.4,↗,5,"[20.7, 16.4, 68.7, 36.7, 68.7]",100,-1.03,3ème Ligne,3L,100,Haute,False,Bonne,False,30,38.5,,,,,,,,,,,,0.0,92.5,10.0,,,,
lnr_2289,2289,jules-danglot,https://cdn.lnr.fr/joueur/2289-jules-danglot/photo/photoFull.fb26dc620384a6249e4f25079e745b2cf06fe9f6,Jules Danglot,Toulon,TLN,SCRUM_HALF,Demi de mêlée,2023-2024,11,261.0,23.7,6.44,,,0.0,,,,0.61,0.61,,,0.0,,,,,lnr,,,,,0.0,0.0,57.4,61.0,0.711,68,36,5,43,30,0,0.0,50.0,→,0,[],100,0.0,Demi de mêlée,9,71,Moyenne,True,Basse,False,19,28.0,,,,,,,,,,,,0.0,,,,,,
lnr_678,678,jules-plisson,https://cdn.lnr.fr/joueur/678-jules-plisson/photo/photoFull.6fc701688372b38c2cd93e972d93fc323ab7f457,Jules Plisson,Clermont,CLR,FLY_HALF,Demi d'ouverture,2023-2024,8,257.0,32.1,2.49,,,0.31,,,,0.0,0.0,,,8.72,,,,,lnr,,,,,0.0,0.0,59.0,62.2,0.707,0,0,74,0,68,0,8.72,50.0,→,0,[],100,0.0,Ouvreur,10,71,Moyenne,True,Basse,False,11,54.5,67.5,France,13.0,cluster_1,60.5,58.5,69.5,76.6,92.1,53.8,89.1,0.0,,,,,,
lnr_1803,1803,julien-delbouis,https://cdn.lnr.fr/joueur/1803-julien-delbouis/photo/photoFull.0d105085f705532550693973c5545a1d4e020463,Julien Delbouis,Paris,SFP,CENTRE,Centre,2023-2024,13,687.0,52.8,7.92,,,0.23,,,,0.23,0.0,,,1.16,,,,,lnr,,,,,0.0,0.0,59.2,59.2,1.0,25,0,52,93,53,0,,50.0,→,0,[],100,0.0,Centre,CTR,100,Haute,False,Moyenne,False,30,14.7,,,,,,,,,,,,0.0,,,,,,
lnr_685,685,julien-heriteau,https://cdn.lnr.fr/joueur/685-julien-heriteau/photo/photoFull.66c8481f41dae2c760111c9de7f76f50fdc806b3,Julien Heriteau,Clermont,CLR,CENTRE,Centre,2023-2024,16,860.0,53.8,5.21,,,0.0,,,,0.37,0.47,,,0.47,,,,,lnr,,,,,0.0,0.0,58.4,58.4,1.0,45,51,21,31,30,0,,50.0,→,0,[],100,0.0,Centre,CTR,100,Haute,False,Bonne,False,32,7.4,,,,,,,,,,,,0.0,,,,,,
lnr_2445,2445,julien-marchand,https://cdn.lnr.fr/joueur/2445-julien-marchand/photo/photoFull.a2503fca1a2646233602741328f9c3f7893fa1e1,Julien Marchand,Toulouse,TLS,FRONT_ROW,1ère ligne,2023-2024,9,421.0,46.8,8.93,,,0.76,,,,0.0,0.95,,,1.9,,,,,lnr,28.0,181.0,110.0,France,92.82051282051282,85.9375,78.8,76.8,0.851,0,95,79,26,68,85,,45.0,↘,5,"[89.1, 58.1, 45.5, 23.4, 64.3]",100,2.96,1ère Ligne,1L,85,Haute,False,Moyenne,False,8,93.2,80.2,France,28.0,cluster_1,97.3,91.7,50.0,90.1,57.0,70.1,89.4,0.5200000000000002,21.6,7.0,,,,
lnr_2174,2174,kitione-kamikamica,https://cdn.lnr.fr/joueur/2174-kitione-kamikamica/photo/photoFull.55223152d2bdf719adae33c3f4ef18c348eed132,K. Kamikamica,Racing 92,R92,BACK_ROW,3ème ligne,2023-2024,8,343.0,42.9,10.26,,,0.23,,,,0.0,0.7,,,3.5,,,,,lnr,,,,,0.0,0.0,58.4,60.9,0.786,0,61,95,36,40,0,,50.0,→,0,[],100,0.0,3ème Ligne,3L,79,Haute,False,Basse,False,38,22.9,,,,,,,,,,,,0.0,,,,,,
lnr_2643,2643,konstantine-mikautadze,https://cdn.lnr.fr/joueur/2643-konstantine-mikautadze/photo/photoFull.5130516f3d5f5fbc23b3eaab6efe1a2b3082c3df,K. Mikautadze,Bayonne,BAY,LOCK,2ème ligne,2023-2024,7,213.0,30.4,11.64,,,0.75,,,,0.0,0.38,,,0.0,,,,,lnr,,,,,0.0,0.0,65.0,66.7,0.663,0,33,5,54,68,0,,50.0,→,0,[],100,0.0,2ème Ligne,2L,66,Moyenne,True,Basse,False,16,64.3,75.0,GEORG,39.0,cluster_0,61.1,57.0,50.0,91.9,76.0,53.7,89.2,0.0,,,,,,
lnr_1207,1207,kaminieli-rasaku,https://cdn.lnr.fr/joueur/1207-kaminieli-rasaku/photo/photoFull.083427b872f5930b5c6cd547e5c37bca8decebc1,K. Rasaku,Bayonne,BAY,WINGER,Ailier,2023-2024,1,80.0,80.0,4.0,,,0.0,,,,2.0,0.0,,,0.0,,,,,lnr,,,,,0.0,0.0,71.5,70.8,0.553,95,0,5,22,30,0,0.0,50.0,→,0,[],100,0.0,Ailier,AIL,55,Basse,True,Basse,True,7,73.9,,,,,,,,,,,,0.0,,,,,,
lnr_2432,2432,kalvin-gourgues,https://cdn.lnr.fr/joueur/2432-kalvin-gourgues/photo/photoFull.a2503fca1a2646233602741328f9c3f7893fa1e1,Kalvin Gourgues,Toulouse,TLS,CENTRE,Centre,2023-2024,4,218.0,54.5,4.4,,,0.0,,,,0.0,1.47,,,0.0,,,,,lnr,19.0,184.0,93.0,France,94.35897435897436,72.65625,60.9,62.7,0.668,0,95,5,13,30,86,,35.0,↗,5,"[57.5, 9.8, 25.5, 28.0, 60.9]",100,-1.38,Centre,CTR,67,Moyenne,True,Basse,True,25,29.4,,,,,,,,,,,,0.0,36.1,13.0,,,,
lnr_1030,1030,karl-sorin,https://cdn.lnr.fr/joueur/1030-karl-sorin/photo/photoFull.01e7e4177db166b370a81655ed844dbb271b4fe2,Karl Sorin,La Rochelle,LRO,FRONT_ROW,1ère ligne,2023-2024,3,45.0,15.0,12.44,,,0.0,,,,0.0,0.0,,,0.0,,,,,lnr,20.0,186.0,135.0,France,95.3846153846154,100.0,69.2,66.8,0.53,0,0,5,72,30,99,,31.9,↘,5,"[62.1, 37.3, 20.4, 20.4, 47.8]",100,-1.25,1ère Ligne,1L,53,Basse,True,Basse,True,58,48.2,,,,,,,,,,,,0.0,91.0,10.0,,,,
lnr_2282,2282,kieran-brookes,https://cdn.lnr.fr/joueur/2282-kieran-brookes/photo/photoFull.14f86258177c199d0ec3ee9450197974d20d92b1,Kieran Brookes,Toulon,TLN,FRONT_ROW,1ère ligne,2023-2024,19,580.0,30.5,7.86,,,0.0,,,,0.0,0.28,,,0.69,,,,,lnr,33.0,187.0,120.0,Grande-Bretagne,95.8974358974359,93.75,60.3,59.6,0.983,0,33,29,12,30,92,,25.9,↘,5,"[56.5, 7.6, 5.9, 26.0, 42.2]",100,0.5,1ère Ligne,1L,98,Haute,False,Moyenne,False,103,8.1,,,,,,,,,,,,0.0,94.1,16.0,,,,
lnr_1105,1105,killian-geraci,https://cdn.lnr.fr/joueur/1105-killian-geraci/photo/photoFull.8e39a4ffde2d58962f9632bb5639326c8c077ac5,Killian Geraci,Lyon,LOU,LOCK,2ème ligne,2023-2024,9,402.0,44.7,12.14,,,0.6,,,,0.0,0.0,,,0.0,,,,,lnr,25.0,,115.0,France,0.0,89.84375,64.5,67.9,0.835,0,0,5,61,68,13,,59.7,↘,5,"[58.9, 100, 100, 20.7, 68.7]",100,1.26,2ème Ligne,2L,84,Haute,False,Moyenne,False,11,76.2,,,,,,,,,,,,0.0,92.7,10.0,,,,
lnr_11554,11554,killian-tixeront,https://cdn.lnr.fr/joueur/11554-killian-tixeront/photo/photoFull.b5e9990d9a31ede8327da9bafe6aeb896ea144f3,Killian Tixeront,Clermont,CLR,BACK_ROW,3ème ligne,2023-2024,22,999.0,45.4,10.73,,,0.0,,,,0.16,0.24,,,0.4,,,,,lnr,22.0,196.0,107.0,France,100.0,83.59375,58.1,59.6,1.0,33,21,22,44,30,94,,44.1,↘,5,"[46.7, 100, 55.7, 64.2, 15.8]",100,-0.67,3ème Ligne,3L,100,Haute,False,Bonne,False,41,16.7,,,,,,,,,,,,0.0,92.7,15.0,,,,
lnr_1052,1052,liam-robson-allen,https://cdn.lnr.fr/joueur/1052-liam-robson-allen/photo/photoFull.8e39a4ffde2d58962f9632bb5639326c8c077ac5,L. Allen,Lyon,LOU,BACK_ROW,3ème ligne,2023-2024,13,846.0,65.1,12.58,,,0.47,,,,0.38,0.66,,,1.89,,,,,lnr,24.0,191.0,105.0,Nouvelle Zélande,97.94871794871794,82.03125,75.9,74.8,1.0,78,57,95,75,50,92,,49.9,↘,5,"[100, 100, 74.0, 50.4, 1.4]",100,0.5,3ème Ligne,3L,100,Haute,False,Bonne,False,8,85.4,,,,,,,,,,,,0.0,61.0,10.0,,,,
lnr_585,585,levan-chilachava,https://cdn.lnr.fr/joueur/585-levan-chilachava/photo/photoFull.bf7e6b3668f1d7c40821cbfca4c5f267bcf81dfe,L. Chilachava,Castres,CAS,FRONT_ROW,1ère ligne,2023-2024,20,836.0,41.8,4.5,,,0.38,,,,0.0,0.1,,,1.44,,,,,lnr,32.0,188.0,133.0,Géorgie,96.4102564102564,100.0,63.5,62.2,1.0,0,12,60,0,53,99,,22.7,↘,5,"[64.3, 34.7, 17.0, 0, 36.2]",100,1.26,1ère Ligne,1L,100,Haute,False,Bonne,False,90,18.9,79.5,GEORG,27.0,cluster_0,56.0,50.2,50.0,95.2,85.8,62.3,92.2,0.4499999999999999,100.0,3.0,,,,
lnr_2709,2709,leon-darricarrere,https://cdn.lnr.fr/joueur/2709-leon-darricarrere/photo/photoFull.b5e9990d9a31ede8327da9bafe6aeb896ea144f3,L. Darricarrere,Clermont,CLR,CENTRE,Centre,2023-2024,17,861.0,50.6,4.92,,,0.0,,,,0.37,0.46,,,1.39,,,,,lnr,19.0,187.0,98.0,France,95.8974358974359,76.5625,61.8,59.4,1.0,45,49,62,25,30,90,,18.3,↘,5,"[43.2, 28.8, 15.6, 25.8, 7.4]",100,-1.38,Centre,CTR,100,Haute,False,Bonne,False,29,17.6,,,,,,,,,,,,0.0,54.5,12.0,,,,
lnr_1457,1457,louis-foursans-bourdette,https://cdn.lnr.fr/joueur/1457-louis-foursans-bourdette/photo/photoFull.eb7c8a121d72a5469d4eb6f17a32ea8cc568bf6c,L. Foursans Bourdette,Montpellier,MHR,FLY_HALF,Demi d'ouverture,2023-2024,6,89.0,14.8,5.39,,,0.0,,,,0.9,0.9,,,0.0,,,,,lnr,22.0,170.0,80.0,France,87.17948717948718,62.5,64.2,65.2,0.559,95,91,5,48,30,85,0.0,35.1,→,1,[39.9],100,-0.67,Ouvreur,10,56,Basse,True,Basse,True,6,77.3,,,,,,,,,,,,0.0,,,,,,
lnr_560,560,lois-guerois-galisson,https://cdn.lnr.fr/joueur/560-lois-guerois-galisson/photo/photoFull.bf7e6b3668f1d7c40821cbfca4c5f267bcf81dfe,L. Guerois Galisson,Castres,CAS,FRONT_ROW,1ère ligne,2023-2024,19,778.0,40.9,10.39,,,0.0,,,,0.0,0.0,,,0.51,,,,,lnr,22.0,192.0,122.0,France,98.46153846153848,95.3125,63.5,65.2,1.0,0,0,21,45,30,93,,54.7,↘,5,"[87.1, 76.9, 11.4, 100, 42.0]",100,-0.67,1ère Ligne,1L,100,Haute,False,Moyenne,False,74,33.8,,,,,,,,,,,,0.0,89.5,19.0,,,,
lnr_317,317,lekso-kaulashvili,https://cdn.lnr.fr/joueur/317-lekso-kaulashvili/photo/photoFull.bf4a801945c52387138b3325d9dd3bcf510292ab,L. Kaulashvili,Bordeaux,BOR,FRONT_ROW,1ère ligne,2023-2024,12,483.0,40.2,10.6,,,0.17,,,,0.17,0.0,,,0.83,,,,,lnr,31.0,185.0,132.0,Géorgie,94.87179487179486,100.0,71.9,69.6,0.902,77,0,34,48,40,98,,30.3,↗,5,"[28.0, 28.0, 39.4, 43.9, 28.0]",100,2.0,1ère Ligne,1L,90,Haute,False,Moyenne,False,40,64.9,,,,,,,,,,,,0.0,93.6,12.0,,,,
lnr_2008,2008,leon-seilala-lam,https://cdn.lnr.fr/joueur/2008-leon-seilala-lam/photo/photoFull.81ae2ff3cf645856004e61f820bf6824a1fce987,L. Lam,Perpignan,PER,FRONT_ROW,1ère ligne,2023-2024,21,858.0,40.9,8.95,,,0.37,,,,0.09,0.56,,,0.93,,,,,lnr,35.0,183.0,102.0,Samoa américain,93.84615384615384,79.6875,67.3,63.9,1.0,41,67,39,26,52,81,,18.3,↗,4,"[11.4, 44.3, 19.9, 9.5]",100,-0.67,1ère Ligne,1L,100,Haute,False,Bonne,False,81,27.0,74.9,SAMOA,18.0,cluster_0,58.1,53.6,50.0,90.8,81.7,55.4,88.8,0.0,100.0,3.0,,,,
lnr_1824,1824,latu-silatolu-latu,https://cdn.lnr.fr/joueur/1824-latu-silatolu-latu/photo/photoFull.7cb6d3e8fb1a9ef473f9440830017cd30be5f626,L. Latu,Montpellier,MHR,FRONT_ROW,1ère ligne,2023-2024,24,286.0,11.9,11.75,,,0.0,,,,0.0,0.84,,,5.59,,,,,lnr,31.0,178.0,110.0,Tonga,91.28205128205128,85.9375,72.9,68.6,0.736,0,95,95,63,30,85,,17.2,↗,5,"[9.0, 25.3, 34.9, 37.5, 0]",100,2.0,1ère Ligne,1L,74,Moyenne,True,Basse,False,49,56.3,72.6,Australie,26.0,cluster_1,75.7,91.7,50.0,86.6,51.5,68.3,86.4,0.0,4.1,12.0,,,,
lnr_1248,1248,lasha-macharashvili,https://cdn.lnr.fr/joueur/1248-lasha-macharashvili/photo/photoFull.054c707edd7e8d2d4275da9b6750c4e791637d23,L. Macharashvili,Montpellier,MHR,FRONT_ROW,1ère ligne,2023-2024,8,300.0,37.5,12.0,,,0.0,,,,0.0,0.0,,,0.0,,,,,lnr,,,,,0.0,0.0,54.3,58.3,0.75,0,0,5,66,30,0,,50.0,→,0,[],100,0.0,1ère Ligne,1L,75,Haute,False,Basse,False,105,6.3,,,,,,,,,,,,0.0,,,,,,
lnr_1027,1027,louis-keziah-penverne,https://cdn.lnr.fr/joueur/1027-louis-keziah-penverne/photo/photoFull.01e7e4177db166b370a81655ed844dbb271b4fe2,L. Penverne,La Rochelle,LRO,FRONT_ROW,1ère ligne,2023-2024,14,582.0,41.6,13.61,,,0.27,,,,0.14,0.0,,,0.0,,,,,lnr,21.0,187.0,111.0,France,95.8974358974359,86.71875,74.6,71.3,0.985,64,0,5,88,46,86,,32.4,↘,5,"[45.9, 100, 8.5, 31.8, 28.7]",100,-1.03,1ère Ligne,1L,98,Haute,False,Moyenne,False,28,75.7,,,,,,,,,,,,0.0,55.7,6.0,,,,
lnr_1779,1779,lucas-peyresblanques,https://cdn.lnr.fr/joueur/1779-lucas-peyresblanques/photo/photoFull.af05d90330b88b7be458e288b68ca734babbf81c,L. Peyresblanques,Paris,SFP,FRONT_ROW,1ère ligne,2023-2024,22,826.0,37.5,11.62,,,0.68,,,,0.29,1.07,,,3.39,,,,,lnr,26.0,181.0,96.0,France,92.82051282051282,75.0,84.6,82.9,1.0,95,95,95,61,68,77,,57.0,↘,5,"[56.5, 100, 100, 69.5, 21.6]",100,2.0,1ère Ligne,1L,100,Haute,False,Bonne,False,3,98.2,,,,,,,,,,,,0.0,93.4,12.0,,,,
lnr_1911,1911,lekima-vuda-tagitagivalu,https://cdn.lnr.fr/joueur/1911-lekima-vuda-tagitagivalu/photo/photoFull.d27019f52768bff9ad76599574dced3c5044bc4f,L. Tagitagivalu,Pau,PAU,LOCK,2ème ligne,2023-2024,15,714.0,47.6,13.78,,,0.11,,,,0.0,0.9,,,0.0,,,,,lnr,28.0,195.0,110.0,Fidji,100.0,85.9375,77.6,76.0,1.0,0,78,5,87,37,96,,44.1,↘,5,"[85.8, 49.3, 43.5, 28.7, 62.2]",100,2.96,2ème Ligne,2L,100,Haute,False,Moyenne,False,2,97.6,,,,,,,,,,,,0.0,64.6,15.0,,,,
lnr_985,985,levani-botia-veivuke,https://cdn.lnr.fr/joueur/985-levani-botia-veivuke/photo/photoFull.7cb6d3e8fb1a9ef473f9440830017cd30be5f626,L. Veivuke,La Rochelle,LRO,CENTRE,Centre,2023-2024,14,850.0,60.7,10.35,,,0.75,,,,0.19,0.66,,,1.41,,,,,lnr,,,,,0.0,0.0,74.6,74.8,1.0,19,74,63,95,68,0,,52.5,↗,5,"[23.4, 68.6, 53.3, 68.6, 66.4]",100,0.0,Centre,CTR,100,Haute,False,Bonne,False,1,100.0,82.5,FIJI,16.0,cluster_0,100.0,92.1,50.0,86.3,50.0,95.2,91.8,0.75,18.2,21.0,,,,
lnr_68,68,loris-zarantonello,https://cdn.lnr.fr/joueur/68-loris-zarantonello/photo/photoFull.50e0d211418fb8267083232d5e5561b6e88fe79f,L. Zarantonello,Castres,CAS,FRONT_ROW,1ère ligne,2023-2024,26,860.0,33.1,14.79,,,0.56,,,,0.37,0.65,,,0.0,,,,,lnr,23.0,183.0,102.0,France,93.84615384615384,79.6875,86.6,83.2,1.0,95,77,5,95,64,81,,50.0,↘,5,"[100, 44.8, 33.3, 48.7, 62.1]",100,-0.16,1ère Ligne,1L,100,Haute,False,Bonne,False,2,99.1,,,,,,,,,,,,0.0,93.2,7.0,,,,
lnr_1376,1376,lenni-nouchi,https://cdn.lnr.fr/joueur/1376-lenni-nouchi/photo/photoFull.4cb2a4ab19ab443ff7739b68884b2f51b78c1bab,Lenni Nouchi,Montpellier,MHR,BACK_ROW,3ème ligne,2023-2024,19,820.0,43.2,13.37,,,0.49,,,,0.2,0.78,,,1.46,,,,,lnr,20.0,192.0,106.0,France,98.46153846153848,82.8125,76.2,74.7,1.0,41,68,80,88,51,93,,49.7,↗,5,"[63.6, 44.4, 53.8, 53.8, 65.5]",100,-1.25,3ème Ligne,3L,100,Haute,False,Bonne,False,9,83.3,,,,,,,,,,,,0.0,65.5,15.0,,,,
lnr_2170,2170,louis-dupichot,https://cdn.lnr.fr/joueur/2170-louis-dupichot/photo/photoFull.054c707edd7e8d2d4275da9b6750c4e791637d23,Louis Dupichot,Perpignan,PER,WINGER,Ailier,2023-2024,13,968.0,74.5,2.81,,,0.17,,,,0.5,0.83,,,0.83,,,,,lnr,,,,,0.0,0.0,62.1,62.1,1.0,37,70,32,0,54,0,0.83,50.0,→,0,[],100,0.0,Ailier,AIL,100,Haute,False,Bonne,False,17,30.4,,,,,,,,,,,,0.0,,,,,,
lnr_553,553,louis-le-brun,https://cdn.lnr.fr/joueur/553-louis-le-brun/photo/photoFull.bf7e6b3668f1d7c40821cbfca4c5f267bcf81dfe,Louis Le Brun,Castres,CAS,FLY_HALF,Demi d'ouverture,2023-2024,21,999.0,47.6,8.09,,,0.24,,,,0.64,1.52,,,9.45,,,,,lnr,22.0,188.0,100.0,France,96.4102564102564,78.125,84.7,77.1,1.0,68,95,80,95,68,97,9.45,12.3,→,3,"[19.0, 0, 17.0]",100,-0.67,Ouvreur,10,100,Haute,False,Bonne,False,1,100.0,,,,,,,,,,,,0.0,,,,,,
lnr_1368,1368,luca-tabarot,https://cdn.lnr.fr/joueur/1368-luca-tabarot/photo/photoFull.8eb27f0f36c4f5b60181b7e1d6268473fc2dbc85,Luca Tabarot,Montpellier,MHR,FRONT_ROW,1ère ligne,2023-2024,2,43.0,21.5,11.16,,,0.0,,,,0.0,0.0,,,0.0,,,,,lnr,,,,,0.0,0.0,52.4,60.7,0.529,0,0,5,55,30,0,,50.0,→,0,[],100,0.0,1ère Ligne,1L,53,Basse,True,Basse,True,97,13.1,,,,,,,,,,,,0.0,,,,,,
lnr_661,661,lucas-dessaigne,https://cdn.lnr.fr/joueur/661-lucas-dessaigne/photo/photoFull.b5e9990d9a31ede8327da9bafe6aeb896ea144f3,Lucas Dessaigne,Clermont,CLR,BACK_ROW,3ème ligne,2023-2024,17,812.0,47.8,11.63,,,0.3,,,,0.1,0.1,,,0.99,,,,,lnr,25.0,188.0,96.0,France,96.4102564102564,75.0,65.4,70.3,1.0,20,9,54,59,43,87,,80.8,↗,5,"[88.9, 80.0, 100, 68.7, 66.4]",100,1.26,3ème Ligne,3L,100,Haute,False,Bonne,False,18,63.5,,,,,,,,,,,,0.0,100.0,7.0,,,,
lnr_2010,2010,lucas-dubois,https://cdn.lnr.fr/joueur/2010-lucas-dubois/photo/photoFull.b817331ae7e7f540e8505004318a8073270e5d10,Lucas Dubois,Perpignan,PER,WINGER,Ailier,2023-2024,16,998.0,62.4,3.77,,,0.24,,,,0.56,1.2,,,2.16,,,,,lnr,25.0,182.0,88.0,France,93.33333333333331,68.75,72.5,67.4,1.0,42,95,84,15,64,87,2.16,9.1,↗,5,"[9.8, 0, 15.7, 0.4, 13.7]",100,1.26,Ailier,AIL,100,Haute,False,Bonne,False,12,52.2,,,,,,,,,,,,0.0,44.9,7.0,,,,
lnr_2444,2444,lucas-tauzin,https://cdn.lnr.fr/joueur/2444-lucas-tauzin/photo/photoFull.b5e9990d9a31ede8327da9bafe6aeb896ea144f3,Lucas Tauzin,Toulouse,TLS,WINGER,Ailier,2023-2024,15,973.0,64.9,4.44,,,0.08,,,,0.74,0.41,,,2.47,,,,,lnr,25.0,187.0,94.0,France,95.8974358974359,73.4375,69.0,67.0,1.0,56,35,95,34,41,91,2.47,29.7,↗,5,"[3.3, 0, 13.1, 95.4, 18.3]",100,1.26,Ailier,AIL,100,Haute,False,Bonne,False,13,47.8,,,,,,,,,,,,0.0,66.8,6.0,,,,
lnr_2025,2025,lucas-velarte,https://cdn.lnr.fr/joueur/2025-lucas-velarte/photo/photoFull.b817331ae7e7f540e8505004318a8073270e5d10,Lucas Velarte,Perpignan,PER,FRONT_ROW,1ère ligne,2023-2024,12,432.0,36.0,13.7,,,0.56,,,,0.0,0.74,,,3.7,,,,,lnr,25.0,185.0,108.0,France,94.87179487179486,84.375,83.8,79.0,0.86,0,88,95,89,64,84,,42.5,↘,5,"[80.5, 54.3, 54.3, 41.2, 42.2]",100,1.26,1ère Ligne,1L,86,Haute,False,Moyenne,False,5,96.4,,,,,,,,,,,,0.0,0.0,9.0,,,,
lnr_937,937,lucas-zamora,https://cdn.lnr.fr/joueur/937-lucas-zamora/photo/photoFull.b5e9990d9a31ede8327da9bafe6aeb896ea144f3,Lucas Zamora,La Rochelle,LRO,SCRUM_HALF,Demi de mêlée,2023-2024,3,84.0,28.0,6.67,,,0.0,,,,0.0,2.86,,,0.0,,,,,lnr,19.0,170.0,80.0,France,87.17948717948718,62.5,67.4,64.1,0.556,0,95,5,46,30,86,0.0,17.3,↘,5,"[43.9, 26.8, 20.7, 0, 23.6]",100,-1.38,Demi de mêlée,9,56,Basse,True,Basse,True,9,68.0,,,,,,,,,,,,0.0,53.6,6.0,,,,
lnr_454,454,luka-japaridze,https://cdn.lnr.fr/joueur/454-luka-japaridze/photo/photoFull.2a93bdb165edd2cd19ea2b2a060be0a3b3011911,Luka Japaridze,Montpellier,MHR,FRONT_ROW,1ère ligne,2023-2024,11,452.0,41.1,8.5,,,0.18,,,,0.18,0.18,,,0.88,,,,,lnr,25.0,181.0,125.0,Géorgie,92.82051282051282,97.65625,66.9,67.7,0.877,82,21,37,20,41,94,,45.0,↘,5,"[41.2, 100, 19.9, 66.4, 37.7]",100,1.26,1ère Ligne,1L,88,Haute,False,Moyenne,False,56,50.5,76.2,GEORG,7.0,cluster_0,56.1,50.0,50.0,91.1,87.5,57.8,86.0,0.1200000000000002,91.8,11.0,,,,
lnr_2100,2100,luke-tagi,https://cdn.lnr.fr/joueur/2100-luke-tagi/photo/photoFull.1d6a32f7ce4a12d423552fb50b73687ec52ba345,Luke Tagi,Bayonne,BAY,FRONT_ROW,1ère ligne,2023-2024,12,536.0,44.7,6.42,,,0.15,,,,0.0,1.64,,,0.0,,,,,lnr,26.0,187.0,130.0,Fidji,95.8974358974359,100.0,66.1,66.1,0.947,0,95,5,0,39,97,,38.5,↗,5,"[36.2, 38.4, 22.7, 51.0, 53.3]",100,2.0,1ère Ligne,1L,95,Haute,False,Moyenne,False,63,44.1,,,,,,,,,,,,0.0,65.0,6.0,,,,
lnr_1401,1401,lyam-akrab,https://cdn.lnr.fr/joueur/1401-lyam-akrab/photo/photoFull.4cb2a4ab19ab443ff7739b68884b2f51b78c1bab,Lyam Akrab,Montpellier,MHR,FRONT_ROW,1ère ligne,2023-2024,2,55.0,27.5,14.55,,,0.0,,,,0.0,0.0,,,0.0,,,,,lnr,18.0,178.0,98.0,France,91.28205128205128,76.5625,69.7,68.1,0.537,0,0,5,95,30,78,,41.5,→,3,"[32.7, 7.6, 83.2]",100,-1.45,1ère Ligne,1L,54,Basse,True,Basse,True,54,52.3,,,,,,,,,,,,0.0,14.6,3.0,,,,
lnr_11251,11251,leo-banos,https://cdn.lnr.fr/joueur/11251-leo-banos/photo/photoFull.a2503fca1a2646233602741328f9c3f7893fa1e1,Léo Banos,Toulouse,TLS,BACK_ROW,3ème ligne,2023-2024,10,523.0,52.3,7.65,,,0.0,,,,0.31,0.31,,,0.0,,,,,lnr,21.0,191.0,100.0,France,97.94871794871794,78.125,51.7,54.4,0.936,63,27,5,0,30,89,,36.5,↗,5,"[19.1, 50.4, 36.7, 50.4, 40.3]",100,-1.03,3ème Ligne,3L,94,Haute,False,Moyenne,False,45,8.3,,,,,,,,,,,,0.0,91.4,16.0,,,,
lnr_1081,1081,leo-berdeu,https://cdn.lnr.fr/joueur/1081-leo-berdeu/photo/photoFull.8e39a4ffde2d58962f9632bb5639326c8c077ac5,Léo Berdeu,Lyon,LOU,FLY_HALF,Demi d'ouverture,2023-2024,13,697.0,53.6,6.77,,,0.0,,,,0.11,0.69,,,9.99,,,,,lnr,25.0,195.0,99.0,France,100.0,77.34375,67.3,67.2,1.0,12,70,84,79,30,98,9.99,42.3,↗,5,"[51.0, 35.7, 20.5, 45.1, 68.7]",100,1.26,Ouvreur,10,100,Haute,False,Moyenne,False,3,90.9,,,,,,,,,,,,0.0,0.0,13.0,,,,
lnr_1460,1460,leo-coly,https://cdn.lnr.fr/joueur/1460-leo-coly/photo/photoFull.2a93bdb165edd2cd19ea2b2a060be0a3b3011911,Léo Coly,Montpellier,MHR,SCRUM_HALF,Demi de mêlée,2023-2024,19,797.0,41.9,7.13,,,0.0,,,,0.4,0.9,,,2.11,,,,,lnr,24.0,175.0,76.0,France,89.74358974358975,59.375,61.7,61.8,1.0,45,64,66,53,30,85,2.11,36.3,↗,5,"[0, 76.9, 19.2, 47.8, 46.5]",100,0.5,Demi de mêlée,9,100,Haute,False,Moyenne,False,17,36.0,,,,,,,,,,,,0.0,48.4,8.0,,,,
lnr_1831,1831,moses-eneliko-alo-emile,https://cdn.lnr.fr/joueur/1831-moses-eneliko-alo-emile/photo/photoFull.eb7c8a121d72a5469d4eb6f17a32ea8cc568bf6c,M. Alo Emile,Paris,SFP,FRONT_ROW,1ère ligne,2023-2024,24,885.0,36.9,9.04,,,0.63,,,,0.0,0.18,,,0.0,,,,,lnr,24.0,187.0,125.0,Australie,95.8974358974359,97.65625,71.9,71.8,1.0,0,21,5,27,68,95,,51.7,↗,5,"[66.7, 31.4, 40.9, 52.9, 83.0]",100,0.5,1ère Ligne,1L,100,Haute,False,Bonne,False,26,77.5,,,,,,,,,,,,0.0,55.5,17.0,,,,
lnr_2401,2401,mathis-castro-ferreira,https://cdn.lnr.fr/joueur/2401-mathis-castro-ferreira/photo/photoFull.a2503fca1a2646233602741328f9c3f7893fa1e1,M. Castro Ferreira,Toulouse,TLS,BACK_ROW,3ème ligne,2023-2024,15,697.0,46.5,11.25,,,0.92,,,,0.23,0.46,,,5.16,,,,,lnr,20.0,192.0,105.0,France,98.46153846153848,82.03125,76.6,71.3,1.0,47,40,95,53,68,92,,19.2,↘,5,"[47.1, 44.6, 11.8, 23.6, 7.6]",100,-1.25,3ème Ligne,3L,100,Haute,False,Moyenne,False,14,71.9,,,,,,,,,,,,0.0,32.9,8.0,,,,
lnr_1025,1025,matthias-haddad,https://cdn.lnr.fr/joueur/1025-matthias-haddad/photo/photoFull.01e7e4177db166b370a81655ed844dbb271b4fe2,M. Haddad,La Rochelle,LRO,BACK_ROW,3ème ligne,2023-2024,12,278.0,23.2,11.51,,,0.29,,,,0.86,0.29,,,0.0,,,,,lnr,23.0,192.0,99.0,France,98.46153846153848,77.34375,67.4,67.6,0.728,95,25,5,57,43,89,,42.8,→,5,"[74.9, 22.9, 32.7, 38.5, 68.1]",100,-0.16,3ème Ligne,3L,73,Moyenne,True,Basse,False,28,43.8,,,,,,,,,,,,0.0,55.6,11.0,,,,
lnr_2384,2384,matthias-halagahu,https://cdn.lnr.fr/joueur/2384-matthias-halagahu/photo/photoFull.26dec662e84c737005260a65b33966bd7438db17,M. Halagahu,Toulon,TLN,LOCK,2ème ligne,2023-2024,22,885.0,40.2,16.09,,,0.09,,,,0.09,0.09,,,0.0,,,,,lnr,22.0,194.0,122.0,France,99.48717948717947,95.3125,76.6,81.1,1.0,27,8,5,95,36,97,,100.0,→,3,"[100, 100, 90.0]",100,-0.67,2ème Ligne,2L,100,Haute,False,Bonne,False,1,100.0,,,,,,,,,,,,0.0,,,,,,
lnr_2407,2407,malachi-shea-hawkes-faimanifo,https://cdn.lnr.fr/joueur/2407-malachi-shea-hawkes-faimanifo/photo/photoFull.63f02d5f7b00d1429cb1de8aa98d311d3cf445ea,M. Hawkes Faimanifo,Toulouse,TLS,FRONT_ROW,1ère ligne,2023-2024,3,56.0,18.7,17.14,,,0.0,,,,1.43,0.0,,,0.0,,,,,lnr,21.0,179.0,115.0,Australie,91.7948717948718,89.84375,77.3,68.8,0.537,95,0,5,95,30,88,,18.7,→,2,"[54.6, 0]",100,-1.03,1ère Ligne,1L,54,Basse,True,Basse,True,48,57.7,,,,,,,,,,,,0.0,,,,,,
lnr_2667,2667,manuel-leindekar-virginio,https://cdn.lnr.fr/joueur/2667-manuel-leindekar-virginio/photo/photoFull.c13853c24f9a438203d2dc57b45e48161a549ae5,M. Leindekar Virginio,Bayonne,BAY,LOCK,2ème ligne,2023-2024,7,311.0,44.4,6.95,,,0.0,,,,0.0,0.51,,,0.0,,,,,lnr,,,,,0.0,0.0,43.8,57.8,0.759,0,44,5,0,30,0,,50.0,→,0,[],100,0.0,2ème Ligne,2L,76,Haute,False,Basse,False,40,7.1,67.1,URUG,19.0,cluster_0,50.0,50.0,50.0,70.9,100.0,51.6,69.5,0.0,,,,,,
lnr_1840,1840,mamoudou-alain-meite,https://cdn.lnr.fr/joueur/1840-mamoudou-alain-meite/photo/photoFull.58e6e4b7761b3420a57c37233cfce5ad6a1e7fad,M. Meite,Paris,SFP,FRONT_ROW,1ère ligne,2023-2024,5,89.0,17.8,9.89,,,0.9,,,,0.0,0.9,,,0.0,,,,,lnr,,,,,0.0,0.0,66.7,68.2,0.559,0,95,5,39,68,0,,50.0,→,0,[],100,0.0,1ère Ligne,1L,56,Basse,True,Basse,True,52,53.6,,,,,,,,,,,,0.0,,,,,,
lnr_1117,1117,marvin-saint-gys-okuya,https://cdn.lnr.fr/joueur/1117-marvin-saint-gys-okuya/photo/photoFull.eff1aa9b4a9f2b351be13ae3eed38b31d19c422e,M. Okuya,Lyon,LOU,BACK_ROW,3ème ligne,2023-2024,6,312.0,52.0,12.31,,,0.0,,,,0.51,0.26,,,0.0,,,,,lnr,20.0,190.0,110.0,France,97.43589743589745,85.9375,63.6,69.3,0.76,95,23,5,70,30,95,,81.2,↗,5,"[68.7, 51.6, 100, 39.3, 100]",100,-1.25,3ème Ligne,3L,76,Haute,False,Basse,False,22,56.2,,,,,,,,,,,,0.0,92.0,5.0,,,,
lnr_2482,2482,marco-miguel-trauth,https://cdn.lnr.fr/joueur/2482-marco-miguel-trauth/photo/photoFull.cba60bf104e3b342ceb7eeb5d08c240acb54484b,M. Trauth,Toulouse,TLS,FRONT_ROW,1ère ligne,2023-2024,3,166.0,55.3,8.67,,,0.48,,,,0.0,0.48,,,0.0,,,,,lnr,,,,,0.0,0.0,56.3,61.5,0.616,0,57,5,23,59,0,,50.0,→,0,[],100,0.0,1ère Ligne,1L,62,Moyenne,True,Basse,True,93,17.1,,,,,,,,,,,,0.0,,,,,,
lnr_299,299,madosha-tambwe,https://cdn.lnr.fr/joueur/299-madosha-tambwe/photo/photoFull.9db3e1c64b0fa647759e691550b9e8351884f243,Madosha Tambwe,Bordeaux,BOR,WINGER,Ailier,2023-2024,14,945.0,67.5,3.98,,,0.0,,,,1.52,0.42,,,2.96,,,,,lnr,26.0,186.0,92.0,République Démocratique du Congo,95.3846153846154,71.875,80.8,74.5,1.0,95,36,95,21,30,90,2.96,11.9,→,5,"[10.5, 11.8, 40.3, 2.9, 3.6]",100,2.0,Ailier,AIL,100,Haute,False,Bonne,False,3,91.3,,,,,,,,,,,,0.0,59.5,6.0,,,,
lnr_1392,1392,mael-perrin,https://cdn.lnr.fr/joueur/1392-mael-perrin/photo/photoFull.04d4f5111c6d5bf74e622e04f4c82377645acf85,Mael Perrin,Montpellier,MHR,LOCK,2ème ligne,2023-2024,2,98.0,49.0,12.24,,,0.0,,,,0.0,0.0,,,4.08,,,,,lnr,,,,,0.0,0.0,52.8,60.3,0.565,0,0,95,63,30,0,,50.0,→,0,[],100,0.0,2ème Ligne,2L,56,Basse,True,Basse,True,27,38.1,,,,,,,,,,,,0.0,,,,,,
lnr_1441,1441,marco-tauleigne,https://cdn.lnr.fr/joueur/1441-marco-tauleigne/photo/photoFull.4cb2a4ab19ab443ff7739b68884b2f51b78c1bab,Marco Tauleigne,Montpellier,MHR,BACK_ROW,3ème ligne,2023-2024,14,535.0,38.2,13.01,,,0.45,,,,0.3,1.05,,,0.75,,,,,lnr,30.0,191.0,115.0,France,97.94871794871794,89.84375,81.4,77.3,0.946,61,91,41,82,50,97,,33.9,↘,5,"[62.3, 62.1, 9.2, 49.7, 30.8]",100,2.61,3ème Ligne,3L,95,Haute,False,Moyenne,False,5,91.7,,,,,,,,,,,,0.0,97.9,8.0,,,,
lnr_2291,2291,marius-domon,https://cdn.lnr.fr/joueur/2291-marius-domon/photo/photoFull.2eaacbd11c12f10f571df4cbac07c560d1665acd,Marius Domon,Toulon,TLN,FLY_HALF,Demi d'ouverture,2023-2024,6,473.0,78.8,4.4,,,0.34,,,,0.17,0.0,,,0.0,,,,,lnr,21.0,183.0,85.0,France,93.84615384615384,66.40625,58.5,56.8,0.894,18,0,5,26,68,91,0.0,10.9,→,5,"[12.1, 6.3, 4.3, 0, 24.5]",100,-1.03,Ouvreur,10,89,Haute,False,Moyenne,False,19,15.9,,,,,,,,,,,,0.0,24.6,13.0,,,,
lnr_3607,3607,marko-gazzotti,https://cdn.lnr.fr/joueur/3607-marko-gazzotti/photo/photoFull.9db3e1c64b0fa647759e691550b9e8351884f243,Marko Gazzotti,Bordeaux,BOR,BACK_ROW,3ème ligne,2023-2024,12,533.0,44.4,15.61,,,0.75,,,,0.15,0.3,,,0.75,,,,,lnr,19.0,192.0,110.0,France,98.46153846153848,85.9375,81.3,80.2,0.944,31,26,41,95,63,95,,66.5,↘,5,"[38.6, 100, 53.5, 63.8, 75.9]",100,-1.38,3ème Ligne,3L,94,Haute,False,Moyenne,False,4,93.8,,,,,,,,,,,,0.0,50.4,11.0,,,,
lnr_2122,2122,martin-meliande,https://cdn.lnr.fr/joueur/2122-martin-meliande/photo/photoFull.8e39a4ffde2d58962f9632bb5639326c8c077ac5,Martin Meliande,Racing 92,R92,FLY_HALF,Demi d'ouverture,2023-2024,11,483.0,43.9,5.3,,,0.17,,,,0.33,0.5,,,3.81,,,,,lnr,22.0,187.0,82.0,France,95.8974358974359,64.0625,64.2,60.9,0.902,35,51,32,46,59,91,3.81,10.6,→,5,"[9.2, 9.8, 25.5, 12.9, 0.3]",100,-0.67,Ouvreur,10,90,Haute,False,Moyenne,False,14,40.9,,,,,,,,,,,,0.0,91.4,13.0,,,,
lnr_2495,2495,martin-page-relo,https://cdn.lnr.fr/joueur/2495-martin-page-relo/photo/photoFull.9db3e1c64b0fa647759e691550b9e8351884f243,Martin Page Relo,Lyon,LOU,SCRUM_HALF,Demi de mêlée,2023-2024,17,474.0,27.9,5.06,,,0.0,,,,0.34,0.51,,,0.84,,,,,lnr,25.0,173.0,77.0,France,88.71794871794872,60.15625,58.5,57.2,0.895,38,26,26,21,30,85,0.84,9.0,↘,5,"[16.2, 20.1, 6.5, 0, 11.4]",100,1.26,Demi de mêlée,9,90,Haute,False,Moyenne,False,23,12.0,,,,,,,,,,,,0.0,1.8,8.0,,,,
lnr_12404,12404,mateo-carreras-1,https://cdn.lnr.fr/joueur/12404-mateo-carreras-1/photo/photoFull.409fb64e5ca518486c03e07b8c688aa07f237184,Mateo Carreras,Bayonne,BAY,WINGER,Ailier,2023-2024,5,384.0,76.8,6.25,,,0.21,,,,1.25,1.04,,,1.04,,,,,lnr,24.0,173.0,84.0,Espagne,88.71794871794872,65.625,83.5,76.4,0.82,95,88,40,83,59,83,1.04,28.0,↗,5,"[20.3, 14.4, 20.3, 19.8, 52.9]",100,0.5,Ailier,AIL,82,Haute,False,Basse,False,2,95.7,63.0,Argentine,14.0,cluster_1,61.8,52.2,50.0,87.0,89.9,66.0,90.9,0.0,64.2,8.0,,,,
lnr_11027,11027,mateo-garcia,https://cdn.lnr.fr/joueur/11027-mateo-garcia/photo/photoFull.26dec662e84c737005260a65b33966bd7438db17,Mateo Garcia,Bordeaux,BOR,FLY_HALF,Demi d'ouverture,2023-2024,17,948.0,55.8,4.98,,,0.0,,,,0.25,1.52,,,8.95,,,,,lnr,21.0,174.0,83.0,France,89.23076923076924,64.84375,71.1,66.8,1.0,27,95,76,39,30,87,8.95,17.3,↘,5,"[36.2, 13.7, 9.2, 15.1, 21.6]",100,-1.03,Ouvreur,10,100,Haute,False,Bonne,False,4,86.4,,,,,,,,,,,,0.0,48.6,7.0,,,,
lnr_1980,1980,mathieu-acebes,https://cdn.lnr.fr/joueur/1980-mathieu-acebes/photo/photoFull.df70eb994b7734bdf40e01b850e18c98079124f9,Mathieu Acebes,Perpignan,PER,FULLBACK,Arrière,2023-2024,19,923.0,48.6,8.75,,,0.17,,,,0.69,0.61,,,2.17,,,,,lnr,,,,,0.0,0.0,70.8,70.8,1.0,41,50,51,95,65,0,2.17,50.0,→,0,[],100,0.0,Arrière,ARR,100,Haute,False,Bonne,False,2,93.8,,,,,,,,,,,,0.0,,,,,,
lnr_2361,2361,mathieu-smaili,https://cdn.lnr.fr/joueur/2361-mathieu-smaili/photo/photoFull.2eaacbd11c12f10f571df4cbac07c560d1665acd,Mathieu Smaili,Toulon,TLN,CENTRE,Centre,2023-2024,12,597.0,49.8,5.36,,,0.13,,,,0.54,0.27,,,1.61,,,,,lnr,24.0,180.0,92.0,France,92.3076923076923,71.875,67.4,64.3,0.998,70,26,72,35,43,85,,19.1,↗,5,"[24.9, 9.2, 22.9, 21.0, 21.2]",100,0.5,Centre,CTR,100,Haute,False,Moyenne,False,23,35.3,,,,,,,,,,,,0.0,33.1,9.0,,,,
lnr_2342,2342,mathieu-tanguy,https://cdn.lnr.fr/joueur/2342-mathieu-tanguy/photo/photoFull.746d583d9f8a2aa9c322b15ebadc8acc096151d2,Mathieu Tanguy,Toulon,TLN,LOCK,2ème ligne,2023-2024,22,140.0,6.4,8.57,,,0.0,,,,0.0,0.57,,,0.0,,,,,lnr,27.0,195.0,107.0,France,100.0,83.59375,60.3,64.8,0.593,0,49,5,6,30,96,,33.4,↘,5,"[45.1, 45.2, 24.6, 24.6, 49.1]",100,2.61,2ème Ligne,2L,59,Basse,True,Basse,True,18,59.5,,,,,,,,,,,,0.0,100.0,17.0,,,,
lnr_1977,1977,matteo-rodor,https://cdn.lnr.fr/joueur/1977-matteo-rodor/photo/photoFull.d303b4e754d5628447799261cf17492ebc23d137,Matteo Rodor,Perpignan,PER,SCRUM_HALF,Demi de mêlée,2023-2024,11,153.0,13.9,7.32,,,0.0,,,,1.57,1.05,,,1.05,,,,,lnr,,,,,0.0,0.0,63.5,66.1,0.603,95,79,33,56,30,0,1.05,50.0,→,0,[],100,0.0,Demi de mêlée,9,60,Moyenne,True,Basse,False,6,80.0,,,,,,,,,,,,0.0,,,,,,
lnr_339,339,matthieu-jalibert,https://cdn.lnr.fr/joueur/339-matthieu-jalibert/photo/photoFull.9db3e1c64b0fa647759e691550b9e8351884f243,Matthieu Jalibert,Bordeaux,BOR,FLY_HALF,Demi d'ouverture,2023-2024,14,975.0,69.6,4.68,,,0.0,,,,0.49,0.74,,,6.24,,,,,lnr,25.0,184.0,84.0,France,94.35897435897436,65.625,65.4,65.8,1.0,52,75,53,32,30,91,6.24,34.5,↗,5,"[26.2, 25.5, 53.5, 24.0, 50.6]",100,1.26,Ouvreur,10,100,Haute,False,Bonne,False,7,72.7,86.0,France,23.0,cluster_1,80.6,87.2,84.4,85.0,88.5,82.1,93.7,1.1,52.2,12.0,,,,
lnr_2383,2383,matteo-le-corvec,https://cdn.lnr.fr/joueur/2383-matteo-le-corvec/photo/photoFull.b817331ae7e7f540e8505004318a8073270e5d10,Mattéo Le Corvec,Toulon,TLN,BACK_ROW,3ème ligne,2023-2024,13,508.0,39.1,13.39,,,0.0,,,,0.31,0.31,,,1.57,,,,,lnr,23.0,192.0,111.0,France,98.46153846153848,86.71875,66.3,65.8,0.923,63,27,86,88,30,96,,38.4,↘,5,"[59.2, 72.5, 46.9, 9.4, 53.3]",100,-0.16,3ème Ligne,3L,92,Haute,False,Moyenne,False,33,33.3,,,,,,,,,,,,0.0,94.7,12.0,,,,
lnr_1128,1128,maxime-gouzou,https://cdn.lnr.fr/joueur/1128-maxime-gouzou/photo/photoFull.eff1aa9b4a9f2b351be13ae3eed38b31d19c422e,Maxime Gouzou,Lyon,LOU,BACK_ROW,3ème ligne,2023-2024,11,545.0,49.5,13.5,,,0.0,,,,0.29,0.88,,,0.73,,,,,lnr,25.0,189.0,106.0,France,96.92307692307692,82.8125,71.8,67.0,0.954,59,77,40,90,30,92,,11.1,→,2,"[32.1, 0]",100,1.26,3ème Ligne,3L,95,Haute,False,Moyenne,False,29,41.7,,,,,,,,,,,,0.0,,,,,,
lnr_350,350,mael-moustin,https://cdn.lnr.fr/joueur/350-mael-moustin/photo/photoFull.4cb2a4ab19ab443ff7739b68884b2f51b78c1bab,Maël Moustin,Bordeaux,BOR,CENTRE,Centre,2023-2024,5,339.0,67.8,4.25,,,0.0,,,,0.24,0.24,,,1.18,,,,,lnr,20.0,187.0,103.0,France,95.8974358974359,80.46875,56.4,58.4,0.782,26,22,53,9,30,93,,27.7,→,5,"[22.9, 28.5, 24.8, 22.0, 42.6]",100,-1.25,Centre,CTR,78,Haute,False,Basse,False,32,7.4,,,,,,,,,,,,0.0,39.4,11.0,,,,
lnr_2364,2364,maelan-rabut,https://cdn.lnr.fr/joueur/2364-maelan-rabut/photo/photoFull.c13853c24f9a438203d2dc57b45e48161a549ae5,Maëlan Rabut,Toulon,TLN,FULLBACK,Arrière,2023-2024,7,445.0,63.6,6.47,,,0.18,,,,0.72,0.54,,,0.9,,,,,lnr,,,,,0.0,0.0,67.9,68.1,0.871,44,43,21,95,67,0,0.9,50.0,→,0,[],100,0.0,Arrière,ARR,87,Haute,False,Moyenne,False,5,75.0,,,,,,,,,,,,0.0,,,,,,
lnr_2479,2479,melvyn-jaminet,https://cdn.lnr.fr/joueur/2479-melvyn-jaminet/photo/photoFull.26dec662e84c737005260a65b33966bd7438db17,Melvyn Jaminet,Toulouse,TLS,FLY_HALF,Demi d'ouverture,2023-2024,15,160.0,10.7,1.0,,,0.0,,,,1.5,1.0,,,45.0,,,,,lnr,24.0,180.0,80.0,France,92.3076923076923,62.5,75.9,73.1,0.61,95,95,95,0,30,88,45.0,9.9,↗,5,"[9.2, 0, 15.9, 3.8, 13.2]",100,0.5,Ouvreur,10,61,Moyenne,True,Basse,False,2,95.5,83.1,France,13.0,cluster_1,92.1,76.5,84.2,88.6,78.2,78.8,85.5,0.8099999999999995,1.8,12.0,,,,
lnr_1901,1901,mickael-capelli,https://cdn.lnr.fr/joueur/1901-mickael-capelli/photo/photoFull.bf4a801945c52387138b3325d9dd3bcf510292ab,Mickael Capelli,Pau,PAU,LOCK,2ème ligne,2023-2024,9,401.0,44.6,10.77,,,0.6,,,,0.0,0.4,,,1.0,,,,,lnr,27.0,199.0,129.0,France,100.0,100.0,76.1,75.8,0.834,0,35,95,40,68,99,,57.3,↘,5,"[42.1, 100, 77.6, 59.2, 37.0]",100,2.61,2ème Ligne,2L,83,Haute,False,Moyenne,False,3,95.2,,,,,,,,,,,,0.0,0.0,12.0,,,,
lnr_11734,11734,monty-ioane,https://cdn.lnr.fr/joueur/11734-monty-ioane/photo/photoFull.8e39a4ffde2d58962f9632bb5639326c8c077ac5,Monty Ioane,Lyon,LOU,WINGER,Ailier,2023-2024,8,580.0,72.5,3.17,,,0.0,,,,1.1,1.24,,,1.38,,,,,lnr,29.0,180.0,91.0,Australie,92.3076923076923,71.09375,78.7,73.7,0.983,85,95,53,0,30,88,1.38,11.7,→,5,"[0, 19.9, 18.3, 11.1, 7.9]",100,2.96,Ailier,AIL,98,Haute,False,Moyenne,False,5,82.6,82.4,ITALY,17.0,cluster_1,100.0,78.0,50.0,84.6,71.0,83.9,93.1,0.7400000000000005,31.0,8.0,,,,
lnr_938,938,nathan-bollengier,https://cdn.lnr.fr/joueur/938-nathan-bollengier/photo/photoFull.7cb6d3e8fb1a9ef473f9440830017cd30be5f626,N. Bollengier,La Rochelle,LRO,WINGER,Ailier,2023-2024,8,307.0,38.4,1.82,,,0.26,,,,1.3,0.52,,,2.61,,,,,lnr,20.0,179.0,82.0,France,91.7948717948718,64.0625,76.2,68.3,0.756,95,44,95,0,66,83,2.61,8.8,→,3,"[18.4, 11.0, 0]",100,-1.25,Ailier,AIL,76,Haute,False,Basse,False,11,56.5,,,,,,,,,,,,0.0,92.9,3.0,,,,
lnr_1013,1013,noe-della-schiava,https://cdn.lnr.fr/joueur/1013-noe-della-schiava/photo/photoFull.b817331ae7e7f540e8505004318a8073270e5d10,N. Della Schiava,La Rochelle,LRO,BACK_ROW,3ème ligne,2023-2024,4,51.0,12.8,6.27,,,0.0,,,,0.0,0.0,,,0.0,,,,,lnr,22.0,193.0,95.0,France,98.97435897435898,74.21875,47.3,58.4,0.534,0,0,5,0,30,87,,37.0,↗,4,"[11.8, 100, 37.7, 27.4]",100,-0.67,3ème Ligne,3L,53,Basse,True,Basse,True,42,14.6,,,,,,,,,,,,0.0,85.0,3.0,,,,
lnr_1784,1784,nemo-gunther-roelofse,https://cdn.lnr.fr/joueur/1784-nemo-gunther-roelofse/photo/photoFull.746d583d9f8a2aa9c322b15ebadc8acc096151d2,N. Roelofse,Perpignan,PER,FRONT_ROW,1ère ligne,2023-2024,19,829.0,43.6,7.82,,,0.48,,,,0.0,0.1,,,0.97,,,,,lnr,28.0,182.0,120.0,Afrique du Sud,93.33333333333331,93.75,68.4,65.4,1.0,0,12,40,11,59,91,,17.4,↘,5,"[10.7, 50.4, 30.9, 28.6, 0]",100,2.96,1ère Ligne,1L,100,Haute,False,Bonne,False,73,35.1,,,,,,,,,,,,0.0,89.5,9.0,,,,
lnr_1805,1805,nadir-megdoud,https://cdn.lnr.fr/joueur/1805-nadir-megdoud/photo/photoFull.66c8481f41dae2c760111c9de7f76f50fdc806b3,Nadir Megdoud,Bayonne,BAY,WINGER,Ailier,2023-2024,7,560.0,80.0,4.14,,,0.29,,,,0.71,0.71,,,0.0,,,,,lnr,27.0,181.0,96.0,France,92.82051282051282,75.0,73.2,69.9,0.967,54,60,5,26,68,91,0.0,23.9,→,1,[26.2],100,2.61,Ailier,AIL,97,Haute,False,Moyenne,False,8,69.6,,,,,,,,,,,,0.0,,,,,,
lnr_1888,1888,nicolas-corato,https://cdn.lnr.fr/joueur/1888-nicolas-corato/photo/photoFull.bf7e6b3668f1d7c40821cbfca4c5f267bcf81dfe,Nicolas Corato,Pau,PAU,FRONT_ROW,1ère ligne,2023-2024,20,740.0,37.0,12.32,,,0.11,,,,0.0,0.11,,,0.0,,,,,lnr,26.0,184.0,123.0,France,94.35897435897436,96.09375,72.9,73.7,1.0,0,13,5,71,37,93,,58.5,↘,5,"[37.7, 100, 54.1, 48.6, 70.4]",100,2.0,1ère Ligne,1L,100,Haute,False,Moyenne,False,14,88.3,,,,,,,,,,,,0.0,88.2,13.0,,,,
lnr_2167,2167,olivier-klemenczak,https://cdn.lnr.fr/joueur/2167-olivier-klemenczak/photo/photoFull.bf4a801945c52387138b3325d9dd3bcf510292ab,O. Klemenczak,Racing 92,R92,CENTRE,Centre,2023-2024,14,718.0,51.3,8.25,,,0.0,,,,1.23,0.67,,,1.11,,,,,lnr,,,,,0.0,0.0,74.1,71.4,1.0,95,76,50,95,30,0,,34.0,→,1,[38.6],100,0.0,Centre,CTR,100,Haute,False,Moyenne,False,6,85.3,,,,,,,,,,,,0.0,,,,,,
lnr_939,939,oscar-jegou,https://cdn.lnr.fr/joueur/939-oscar-jegou/photo/photoFull.7cb6d3e8fb1a9ef473f9440830017cd30be5f626,Oscar Jegou,La Rochelle,LRO,BACK_ROW,3ème ligne,2023-2024,16,762.0,47.6,12.7,,,0.21,,,,0.31,1.05,,,2.1,,,,,lnr,20.0,190.0,90.0,France,97.43589743589745,70.3125,71.5,70.7,1.0,63,91,95,77,39,84,,48.2,↗,5,"[22.9, 34.7, 57.5, 67.4, 62.2]",100,-1.25,3ème Ligne,3L,100,Haute,False,Moyenne,False,17,66.7,,,,,,,,,,,,0.0,67.2,12.0,,,,
lnr_1814,1814,pierre-henri-azagoh-kouadio,https://cdn.lnr.fr/joueur/1814-pierre-henri-azagoh-kouadio/photo/photoFull.0d105085f705532550693973c5545a1d4e020463,P. Azagoh Kouadio,Paris,SFP,LOCK,2ème ligne,2023-2024,20,795.0,39.8,11.67,,,0.3,,,,0.0,0.3,,,0.5,,,,,lnr,25.0,196.0,103.0,France,100.0,80.46875,71.2,73.6,1.0,0,26,50,54,50,96,,69.6,↗,5,"[25.2, 91.9, 90.5, 95.4, 79.0]",100,1.26,2ème Ligne,2L,100,Haute,False,Moyenne,False,6,88.1,,,,,,,,,,,,0.0,97.9,18.0,,,,
lnr_398,398,pietro-ceccarelli,https://cdn.lnr.fr/joueur/398-pietro-ceccarelli/photo/photoFull.746d583d9f8a2aa9c322b15ebadc8acc096151d2,P. Ceccarelli,Perpignan,PER,FRONT_ROW,1ère ligne,2023-2024,18,838.0,46.6,10.41,,,0.1,,,,0.1,0.0,,,0.48,,,,,lnr,32.0,184.0,115.0,France,94.35897435897436,89.84375,67.2,66.7,1.0,45,0,20,45,36,88,,37.6,↗,5,"[11.7, 11.7, 64.2, 51.0, 45.0]",100,1.26,1ère Ligne,1L,100,Haute,False,Bonne,False,60,46.8,77.0,ITALY,25.0,cluster_1,52.2,50.9,50.0,86.4,89.3,50.0,87.9,0.2,96.6,14.0,,,,
lnr_2644,2644,peyo-muscarditz,https://cdn.lnr.fr/joueur/2644-peyo-muscarditz/photo/photoFull.fa741145527d67f0373a3b7f544c55452bd2af8a,P. Muscarditz,Bayonne,BAY,CENTRE,Centre,2023-2024,5,339.0,67.8,5.9,,,0.0,,,,0.24,0.47,,,0.0,,,,,lnr,,,,,0.0,0.0,57.2,60.0,0.782,26,51,5,47,30,0,,50.0,→,0,[],100,0.0,Centre,CTR,78,Haute,False,Basse,False,28,20.6,,,,,,,,,,,,0.0,,,,,,
lnr_2176,2176,peniami-nasali-narisia,https://cdn.lnr.fr/joueur/2176-peniami-nasali-narisia/photo/photoFull.c13853c24f9a438203d2dc57b45e48161a549ae5,P. Narisia,Racing 92,R92,FRONT_ROW,1ère ligne,2023-2024,8,324.0,40.5,13.58,,,0.0,,,,0.0,0.0,,,0.0,,,,,lnr,,,,,0.0,0.0,58.0,60.7,0.77,0,0,5,87,30,0,,50.0,→,0,[],100,0.0,1ère Ligne,1L,77,Haute,False,Basse,False,97,13.1,,,,,,,,,,,,0.0,,,,,,
lnr_12302,12302,pita-gus-sowakula,https://cdn.lnr.fr/joueur/12302-pita-gus-sowakula/photo/photoFull.c014f51db1da0b1217b367d4a2b9e8cf48e92c3e,P. Sowakula,Clermont,CLR,BACK_ROW,3ème ligne,2023-2024,10,618.0,61.8,8.28,,,0.26,,,,0.26,1.17,,,0.65,,,,,lnr,29.0,196.0,117.0,Fidji,100.0,91.40625,68.2,68.7,1.0,53,95,35,3,41,98,,45.9,↗,5,"[28.2, 66.1, 58.6, 44.5, 57.8]",100,2.96,3ème Ligne,3L,100,Haute,False,Moyenne,False,24,52.1,,,,,,,,,,,,0.0,78.0,14.0,,,,
lnr_1377,1377,paolo-garbisi,https://cdn.lnr.fr/joueur/1377-paolo-garbisi/photo/photoFull.2eaacbd11c12f10f571df4cbac07c560d1665acd,Paolo Garbisi,Montpellier,MHR,FLY_HALF,Demi d'ouverture,2023-2024,18,450.0,25.0,7.11,,,0.0,,,,0.18,0.18,,,6.93,,,,,lnr,23.0,183.0,97.0,Italie,93.84615384615384,75.78125,59.5,65.9,0.875,19,18,59,87,30,95,6.93,18.9,↘,5,"[26.0, 13.7, 32.6, 24.3, 11.8]",100,-0.16,Ouvreur,10,88,Haute,False,Moyenne,False,17,27.3,76.7,ITALY,23.0,cluster_1,71.7,77.1,78.4,90.8,73.7,70.0,88.4,0.1700000000000003,98.3,8.0,,,,
lnr_2645,2645,pascal-cotet,https://cdn.lnr.fr/joueur/2645-pascal-cotet/photo/photoFull.1d6a32f7ce4a12d423552fb50b73687ec52ba345,Pascal Cotet,Bayonne,BAY,FRONT_ROW,1ère ligne,2023-2024,7,257.0,36.7,15.56,,,0.0,,,,0.0,0.0,,,0.0,,,,,lnr,30.0,184.0,123.0,France,94.35897435897436,96.09375,78.8,73.3,0.707,0,0,5,95,30,93,,26.1,↘,5,"[0, 64.2, 39.4, 19.7, 26.0]",100,2.61,1ère Ligne,1L,71,Moyenne,True,Basse,False,17,85.6,,,,,,,,,,,,0.0,94.7,12.0,,,,
lnr_415,415,paul-abadie,https://cdn.lnr.fr/joueur/415-paul-abadie/photo/photoFull.af05d90330b88b7be458e288b68ca734babbf81c,Paul Abadie,Bordeaux,BOR,SCRUM_HALF,Demi de mêlée,2023-2024,22,699.0,31.8,8.58,,,0.0,,,,0.23,0.34,,,0.34,,,,,lnr,29.0,176.0,88.0,France,90.25641025641026,68.75,61.2,63.8,1.0,26,9,11,76,30,93,0.34,52.1,↗,5,"[53.6, 34.9, 37.3, 50.4, 89.7]",100,2.96,Demi de mêlée,9,100,Haute,False,Moyenne,False,11,60.0,,,,,,,,,,,,0.0,58.1,12.0,,,,
lnr_1017,1017,paul-boudehent,https://cdn.lnr.fr/joueur/1017-paul-boudehent/photo/photoFull.7cb6d3e8fb1a9ef473f9440830017cd30be5f626,Paul Boudehent,La Rochelle,LRO,BACK_ROW,3ème ligne,2023-2024,10,618.0,61.8,8.28,,,0.0,,,,0.39,0.39,,,0.0,,,,,lnr,24.0,192.0,107.0,France,98.46153846153848,83.59375,56.0,57.6,1.0,80,34,5,3,30,93,,39.0,↘,5,"[85.0, 44.5, 67.0, 22.9, 39.3]",100,0.5,3ème Ligne,3L,100,Haute,False,Moyenne,False,43,12.5,,,,,,,,,,,,0.0,98.7,10.0,,,,
lnr_2427,2427,paul-costes,https://cdn.lnr.fr/joueur/2427-paul-costes/photo/photoFull.a2503fca1a2646233602741328f9c3f7893fa1e1,Paul Costes,Toulouse,TLS,CENTRE,Centre,2023-2024,16,778.0,48.6,7.61,,,0.1,,,,0.51,1.75,,,0.51,,,,,lnr,21.0,182.0,85.0,France,93.33333333333331,66.40625,77.4,72.1,1.0,65,95,23,86,40,81,,19.5,↗,5,"[28.8, 0, 16.4, 37.3, 18.3]",100,-1.03,Centre,CTR,100,Haute,False,Moyenne,False,3,92.6,,,,,,,,,,,,0.0,68.4,10.0,,,,
lnr_687,687,paul-jedrasiak,https://cdn.lnr.fr/joueur/687-paul-jedrasiak/photo/photoFull.50e0d211418fb8267083232d5e5561b6e88fe79f,Paul Jedrasiak,Clermont,CLR,LOCK,2ème ligne,2023-2024,13,506.0,38.9,7.91,,,0.0,,,,0.0,0.47,,,0.0,,,,,lnr,31.0,,121.0,France,0.0,94.53125,45.7,66.6,0.922,0,41,5,0,30,13,,46.8,↗,5,"[11.8, 50.0, 45.6, 60.9, 65.3]",100,2.0,2ème Ligne,2L,92,Haute,False,Moyenne,False,36,16.7,77.7,France,10.0,cluster_1,73.3,76.2,50.0,84.1,79.4,61.0,82.4,0.2700000000000003,98.9,6.0,,,,
lnr_2485,2485,paul-mallez,https://cdn.lnr.fr/joueur/2485-paul-mallez/photo/photoFull.a2503fca1a2646233602741328f9c3f7893fa1e1,Paul Mallez,Toulouse,TLS,FRONT_ROW,1ère ligne,2023-2024,6,105.0,17.5,12.19,,,1.52,,,,0.76,0.0,,,0.0,,,,,lnr,23.0,180.0,116.0,France,92.3076923076923,90.625,82.5,76.5,0.57,95,0,5,69,68,89,,57.9,↗,5,"[36.3, 23.6, 39.4, 44.3, 100]",100,-0.16,1ère Ligne,1L,57,Basse,True,Basse,True,7,94.6,,,,,,,,,,,,0.0,61.4,6.0,,,,
lnr_1094,1094,paulo-tafili,https://cdn.lnr.fr/joueur/1094-paulo-tafili/photo/photoFull.c13853c24f9a438203d2dc57b45e48161a549ae5,Paulo Tafili,Lyon,LOU,FRONT_ROW,1ère ligne,2023-2024,11,385.0,35.0,13.3,,,0.83,,,,0.0,0.0,,,0.0,,,,,lnr,,,,,0.0,0.0,69.1,69.2,0.821,0,0,5,84,68,0,,50.0,→,0,[],100,0.0,1ère Ligne,1L,82,Haute,False,Basse,False,45,60.4,,,,,,,,,,,,0.0,,,,,,
lnr_2461,2461,peato-mauvaka,https://cdn.lnr.fr/joueur/2461-peato-mauvaka/photo/photoFull.a2503fca1a2646233602741328f9c3f7893fa1e1,Peato Mauvaka,Toulouse,TLS,FRONT_ROW,1ère ligne,2023-2024,12,512.0,42.7,9.38,,,0.47,,,,0.16,0.47,,,3.91,,,,,lnr,27.0,184.0,112.0,France,94.35897435897436,87.5,74.3,76.8,0.927,73,56,95,32,58,87,,74.1,↗,4,"[62.8, 61.9, 95.7, 100]",100,2.61,1ère Ligne,1L,93,Haute,False,Moyenne,False,6,95.5,73.1,France,20.0,cluster_1,69.6,57.6,50.0,92.4,70.7,75.9,83.3,0.0,24.6,4.0,,,,
lnr_1757,1757,peniasi-dakuwaqa,https://cdn.lnr.fr/joueur/1757-peniasi-dakuwaqa/photo/photoFull.af05d90330b88b7be458e288b68ca734babbf81c,Peniasi Dakuwaqa,Paris,SFP,FULLBACK,Arrière,2023-2024,15,904.0,60.3,4.69,,,0.0,,,,1.42,0.62,,,2.65,,,,,lnr,,,,,0.0,0.0,70.0,67.4,1.0,95,51,62,63,30,0,2.65,28.5,↗,5,"[12.4, 6.0, 28.8, 36.0, 43.9]",100,0.0,Arrière,ARR,100,Haute,False,Bonne,False,6,68.8,,,,,,,,,,,,0.0,45.4,15.0,,,,
lnr_279,279,pierre-bochaton,https://cdn.lnr.fr/joueur/279-pierre-bochaton/photo/photoFull.9db3e1c64b0fa647759e691550b9e8351884f243,Pierre Bochaton,Bordeaux,BOR,LOCK,2ème ligne,2023-2024,16,940.0,58.8,10.98,,,0.17,,,,0.43,0.09,,,0.85,,,,,lnr,22.0,197.0,103.0,France,100.0,80.46875,67.2,67.1,1.0,95,8,85,43,41,96,,46.0,↗,5,"[54.3, 35.4, 58.0, 51.8, 57.6]",100,-0.67,2ème Ligne,2L,100,Haute,False,Bonne,False,15,66.7,,,,,,,,,,,,0.0,52.3,10.0,,,,
lnr_974,974,pierre-boudehent,https://cdn.lnr.fr/joueur/974-pierre-boudehent/photo/photoFull.55223152d2bdf719adae33c3f4ef18c348eed132,Pierre Boudehent,Paris,SFP,FLY_HALF,Demi d'ouverture,2023-2024,12,501.0,41.8,7.66,,,0.0,,,,0.16,0.16,,,0.0,,,,,lnr,,,,,0.0,0.0,52.6,54.1,0.918,17,16,5,95,30,0,0.0,50.0,→,0,[],100,0.0,Ouvreur,10,92,Haute,False,Moyenne,False,22,4.5,,,,,,,,,,,,0.0,,,,,,
lnr_999,999,pierre-bourgarit,https://cdn.lnr.fr/joueur/999-pierre-bourgarit/photo/photoFull.7cb6d3e8fb1a9ef473f9440830017cd30be5f626,Pierre Bourgarit,La Rochelle,LRO,FRONT_ROW,1ère ligne,2023-2024,4,218.0,54.5,7.34,,,0.37,,,,0.73,0.37,,,5.5,,,,,lnr,26.0,184.0,108.0,France,94.35897435897436,84.375,68.0,69.4,0.668,95,44,95,5,52,84,,46.7,→,4,"[54.7, 62.9, 42.2, 57.7]",100,2.0,1ère Ligne,1L,67,Moyenne,True,Basse,True,42,63.1,73.1,France,7.0,cluster_1,76.0,56.6,50.0,70.3,81.1,70.1,88.7,0.0,73.4,4.0,,,,
lnr_637,637,pierre-colonna,https://cdn.lnr.fr/joueur/637-pierre-colonna/photo/photoFull.50e0d211418fb8267083232d5e5561b6e88fe79f,Pierre Colonna,Castres,CAS,FRONT_ROW,1ère ligne,2023-2024,7,257.0,36.7,7.16,,,0.0,,,,0.31,0.62,,,0.0,,,,,lnr,22.0,188.0,113.0,France,96.4102564102564,88.28125,61.7,63.9,0.707,95,74,5,3,30,88,,41.2,↗,5,"[42.7, 41.2, 23.6, 62.1, 52.0]",100,-0.67,1ère Ligne,1L,71,Moyenne,True,Basse,False,81,27.0,,,,,,,,,,,,0.0,93.6,7.0,,,,
lnr_2456,2456,pierre-fouyssac,https://cdn.lnr.fr/joueur/2456-pierre-fouyssac/photo/photoFull.b5e9990d9a31ede8327da9bafe6aeb896ea144f3,Pierre Fouyssac,Clermont,CLR,WINGER,Ailier,2023-2024,11,656.0,59.6,6.95,,,0.73,,,,0.73,0.73,,,1.22,,,,,lnr,29.0,189.0,101.0,France,96.92307692307692,78.90625,80.3,77.0,1.0,55,62,47,95,68,96,1.22,34.3,↘,4,"[57.8, 39.3, 33.3, 36.3]",100,2.96,Ailier,AIL,100,Haute,False,Moyenne,False,1,100.0,,,,,,,,,,,,0.0,76.9,4.0,,,,
lnr_1415,1415,pierre-lucas,https://cdn.lnr.fr/joueur/1415-pierre-lucas/photo/photoFull.63f02d5f7b00d1429cb1de8aa98d311d3cf445ea,Pierre Lucas,Montpellier,MHR,CENTRE,Centre,2023-2024,5,176.0,35.2,7.73,,,0.45,,,,0.0,0.45,,,0.0,,,,,lnr,,,,,0.0,0.0,63.1,65.7,0.626,0,48,5,89,68,0,,50.0,→,0,[],100,0.0,Centre,CTR,63,Moyenne,True,Basse,False,19,47.1,,,,,,,,,,,,0.0,,,,,,
lnr_754,754,pierre-pacheco,https://cdn.lnr.fr/joueur/754-pierre-pacheco/photo/photoFull.c13853c24f9a438203d2dc57b45e48161a549ae5,Pierre Pacheco,Lyon,LOU,BACK_ROW,3ème ligne,2023-2024,7,204.0,29.1,16.08,,,0.39,,,,0.0,0.0,,,0.0,,,,,lnr,,,,,0.0,0.0,67.7,68.5,0.654,0,0,5,95,47,0,,50.0,→,0,[],100,0.0,3ème Ligne,3L,65,Moyenne,True,Basse,False,25,50.0,,,,,,,,,,,,0.0,,,,,,
lnr_1996,1996,piula-faasalele,https://cdn.lnr.fr/joueur/1996-piula-faasalele/photo/photoFull.df70eb994b7734bdf40e01b850e18c98079124f9,Piula Faasalele,Toulouse,TLS,BACK_ROW,3ème ligne,2023-2024,20,971.0,48.5,10.88,,,0.58,,,,0.08,0.25,,,0.41,,,,,lnr,,,,,0.0,0.0,63.2,63.3,1.0,16,22,22,47,55,0,,50.0,→,0,[],100,0.0,3ème Ligne,3L,100,Haute,False,Bonne,False,35,29.2,75.6,SAMOA,12.0,cluster_0,62.1,64.3,50.0,89.1,85.5,54.5,86.4,0.0599999999999994,,,,,,
lnr_592,592,quentin-walcker,https://cdn.lnr.fr/joueur/592-quentin-walcker/photo/photoFull.50e0d211418fb8267083232d5e5561b6e88fe79f,Quentin Walcker,Castres,CAS,FRONT_ROW,1ère ligne,2023-2024,7,286.0,40.9,10.63,,,0.56,,,,0.0,0.0,,,0.0,,,,,lnr,28.0,181.0,109.0,France,92.82051282051282,85.15625,74.2,72.6,0.736,0,0,5,48,64,85,,40.7,↗,5,"[27.0, 26.0, 62.6, 46.9, 50.8]",100,2.96,1ère Ligne,1L,74,Moyenne,True,Basse,False,22,81.1,,,,,,,,,,,,0.0,100.0,9.0,,,,
lnr_2499,2499,richard-tamanui-arnold,https://cdn.lnr.fr/joueur/2499-richard-tamanui-arnold/photo/photoFull.58e6e4b7761b3420a57c37233cfce5ad6a1e7fad,R. Arnold,Toulouse,TLS,LOCK,2ème ligne,2023-2024,18,995.0,55.3,8.84,,,0.08,,,,0.24,0.64,,,0.4,,,,,lnr,,,,,0.0,0.0,50.2,50.2,1.0,72,55,40,10,35,0,,50.0,→,0,[],100,0.0,2ème Ligne,2L,100,Haute,False,Bonne,False,39,9.5,71.7,Australie,48.0,cluster_1,63.2,57.2,50.0,87.4,74.9,55.3,84.6,0.0,,,,,,
lnr_1223,1223,romain-latterrade,https://cdn.lnr.fr/joueur/1223-romain-latterrade/photo/photoFull.6fc701688372b38c2cd93e972d93fc323ab7f457,R. Latterrade,Bordeaux,BOR,FRONT_ROW,1ère ligne,2023-2024,17,510.0,30.0,10.04,,,0.63,,,,0.0,0.31,,,2.35,,,,,lnr,,,,,0.0,0.0,60.5,61.2,0.925,0,37,95,41,68,0,,50.0,→,0,[],100,0.0,1ère Ligne,1L,92,Haute,False,Moyenne,False,94,16.2,,,,,,,,,,,,0.0,,,,,,
lnr_1093,1093,romain-taofifenua,https://cdn.lnr.fr/joueur/1093-romain-taofifenua/photo/photoFull.8b942e992ebb42fdd1ca819c8cb833427c776cef,R. Taofifenua,Lyon,LOU,LOCK,2ème ligne,2023-2024,15,834.0,55.6,9.78,,,0.58,,,,0.0,0.86,,,0.96,,,,,lnr,33.0,,138.0,France,0.0,100.0,61.1,60.7,1.0,0,74,95,25,68,15,,30.6,→,5,"[36.8, 36.2, 20.3, 23.1, 47.8]",100,0.5,2ème Ligne,2L,100,Haute,False,Bonne,False,25,41.7,73.1,France,35.0,cluster_1,66.2,74.1,50.0,90.6,69.4,62.7,85.2,0.0,15.8,11.0,,,,
lnr_2381,2381,rayan-rebbadj,https://cdn.lnr.fr/joueur/2381-rayan-rebbadj/photo/photoFull.26dec662e84c737005260a65b33966bd7438db17,Rayan Rebbadj,Toulon,TLN,CENTRE,Centre,2023-2024,2,160.0,80.0,2.5,,,0.0,,,,0.5,0.0,,,0.0,,,,,lnr,24.0,190.0,93.0,France,97.43589743589745,72.65625,57.8,61.1,0.61,64,0,5,0,30,87,,22.6,↘,4,"[36.8, 5.9, 0, 47.1]",100,0.5,Centre,CTR,61,Moyenne,True,Basse,True,26,25.0,,,,,,,,,,,,0.0,47.4,4.0,,,,
lnr_1000,1000,reda-wardi,https://cdn.lnr.fr/joueur/1000-reda-wardi/photo/photoFull.7cb6d3e8fb1a9ef473f9440830017cd30be5f626,Reda Wardi,La Rochelle,LRO,FRONT_ROW,1ère ligne,2023-2024,11,622.0,56.5,12.09,,,0.0,,,,0.0,0.0,,,0.64,,,,,lnr,28.0,185.0,110.0,France,94.87179487179486,85.9375,69.8,71.7,1.0,0,0,27,68,30,86,,60.3,↗,5,"[60.9, 44.5, 38.0, 83.7, 88.9]",100,2.96,1ère Ligne,1L,100,Haute,False,Moyenne,False,27,76.6,,,,,,,,,,,,0.0,44.5,13.0,,,,
lnr_11684,11684,reece-hodge,https://cdn.lnr.fr/joueur/11684-reece-hodge/photo/photoFull.1d6a32f7ce4a12d423552fb50b73687ec52ba345,Reece Hodge,Bayonne,BAY,FULLBACK,Arrière,2023-2024,6,365.0,60.8,4.82,,,0.0,,,,1.32,0.44,,,2.19,,,,,lnr,,,,,0.0,0.0,67.7,68.2,0.804,95,32,51,65,30,0,2.19,50.0,→,0,[],100,0.0,Arrière,ARR,80,Haute,False,Basse,False,4,81.2,65.7,Australie,98.0,cluster_1,69.0,57.4,60.3,86.7,84.3,66.3,92.4,0.0,,,,,,
lnr_12001,12001,robin-couly,https://cdn.lnr.fr/joueur/12001-robin-couly/photo/photoFull.58be6a2ad681cc5ced7d547fac090a3dc6591f6f,Robin Couly,Clermont,CLR,FRONT_ROW,1ère ligne,2023-2024,8,160.0,20.0,12.0,,,0.0,,,,0.0,0.0,,,0.0,,,,,lnr,,,,,0.0,0.0,54.3,65.6,0.61,0,0,5,66,30,0,,76.4,→,1,[90.5],100,0.0,1ère Ligne,1L,61,Moyenne,True,Basse,False,69,38.3,,,,,,,,,,,,0.0,,,,,,
lnr_462,462,rodrigo-bruni,https://cdn.lnr.fr/joueur/462-rodrigo-bruni/photo/photoFull.1d6a32f7ce4a12d423552fb50b73687ec52ba345,Rodrigo Bruni,Bayonne,BAY,BACK_ROW,3ème ligne,2023-2024,9,436.0,48.4,10.09,,,0.92,,,,0.18,0.55,,,0.0,,,,,lnr,30.0,187.0,109.0,Argentine,95.8974358974359,85.15625,78.3,76.4,0.863,37,48,5,33,68,94,,49.4,↗,5,"[62.6, 39.3, 51.1, 74.6, 53.3]",100,2.61,3ème Ligne,3L,86,Haute,False,Moyenne,False,7,87.5,63.4,Argentine,38.0,cluster_1,50.1,52.1,50.0,66.5,86.0,52.0,70.0,0.0,55.3,14.0,,,,
lnr_2436,2436,romain-ntamack,https://cdn.lnr.fr/joueur/2436-romain-ntamack/photo/photoFull.a2503fca1a2646233602741328f9c3f7893fa1e1,Romain Ntamack,Toulouse,TLS,FLY_HALF,Demi d'ouverture,2023-2024,4,254.0,63.5,4.72,,,0.0,,,,0.94,0.0,,,0.63,,,,,lnr,24.0,186.0,91.0,France,95.3846153846154,71.09375,56.5,72.6,0.704,95,0,5,33,30,94,0.63,24.0,↘,5,"[49.1, 36.7, 35.4, 13.7, 21.6]",100,0.5,Ouvreur,10,70,Moyenne,True,Basse,True,16,31.8,83.0,France,36.0,cluster_1,77.4,82.2,86.8,91.6,76.4,80.6,93.0,0.8,51.7,11.0,,,,
lnr_1891,1891,romain-ruffenach,https://cdn.lnr.fr/joueur/1891-romain-ruffenach/photo/photoFull.66c8481f41dae2c760111c9de7f76f50fdc806b3,Romain Ruffenach,Pau,PAU,FRONT_ROW,1ère ligne,2023-2024,11,353.0,32.1,11.56,,,0.45,,,,0.0,0.23,,,0.0,,,,,lnr,,,,,0.0,0.0,61.0,62.9,0.794,0,27,5,61,57,0,,50.0,→,0,[],100,0.0,1ère Ligne,1L,79,Haute,False,Basse,False,88,21.6,,,,,,,,,,,,0.0,,,,,,
lnr_1804,1804,ryan-chapuis,https://cdn.lnr.fr/joueur/1804-ryan-chapuis/photo/photoFull.0d105085f705532550693973c5545a1d4e020463,Ryan Chapuis,Paris,SFP,BACK_ROW,3ème ligne,2023-2024,12,402.0,33.5,15.92,,,0.2,,,,0.0,0.0,,,0.0,,,,,lnr,26.0,190.0,105.0,France,97.43589743589745,82.03125,72.0,71.9,0.835,0,0,5,95,39,92,,49.3,↘,5,"[47.1, 100, 57.6, 0, 82.0]",100,2.0,3ème Ligne,3L,84,Haute,False,Moyenne,False,11,79.2,,,,,,,,,,,,0.0,97.8,4.0,,,,
lnr_1889,1889,remi-seneca,https://cdn.lnr.fr/joueur/1889-remi-seneca/photo/photoFull.bf4a801945c52387138b3325d9dd3bcf510292ab,Rémi Seneca,Pau,PAU,FRONT_ROW,1ère ligne,2023-2024,11,413.0,37.5,10.65,,,0.0,,,,0.19,0.0,,,0.0,,,,,lnr,29.0,185.0,113.0,France,94.87179487179486,88.28125,68.7,72.3,0.844,86,0,5,49,30,87,,67.8,↗,5,"[81.0, 39.4, 83.9, 100, 56.5]",100,2.96,1ère Ligne,1L,84,Haute,False,Moyenne,False,23,80.2,,,,,,,,,,,,0.0,98.1,9.0,,,,
lnr_1736,1736,sergo-abramishvili,https://cdn.lnr.fr/joueur/1736-sergo-abramishvili/photo/photoFull.af05d90330b88b7be458e288b68ca734babbf81c,S. Abramishvili,Paris,SFP,FRONT_ROW,1ère ligne,2023-2024,17,823.0,48.4,8.65,,,0.29,,,,0.0,0.19,,,0.97,,,,,lnr,20.0,184.0,105.0,Géorgie,94.35897435897436,82.03125,62.3,63.6,1.0,0,23,40,22,48,82,,50.2,↗,5,"[62.8, 33.0, 85.3, 68.7, 45.4]",100,-1.25,1ère Ligne,1L,100,Haute,False,Bonne,False,85,24.3,,,,,,,,,,,,0.0,98.2,6.0,,,,
lnr_1747,1747,stephane-ahmed,https://cdn.lnr.fr/joueur/1747-stephane-ahmed/photo/photoFull.7260593a1939529b8f58882fcd9327e3deee5c0d,S. Ahmed,Paris,SFP,WINGER,Ailier,2023-2024,4,313.0,78.2,4.35,,,0.26,,,,0.51,0.26,,,1.28,,,,,lnr,25.0,182.0,83.0,France,93.33333333333331,64.84375,65.0,64.2,0.761,38,22,50,31,66,84,1.28,22.7,↗,5,"[25.5, 11.8, 29.2, 30.6, 22.8]",100,1.26,Ailier,AIL,76,Haute,False,Basse,True,14,43.5,,,,,,,,,,,,0.0,57.1,6.0,,,,
lnr_555,555,santiago-arata-perrone,https://cdn.lnr.fr/joueur/555-santiago-arata-perrone/photo/photoFull.bf7e6b3668f1d7c40821cbfca4c5f267bcf81dfe,S. Arata Perrone,Castres,CAS,SCRUM_HALF,Demi de mêlée,2023-2024,19,958.0,50.4,8.1,,,0.33,,,,0.58,1.09,,,2.25,,,,,lnr,27.0,174.0,75.0,Italie,89.23076923076924,58.59375,72.5,69.6,1.0,65,83,70,68,65,84,2.25,25.7,↘,5,"[8.7, 73.4, 46.0, 18.0, 16.2]",100,2.61,Demi de mêlée,9,100,Haute,False,Bonne,False,3,92.0,60.2,URUG,32.0,cluster_0,50.0,50.0,50.0,77.0,100.0,56.6,88.8,0.0,61.6,13.0,,,,
lnr_426,426,setareki-bituniyata,https://cdn.lnr.fr/joueur/426-setareki-bituniyata/photo/photoFull.6fc701688372b38c2cd93e972d93fc323ab7f457,S. Bituniyata,Toulouse,TLS,WINGER,Ailier,2023-2024,14,831.0,59.4,4.43,,,0.0,,,,0.87,1.06,,,1.44,,,,,lnr,,,,,0.0,0.0,69.7,69.7,1.0,66,90,56,34,30,0,1.44,50.0,→,0,[],100,0.0,Ailier,AIL,100,Haute,False,Bonne,False,9,65.2,,,,,,,,,,,,0.0,,,,,,
lnr_1423,1423,simon-pierre-chauvac,https://cdn.lnr.fr/joueur/1423-simon-pierre-chauvac/photo/photoFull.5130516f3d5f5fbc23b3eaab6efe1a2b3082c3df,S. Chauvac,Pau,PAU,FRONT_ROW,1ère ligne,2023-2024,9,419.0,46.6,14.13,,,0.19,,,,0.19,0.0,,,0.0,,,,,lnr,,,,,0.0,0.0,63.8,64.8,0.849,86,0,5,94,42,0,,50.0,→,0,[],100,0.0,1ère Ligne,1L,85,Haute,False,Moyenne,False,78,30.6,,,,,,,,,,,,0.0,,,,,,
lnr_2397,2397,santiago-chocobares,https://cdn.lnr.fr/joueur/2397-santiago-chocobares/photo/photoFull.a2503fca1a2646233602741328f9c3f7893fa1e1,S. Chocobares,Toulouse,TLS,CENTRE,Centre,2023-2024,10,615.0,61.5,8.2,,,0.0,,,,0.52,0.78,,,2.6,,,,,lnr,25.0,188.0,100.0,Argentine,96.4102564102564,78.125,76.5,72.3,1.0,67,89,95,95,30,91,,23.8,→,5,"[6.3, 33.9, 34.7, 19.0, 28.8]",100,1.26,Centre,CTR,100,Haute,False,Moyenne,False,2,97.1,62.8,Argentine,20.0,cluster_1,58.2,57.3,50.0,87.9,90.9,54.6,94.1,0.0,78.4,8.0,,,,
lnr_12000,12000,santiago-medrano,https://cdn.lnr.fr/joueur/12000-santiago-medrano/photo/photoFull.fe5b6edecb877fb4ff7853edcd6a3662574bc87d,S. Medrano,Lyon,LOU,FRONT_ROW,1ère ligne,2023-2024,2,79.0,39.5,19.24,,,0.0,,,,0.0,0.0,,,0.0,,,,,lnr,,,,,0.0,0.0,62.5,65.9,0.553,0,0,5,95,30,0,,50.0,→,0,[],100,0.0,1ère Ligne,1L,55,Basse,True,Basse,True,64,42.8,73.5,Argentine,63.0,cluster_1,57.7,50.0,50.0,89.7,80.5,52.1,86.2,0.0,,,,,,
lnr_1821,1821,sefanaia-naivalu,https://cdn.lnr.fr/joueur/1821-sefanaia-naivalu/photo/photoFull.1f75a2a9ddd89799fc877d5c192b6ffeb86f7691,S. Naivalu,Paris,SFP,WINGER,Ailier,2023-2024,1,54.0,54.0,11.85,,,0.0,,,,0.0,0.0,,,0.0,,,,,lnr,,,,,0.0,0.0,52.0,60.4,0.536,0,0,5,95,30,0,0.0,50.0,→,0,[],100,0.0,Ailier,AIL,54,Basse,True,Basse,True,19,21.7,65.5,Australie,19.0,cluster_1,66.5,54.6,50.0,90.3,90.8,66.6,86.3,0.0,,,,,,
lnr_1100,1100,sebastien-taofifenua,https://cdn.lnr.fr/joueur/1100-sebastien-taofifenua/photo/photoFull.6fc701688372b38c2cd93e972d93fc323ab7f457,S. Taofifenua,Lyon,LOU,FRONT_ROW,1ère ligne,2023-2024,10,429.0,42.9,11.93,,,0.0,,,,0.0,0.0,,,0.0,,,,,lnr,,,,,0.0,0.0,54.2,56.4,0.858,0,0,5,65,30,0,,50.0,→,0,[],100,0.0,1ère Ligne,1L,86,Haute,False,Moyenne,False,110,1.8,,,,,,,,,,,,0.0,,,,,,
lnr_1850,1850,siate-folau-tokolahi,https://cdn.lnr.fr/joueur/1850-siate-folau-tokolahi/photo/photoFull.bf4a801945c52387138b3325d9dd3bcf510292ab,S. Tokolahi,Pau,PAU,FRONT_ROW,1ère ligne,2023-2024,21,912.0,43.4,11.67,,,0.0,,,,0.0,0.0,,,0.44,,,,,lnr,32.0,179.0,123.0,Tonga,91.7948717948718,96.09375,68.6,69.3,1.0,0,0,18,62,30,93,,51.4,↘,5,"[15.8, 87.1, 20.7, 45.4, 90.5]",100,1.26,1ère Ligne,1L,100,Haute,False,Bonne,False,43,61.7,,,,,,,,,,,,0.0,95.5,9.0,,,,
lnr_947,947,sacha-idoumi,https://cdn.lnr.fr/joueur/947-sacha-idoumi/photo/photoFull.d303b4e754d5628447799261cf17492ebc23d137,Sacha Idoumi,La Rochelle,LRO,FRONT_ROW,1ère ligne,2023-2024,7,142.0,20.3,10.7,,,0.0,,,,0.0,0.0,,,0.0,,,,,lnr,,,,,0.0,0.0,51.4,58.9,0.595,0,0,5,49,30,0,,50.0,→,0,[],100,0.0,1ère Ligne,1L,60,Basse,True,Basse,True,104,7.2,,,,,,,,,,,,0.0,,,,,,
lnr_2023,2023,sacha-lotrian,https://cdn.lnr.fr/joueur/2023-sacha-lotrian/photo/photoFull.b5e9990d9a31ede8327da9bafe6aeb896ea144f3,Sacha Lotrian,Perpignan,PER,FRONT_ROW,1ère ligne,2023-2024,19,800.0,42.1,11.5,,,0.0,,,,0.2,0.1,,,0.0,,,,,lnr,23.0,180.0,100.0,France,92.3076923076923,78.125,66.7,65.7,1.0,91,12,5,60,30,79,,36.3,↘,5,"[68.7, 33.6, 27.3, 36.2, 47.8]",100,-0.16,1ère Ligne,1L,100,Haute,False,Moyenne,False,67,40.1,,,,,,,,,,,,0.0,48.5,9.0,,,,
lnr_1914,1914,sacha-zegueur,https://cdn.lnr.fr/joueur/1914-sacha-zegueur/photo/photoFull.bf4a801945c52387138b3325d9dd3bcf510292ab,Sacha Zegueur,Pau,PAU,BACK_ROW,3ème ligne,2023-2024,19,998.0,52.5,14.59,,,0.08,,,,0.24,0.64,,,0.8,,,,,lnr,24.0,192.0,105.0,France,98.46153846153848,82.03125,72.8,71.3,1.0,49,56,44,95,33,92,,41.4,↘,5,"[81.7, 81.7, 77.9, 26.0, 28.0]",100,0.5,3ème Ligne,3L,100,Haute,False,Bonne,False,14,71.9,,,,,,,,,,,,0.0,96.3,17.0,,,,
lnr_1973,1973,sadek-deghmache,https://cdn.lnr.fr/joueur/1973-sadek-deghmache/photo/photoFull.63f02d5f7b00d1429cb1de8aa98d311d3cf445ea,Sadek Deghmache,Perpignan,PER,SCRUM_HALF,Demi de mêlée,2023-2024,18,756.0,42.0,6.35,,,0.11,,,,0.53,1.16,,,1.06,,,,,lnr,,,,,0.0,0.0,62.2,62.2,1.0,59,89,33,41,42,0,1.06,50.0,→,0,[],100,0.0,Demi de mêlée,9,100,Haute,False,Moyenne,False,13,50.0,,,,,,,,,,,,0.0,,,,,,
lnr_2000,2000,shahn-eru,https://cdn.lnr.fr/joueur/2000-shahn-eru/photo/photoFull.cba60bf104e3b342ceb7eeb5d08c240acb54484b,Shahn Eru,Perpignan,PER,LOCK,2ème ligne,2023-2024,7,148.0,21.1,11.89,,,0.0,,,,0.0,0.0,,,0.0,,,,,lnr,,,,,0.0,0.0,51.9,59.2,0.599,0,0,5,58,30,0,,50.0,→,0,[],100,0.0,2ème Ligne,2L,60,Basse,True,Basse,True,28,35.7,,,,,,,,,,,,0.0,,,,,,
lnr_966,966,simeli-daunivucu,https://cdn.lnr.fr/joueur/966-simeli-daunivucu/photo/photoFull.7cb6d3e8fb1a9ef473f9440830017cd30be5f626,Simeli Daunivucu,La Rochelle,LRO,WINGER,Ailier,2023-2024,8,297.0,37.1,6.46,,,0.0,,,,0.54,0.27,,,1.35,,,,,lnr,19.0,180.0,85.0,Fidji,92.3076923076923,66.40625,62.4,63.7,0.747,40,23,52,89,30,85,1.35,39.8,→,5,"[21.6, 50.4, 23.6, 32.1, 70.1]",100,-1.38,Ailier,AIL,75,Moyenne,True,Basse,False,15,39.1,,,,,,,,,,,,0.0,63.0,4.0,,,,
lnr_311,311,sipili-falatea,https://cdn.lnr.fr/joueur/311-sipili-falatea/photo/photoFull.9db3e1c64b0fa647759e691550b9e8351884f243,Sipili Falatea,Bordeaux,BOR,FRONT_ROW,1ère ligne,2023-2024,4,185.0,46.2,9.95,,,0.0,,,,0.0,0.86,,,0.0,,,,,lnr,26.0,183.0,115.0,France,93.84615384615384,89.84375,69.4,69.9,0.635,0,95,5,39,30,88,,43.3,↗,5,"[36.2, 62.1, 91.1, 27.3, 44.7]",100,2.0,1ère Ligne,1L,64,Moyenne,True,Basse,True,36,68.5,68.6,France,11.0,cluster_1,71.7,70.1,50.0,85.1,61.6,69.2,81.5,0.0,48.1,7.0,,,,
lnr_2612,2612,sireli-maqala,https://cdn.lnr.fr/joueur/2612-sireli-maqala/photo/photoFull.1d6a32f7ce4a12d423552fb50b73687ec52ba345,Sireli Maqala,Bayonne,BAY,CENTRE,Centre,2023-2024,7,295.0,42.1,6.24,,,0.0,,,,0.81,0.27,,,1.36,,,,,lnr,,,,,0.0,0.0,66.1,65.4,0.745,95,26,61,55,30,0,,31.2,↘,5,"[21.0, 72.6, 32.7, 38.0, 24.9]",100,0.0,Centre,CTR,74,Moyenne,True,Basse,False,21,41.2,,,,,,,,,,,,0.0,0.0,15.0,,,,
lnr_2669,2669,swan-cormenier,https://cdn.lnr.fr/joueur/2669-swan-cormenier/photo/photoFull.1d6a32f7ce4a12d423552fb50b73687ec52ba345,Swan Cormenier,Bayonne,BAY,FRONT_ROW,1ère ligne,2023-2024,21,767.0,36.5,11.37,,,0.0,,,,0.0,0.31,,,0.0,,,,,lnr,28.0,175.0,118.0,France,89.74358974358975,92.1875,70.8,67.5,1.0,0,37,5,58,30,89,,18.9,↘,5,"[36.2, 31.2, 7.2, 18.3, 19.9]",100,2.96,1ère Ligne,1L,100,Haute,False,Moyenne,False,57,49.5,,,,,,,,,,,,0.0,34.9,6.0,,,,
lnr_2363,2363,swan-rebbadj,https://cdn.lnr.fr/joueur/2363-swan-rebbadj/photo/photoFull.2eaacbd11c12f10f571df4cbac07c560d1665acd,Swan Rebbadj,Toulon,TLN,LOCK,2ème ligne,2023-2024,10,408.0,40.8,12.35,,,0.59,,,,0.0,0.2,,,0.98,,,,,lnr,29.0,,115.0,France,0.0,89.84375,67.5,68.0,0.84,0,17,95,65,68,13,,38.8,↘,5,"[57.6, 56.5, 100, 9.5, 33.0]",100,2.96,2ème Ligne,2L,84,Haute,False,Moyenne,False,10,78.6,,,,,,,,,,,,0.0,94.7,10.0,,,,
lnr_1930,1930,thibault-debaes,https://cdn.lnr.fr/joueur/1930-thibault-debaes/photo/photoFull.55223152d2bdf719adae33c3f4ef18c348eed132,T. Debaes,Pau,PAU,FLY_HALF,Demi d'ouverture,2023-2024,2,50.0,25.0,3.2,,,0.0,,,,1.6,0.0,,,14.4,,,,,lnr,,,,,0.0,0.0,63.2,66.4,0.533,95,0,95,0,30,0,14.4,50.0,→,0,[],100,0.0,Ouvreur,10,53,Basse,True,Basse,True,5,81.8,,,,,,,,,,,,0.0,,,,,,
lnr_2676,2676,thomas-dolhagaray,https://cdn.lnr.fr/joueur/2676-thomas-dolhagaray/photo/photoFull.df70eb994b7734bdf40e01b850e18c98079124f9,T. Dolhagaray,Bayonne,BAY,FLY_HALF,Demi d'ouverture,2023-2024,10,125.0,12.5,5.12,,,0.0,,,,0.0,0.0,,,0.0,,,,,lnr,,,,,0.0,0.0,47.3,56.8,0.583,0,0,5,42,30,0,0.0,50.0,→,0,[],100,0.0,Ouvreur,10,58,Basse,True,Basse,True,19,15.9,,,,,,,,,,,,0.0,,,,,,
lnr_1982,1982,tristan-labouteley,https://cdn.lnr.fr/joueur/1982-tristan-labouteley/photo/photoFull.66c8481f41dae2c760111c9de7f76f50fdc806b3,T. Labouteley,Perpignan,PER,LOCK,2ème ligne,2023-2024,11,646.0,58.7,8.42,,,0.25,,,,0.0,0.25,,,0.0,,,,,lnr,,,,,0.0,0.0,48.5,48.5,1.0,0,22,5,4,47,0,,50.0,→,0,[],100,0.0,2ème Ligne,2L,100,Haute,False,Moyenne,False,41,4.8,,,,,,,,,,,,0.0,,,,,,
lnr_2200,2200,thomas-moukoro-abouem,https://cdn.lnr.fr/joueur/2200-thomas-moukoro-abouem/photo/photoFull.eff1aa9b4a9f2b351be13ae3eed38b31d19c422e,T. Moukoro Abouem,Racing 92,R92,FRONT_ROW,1ère ligne,2023-2024,3,135.0,45.0,7.11,,,0.0,,,,0.0,1.19,,,0.0,,,,,lnr,22.0,185.0,121.0,France,94.87179487179486,94.53125,61.8,68.6,0.59,0,95,5,2,30,92,,73.9,↗,5,"[100, 46.0, 87.1, 58.3, 100]",100,-0.67,1ère Ligne,1L,59,Basse,True,Basse,True,49,56.3,,,,,,,,,,,,0.0,99.1,15.0,,,,
lnr_2486,2486,theo-ntamack-muyenga,https://cdn.lnr.fr/joueur/2486-theo-ntamack-muyenga/photo/photoFull.a2503fca1a2646233602741328f9c3f7893fa1e1,T. Ntamack Muyenga,Toulouse,TLS,BACK_ROW,3ème ligne,2023-2024,14,663.0,47.4,11.58,,,0.12,,,,0.48,2.29,,,1.81,,,,,lnr,21.0,193.0,103.0,France,98.97435897435898,80.46875,70.8,69.2,1.0,95,95,95,58,35,91,,39.8,↘,5,"[91.4, 37.3, 96.2, 19.4, 30.9]",100,-1.03,3ème Ligne,3L,100,Haute,False,Moyenne,False,23,54.2,,,,,,,,,,,,0.0,8.6,10.0,,,,
lnr_903,903,tomaakino-taufa,https://cdn.lnr.fr/joueur/903-tomaakino-taufa/photo/photoFull.9db3e1c64b0fa647759e691550b9e8351884f243,T. Taufa,Bordeaux,BOR,FRONT_ROW,1ère ligne,2023-2024,10,345.0,34.5,6.96,,,0.93,,,,0.0,0.0,,,1.16,,,,,lnr,29.0,180.0,145.0,Tonga,92.3076923076923,100.0,72.7,69.7,0.788,0,0,48,0,68,99,,23.7,↘,4,"[84.5, 0, 12.9, 29.8]",100,2.96,1ère Ligne,1L,79,Haute,False,Basse,False,38,66.2,,,,,,,,,,,,0.0,0.0,4.0,,,,
lnr_336,336,tani-vili,https://cdn.lnr.fr/joueur/336-tani-vili/photo/photoFull.0d105085f705532550693973c5545a1d4e020463,Tani Vili,Bordeaux,BOR,CENTRE,Centre,2023-2024,5,192.0,38.4,5.42,,,0.42,,,,0.83,0.42,,,0.0,,,,,lnr,23.0,187.0,109.0,France,95.8974358974359,85.15625,79.1,72.1,0.642,95,44,5,36,68,96,,29.5,↗,5,"[28.8, 30.1, 47.8, 36.7, 25.3]",100,-0.16,Centre,CTR,64,Moyenne,True,Basse,False,3,92.6,,,,,,,,,,,,0.0,36.4,11.0,,,,
lnr_1122,1122,theo-william,https://cdn.lnr.fr/joueur/1122-theo-william/photo/photoFull.eff1aa9b4a9f2b351be13ae3eed38b31d19c422e,Theo William,Lyon,LOU,BACK_ROW,3ème ligne,2023-2024,11,591.0,53.7,11.78,,,0.14,,,,0.0,0.54,,,0.0,,,,,lnr,,,,,0.0,0.0,59.2,62.1,0.992,0,47,5,62,36,0,,55.7,↘,5,"[85.2, 59.1, 53.0, 72.6, 62.9]",100,0.0,3ème Ligne,3L,99,Haute,False,Moyenne,False,37,25.0,,,,,,,,,,,,0.0,95.6,19.0,,,,
lnr_2405,2405,thibaud-flament,https://cdn.lnr.fr/joueur/2405-thibaud-flament/photo/photoFull.a2503fca1a2646233602741328f9c3f7893fa1e1,Thibaud Flament,Toulouse,TLS,LOCK,2ème ligne,2023-2024,12,809.0,67.4,8.5,,,0.0,,,,0.2,0.49,,,0.0,,,,,lnr,26.0,,116.0,France,0.0,90.625,49.0,51.6,1.0,60,42,5,5,30,13,,32.0,↘,5,"[39.9, 21.0, 30.9, 47.8, 34.7]",100,2.0,2ème Ligne,2L,100,Haute,False,Bonne,False,37,14.3,76.6,France,15.0,cluster_1,90.8,66.9,50.0,90.2,68.6,100.0,80.2,0.1599999999999994,68.6,10.0,,,,
lnr_1101,1101,thibaut-regard,https://cdn.lnr.fr/joueur/1101-thibaut-regard/photo/photoFull.8e39a4ffde2d58962f9632bb5639326c8c077ac5,Thibaut Regard,Lyon,LOU,CENTRE,Centre,2023-2024,12,679.0,56.6,5.3,,,0.24,,,,0.24,0.47,,,1.18,,,,,lnr,30.0,180.0,95.0,France,92.3076923076923,74.21875,67.9,66.5,1.0,26,51,53,33,54,87,,30.5,↗,4,"[1.6, 48.6, 27.5, 43.2]",100,2.61,Centre,CTR,100,Haute,False,Moyenne,False,16,55.9,,,,,,,,,,,,0.0,92.2,4.0,,,,
lnr_984,984,thierry-paiva,https://cdn.lnr.fr/joueur/984-thierry-paiva/photo/photoFull.af05d90330b88b7be458e288b68ca734babbf81c,Thierry Paiva,La Rochelle,LRO,FRONT_ROW,1ère ligne,2023-2024,8,381.0,47.6,9.03,,,0.0,,,,0.0,0.0,,,1.05,,,,,lnr,28.0,184.0,115.0,France,94.35897435897436,89.84375,63.3,66.8,0.818,0,0,44,27,30,88,,51.2,↗,5,"[22.1, 77.1, 83.9, 100, 10.1]",100,2.96,1ère Ligne,1L,82,Haute,False,Basse,False,58,48.2,,,,,,,,,,,,0.0,88.7,11.0,,,,
lnr_1004,1004,thomas-berjon,https://cdn.lnr.fr/joueur/1004-thomas-berjon/photo/photoFull.7cb6d3e8fb1a9ef473f9440830017cd30be5f626,Thomas Berjon,La Rochelle,LRO,SCRUM_HALF,Demi de mêlée,2023-2024,19,613.0,32.3,6.92,,,0.13,,,,0.65,0.52,,,3.26,,,,,lnr,26.0,171.0,76.0,France,87.6923076923077,59.375,65.3,64.2,1.0,73,27,95,50,44,84,3.26,30.0,↘,5,"[44.3, 38.3, 19.3, 29.3, 39.4]",100,2.0,Demi de mêlée,9,100,Haute,False,Moyenne,False,8,72.0,,,,,,,,,,,,0.0,39.3,11.0,,,,
lnr_1935,1935,thomas-carol,https://cdn.lnr.fr/joueur/1935-thomas-carol/photo/photoFull.b948a9307d0771aeee5c40d614c45938eb2eb700,Thomas Carol,Pau,PAU,FULLBACK,Arrière,2023-2024,9,496.0,55.1,6.29,,,0.32,,,,0.65,0.16,,,0.0,,,,,lnr,,,,,0.0,0.0,63.7,67.2,0.913,37,1,5,95,68,0,0.0,65.3,→,1,[76.9],100,0.0,Arrière,ARR,91,Haute,False,Moyenne,False,7,62.5,,,,,,,,,,,,0.0,,,,,,
lnr_1445,1445,thomas-darmon,https://cdn.lnr.fr/joueur/1445-thomas-darmon/photo/photoFull.4cb2a4ab19ab443ff7739b68884b2f51b78c1bab,Thomas Darmon,Montpellier,MHR,FLY_HALF,Demi d'ouverture,2023-2024,15,810.0,54.0,8.3,,,0.1,,,,0.4,0.49,,,1.68,,,,,lnr,25.0,181.0,88.0,France,92.82051282051282,68.75,66.0,63.2,1.0,43,49,14,95,47,91,1.68,17.5,→,5,"[20.3, 17.0, 68.7, 15.8, 0]",100,1.26,Ouvreur,10,100,Haute,False,Bonne,False,9,63.6,,,,,,,,,,,,0.0,,,,,,
lnr_320,320,thomas-jolmes,https://cdn.lnr.fr/joueur/320-thomas-jolmes/photo/photoFull.bf4a801945c52387138b3325d9dd3bcf510292ab,Thomas Jolmes,Bordeaux,BOR,LOCK,2ème ligne,2023-2024,9,410.0,45.6,8.98,,,0.0,,,,0.2,1.17,,,0.0,,,,,lnr,28.0,,117.0,France,0.0,91.40625,54.2,61.9,0.842,60,95,5,13,30,13,,63.1,↗,5,"[91.9, 36.7, 100, 100, 45.4]",100,2.96,2ème Ligne,2L,84,Haute,False,Moyenne,False,24,45.2,,,,,,,,,,,,0.0,38.0,8.0,,,,
lnr_1707,1707,thomas-laclayat,https://cdn.lnr.fr/joueur/1707-thomas-laclayat/photo/photoFull.bf4a801945c52387138b3325d9dd3bcf510292ab,Thomas Laclayat,Racing 92,R92,FRONT_ROW,1ère ligne,2023-2024,17,723.0,42.5,6.42,,,0.55,,,,0.0,0.0,,,2.77,,,,,lnr,26.0,176.0,125.0,France,90.25641025641026,97.65625,65.2,63.3,1.0,0,0,95,0,63,94,,22.8,↘,5,"[55.9, 55.9, 30.0, 7.6, 16.4]",100,2.0,1ère Ligne,1L,100,Haute,False,Moyenne,False,86,23.4,,,,,,,,,,,,0.0,95.4,18.0,,,,
lnr_1024,1024,thomas-ployet,https://cdn.lnr.fr/joueur/1024-thomas-ployet/photo/photoFull.66c8481f41dae2c760111c9de7f76f50fdc806b3,Thomas Ployet,La Rochelle,LRO,LOCK,2ème ligne,2023-2024,12,239.0,19.9,11.38,,,0.33,,,,0.0,0.0,,,0.0,,,,,lnr,,,,,0.0,0.0,56.5,60.7,0.689,0,0,5,50,52,0,,50.0,→,0,[],100,0.0,2ème Ligne,2L,69,Moyenne,True,Basse,False,25,41.7,,,,,,,,,,,,0.0,,,,,,
lnr_2450,2450,thomas-ramos,https://cdn.lnr.fr/joueur/2450-thomas-ramos/photo/photoFull.a2503fca1a2646233602741328f9c3f7893fa1e1,Thomas Ramos,Toulouse,TLS,FULLBACK,Arrière,2023-2024,13,914.0,70.3,3.24,,,0.0,,,,1.05,1.31,,,13.57,,,,,lnr,28.0,178.0,87.0,France,91.28205128205128,67.96875,83.0,77.5,1.0,75,95,95,30,30,89,13.57,15.9,↗,5,"[6.3, 5.9, 2.0, 28.2, 21.1]",100,2.96,Arrière,ARR,100,Haute,False,Bonne,False,1,100.0,81.0,France,26.0,cluster_1,85.3,70.9,95.7,84.4,81.0,73.3,91.0,0.6,16.2,11.0,,,,
lnr_1132,1132,thomas-roziere,https://cdn.lnr.fr/joueur/1132-thomas-roziere/photo/photoFull.d303b4e754d5628447799261cf17492ebc23d137,Thomas Roziere,Clermont,CLR,FULLBACK,Arrière,2023-2024,9,556.0,61.8,4.17,,,0.0,,,,0.58,0.14,,,0.72,,,,,lnr,,,,,0.0,0.0,54.4,54.9,0.963,31,0,17,51,30,0,0.72,50.0,→,0,[],100,0.0,Arrière,ARR,96,Haute,False,Moyenne,False,14,18.8,,,,,,,,,,,,0.0,,,,,,
lnr_543,543,theo-chabouni,https://cdn.lnr.fr/joueur/543-theo-chabouni/photo/photoFull.bf7e6b3668f1d7c40821cbfca4c5f267bcf81dfe,Théo Chabouni,Castres,CAS,FULLBACK,Arrière,2023-2024,2,47.0,23.5,1.7,,,0.0,,,,0.0,0.0,,,0.0,,,,,lnr,,,,,0.0,0.0,44.6,54.3,0.531,0,0,5,0,30,0,0.0,8.9,↘,5,"[2.6, 19.6, 20.3, 0, 4.3]",100,0.0,Arrière,ARR,53,Basse,True,Basse,True,15,12.5,,,,,,,,,,,,0.0,54.0,16.0,,,,
lnr_11320,11320,theo-giral-1,https://cdn.lnr.fr/joueur/11320-theo-giral-1/photo/photoFull.fb26dc620384a6249e4f25079e745b2cf06fe9f6,Théo Giral,Clermont,CLR,FLY_HALF,Demi d'ouverture,2023-2024,8,120.0,15.0,5.33,,,0.0,,,,0.0,0.67,,,2.67,,,,,lnr,,,,,0.0,0.0,55.9,61.8,0.58,0,68,23,47,30,0,2.67,50.0,→,0,[],100,0.0,Ouvreur,10,58,Basse,True,Basse,True,13,45.5,,,,,,,,,,,,0.0,,,,,,
lnr_2753,2753,tom-spring,https://cdn.lnr.fr/joueur/2753-tom-spring/photo/photoFull.1d6a32f7ce4a12d423552fb50b73687ec52ba345,Tom Spring,Bayonne,BAY,FULLBACK,Arrière,2023-2024,17,551.0,32.4,2.03,,,0.0,,,,1.31,1.02,,,1.45,,,,,lnr,,,,,0.0,0.0,66.8,63.6,0.959,95,95,34,4,30,0,1.45,17.0,→,5,"[18.3, 13.7, 15.2, 28.8, 12.4]",100,0.0,Arrière,ARR,96,Haute,False,Moyenne,False,9,50.0,,,,,,,,,,,,0.0,19.1,18.0,,,,
lnr_1858,1858,tumua-manu,https://cdn.lnr.fr/joueur/1858-tumua-manu/photo/photoFull.bf4a801945c52387138b3325d9dd3bcf510292ab,Tumua Manu,Pau,PAU,CENTRE,Centre,2023-2024,9,671.0,74.6,7.99,,,0.12,,,,0.36,0.48,,,0.0,,,,,lnr,30.0,183.0,97.0,Nouvelle Zélande,93.84615384615384,75.78125,73.1,70.0,1.0,44,52,5,94,42,88,,25.4,→,3,"[14.6, 24.2, 37.3]",100,2.61,Centre,CTR,100,Haute,False,Moyenne,False,7,80.9,,,,,,,,,,,,0.0,49.3,3.0,,,,
lnr_550,550,tyler-ardron,https://cdn.lnr.fr/joueur/550-tyler-ardron/photo/photoFull.bf7e6b3668f1d7c40821cbfca4c5f267bcf81dfe,Tyler Ardron,Castres,CAS,LOCK,2ème ligne,2023-2024,13,957.0,73.6,7.86,,,0.17,,,,0.08,0.67,,,0.84,,,,,lnr,32.0,197.0,108.0,Canada,100.0,84.375,61.4,63.8,1.0,24,58,84,0,41,97,,53.8,↗,5,"[54.3, 45.8, 34.5, 100, 51.0]",100,1.26,2ème Ligne,2L,100,Haute,False,Bonne,False,20,54.8,,,,,,,,,,,,0.0,47.7,13.0,,,,
lnr_1046,1046,ugo-vignolles,https://cdn.lnr.fr/joueur/1046-ugo-vignolles/photo/photoFull.22d524affa325bfad2a5469bb23df8603fc2554d,Ugo Vignolles,Lyon,LOU,LOCK,2ème ligne,2023-2024,2,41.0,20.5,17.56,,,0.0,,,,0.0,0.0,,,0.0,,,,,lnr,,,,,0.0,0.0,65.5,67.6,0.527,0,0,5,95,30,0,,50.0,→,0,[],100,0.0,2ème Ligne,2L,53,Basse,True,Basse,True,13,71.4,,,,,,,,,,,,0.0,,,,,,
lnr_983,983,uini-atonio,https://cdn.lnr.fr/joueur/983-uini-atonio/photo/photoFull.7cb6d3e8fb1a9ef473f9440830017cd30be5f626,Uini Atonio,La Rochelle,LRO,FRONT_ROW,1ère ligne,2023-2024,15,705.0,47.0,5.56,,,0.11,,,,0.0,0.23,,,0.57,,,,,lnr,34.0,196.0,145.0,Nouvelle Zélande,100.0,100.0,59.2,57.0,1.0,0,27,24,0,37,100,,13.7,→,3,"[3.6, 26.0, 10.1]",100,-0.16,1ère Ligne,1L,100,Haute,False,Moyenne,False,109,2.7,66.8,France,39.0,cluster_1,71.8,57.1,50.0,89.5,61.2,50.5,87.8,0.0,91.1,3.0,,,,
lnr_1424,1424,vincent-giudicelli,https://cdn.lnr.fr/joueur/1424-vincent-giudicelli/photo/photoFull.1d6a32f7ce4a12d423552fb50b73687ec52ba345,V. Giudicelli,Bayonne,BAY,FRONT_ROW,1ère ligne,2023-2024,19,841.0,44.3,11.8,,,0.29,,,,0.29,0.19,,,1.43,,,,,lnr,26.0,184.0,102.0,France,94.35897435897436,79.6875,75.3,73.5,1.0,95,23,59,64,48,81,,40.4,↘,5,"[100, 27.5, 53.7, 83.9, 9.5]",100,2.0,1ère Ligne,1L,100,Haute,False,Bonne,False,16,86.5,,,,,,,,,,,,0.0,91.8,7.0,,,,
lnr_399,399,vasil-lobzhanidze,https://cdn.lnr.fr/joueur/399-vasil-lobzhanidze/photo/photoFull.c13853c24f9a438203d2dc57b45e48161a549ae5,V. Lobzhanidze,Toulon,TLN,SCRUM_HALF,Demi de mêlée,2023-2024,12,200.0,16.7,8.0,,,0.0,,,,0.8,0.4,,,0.0,,,,,lnr,,,,,0.0,0.0,58.0,62.8,0.65,89,15,5,67,30,0,0.0,50.0,→,0,[],100,0.0,Demi de mêlée,9,65,Moyenne,True,Basse,False,13,50.0,72.4,GEORG,60.0,cluster_0,70.8,79.4,50.0,86.9,81.7,74.5,88.8,0.0,,,,,,
lnr_2009,2009,victor-montgaillard,https://cdn.lnr.fr/joueur/2009-victor-montgaillard/photo/photoFull.b817331ae7e7f540e8505004318a8073270e5d10,V. Montgaillard,Perpignan,PER,FRONT_ROW,1ère ligne,2023-2024,7,158.0,22.6,14.18,,,0.0,,,,0.0,0.51,,,2.53,,,,,lnr,21.0,181.0,108.0,France,92.82051282051282,84.375,73.3,71.1,0.608,0,61,95,95,30,84,,50.2,↘,5,"[100, 94.7, 62.1, 40.1, 34.7]",100,-1.03,1ère Ligne,1L,61,Moyenne,True,Basse,False,29,74.3,,,,,,,,,,,,0.0,37.0,4.0,,,,
lnr_10999,10999,valentin-simutoga,https://cdn.lnr.fr/joueur/10999-valentin-simutoga/photo/photoFull.28a7076c5091624b9d043c9f795307457230f77f,V. Simutoga,Lyon,LOU,FRONT_ROW,1ère ligne,2023-2024,10,277.0,27.7,7.51,,,0.0,,,,0.0,0.0,,,1.44,,,,,lnr,21.0,184.0,125.0,France,94.35897435897436,97.65625,56.9,60.8,0.727,0,0,60,7,30,94,,40.7,↗,5,"[5.6, 33.3, 55.5, 56.5, 50.0]",100,-1.03,1ère Ligne,1L,73,Moyenne,True,Basse,False,95,14.9,,,,,,,,,,,,0.0,92.2,10.0,,,,
lnr_450,450,vano-karkadze,https://cdn.lnr.fr/joueur/450-vano-karkadze/photo/photoFull.c13853c24f9a438203d2dc57b45e48161a549ae5,Vano Karkadze,Montpellier,MHR,FRONT_ROW,1ère ligne,2023-2024,19,661.0,34.8,12.22,,,0.36,,,,0.12,0.12,,,1.82,,,,,lnr,,,,,0.0,0.0,61.8,62.3,1.0,55,14,76,69,52,0,,50.0,→,0,[],100,0.0,1ère Ligne,1L,100,Haute,False,Moyenne,False,90,18.9,80.0,GEORG,7.0,cluster_0,54.4,50.3,50.0,93.5,100.0,56.0,99.0,0.5,,,,,,
lnr_3063,3063,victor-hannoun,https://cdn.lnr.fr/joueur/3063-victor-hannoun/photo/photoFull.1d6a32f7ce4a12d423552fb50b73687ec52ba345,Victor Hannoun,Bayonne,BAY,WINGER,Ailier,2023-2024,1,50.0,50.0,4.8,,,0.0,,,,0.0,1.6,,,0.0,,,,,lnr,20.0,182.0,85.0,France,93.33333333333331,66.40625,58.8,60.1,0.533,0,95,5,44,30,85,0.0,12.8,→,3,"[13.7, 21.0, 6.0]",100,-1.25,Ailier,AIL,53,Basse,True,Basse,True,20,17.4,,,,,,,,,,,,0.0,99.0,3.0,,,,
lnr_1991,1991,victor-moreaux,https://cdn.lnr.fr/joueur/1991-victor-moreaux/photo/photoFull.28a7076c5091624b9d043c9f795307457230f77f,Victor Moreaux,Perpignan,PER,LOCK,2ème ligne,2023-2024,1,59.0,59.0,10.85,,,1.36,,,,0.0,1.36,,,0.0,,,,,lnr,30.0,198.0,127.0,France,100.0,99.21875,81.8,75.0,0.539,0,95,5,41,68,99,,36.5,→,2,"[51.3, 34.7]",100,2.61,2ème Ligne,2L,54,Basse,True,Basse,True,5,90.5,,,,,,,,,,,,0.0,,,,,,
lnr_2132,2132,vinaya-habosi,https://cdn.lnr.fr/joueur/2132-vinaya-habosi/photo/photoFull.8b942e992ebb42fdd1ca819c8cb833427c776cef,Vinaya Habosi,Racing 92,R92,WINGER,Ailier,2023-2024,10,632.0,63.2,4.43,,,0.51,,,,0.25,0.51,,,0.63,,,,,lnr,,,,,0.0,0.0,61.7,61.0,1.0,17,43,24,34,68,0,0.63,30.6,↘,5,"[47.8, 35.3, 16.8, 24.2, 46.5]",100,0.0,Ailier,AIL,100,Haute,False,Moyenne,False,18,26.1,,,,,,,,,,,,0.0,64.7,18.0,,,,
lnr_1082,1082,vivien-devisme,https://cdn.lnr.fr/joueur/1082-vivien-devisme/photo/photoFull.8a8276a94cfaec44d9ad851c959e24101861b746,Vivien Devisme,Lyon,LOU,FRONT_ROW,1ère ligne,2023-2024,12,362.0,30.2,16.35,,,0.0,,,,0.22,0.0,,,0.0,,,,,lnr,,,,,0.0,0.0,64.7,65.8,0.802,95,0,5,95,30,0,,50.0,→,0,[],100,0.0,1ère Ligne,1L,80,Haute,False,Basse,False,66,41.4,,,,,,,,,,,,0.0,,,,,,
lnr_616,616,wayan-de-benedittis,https://cdn.lnr.fr/joueur/616-wayan-de-benedittis/photo/photoFull.55223152d2bdf719adae33c3f4ef18c348eed132,W. De Benedittis,Castres,CAS,FRONT_ROW,1ère ligne,2023-2024,5,169.0,33.8,8.05,,,0.47,,,,0.0,0.47,,,2.37,,,,,lnr,,,,,0.0,0.0,54.6,60.5,0.619,0,56,95,14,58,0,,50.0,→,0,[],100,0.0,1ère Ligne,1L,62,Moyenne,True,Basse,False,99,11.3,,,,,,,,,,,,0.0,,,,,,
lnr_574,574,wilfrid-hounkpatin,https://cdn.lnr.fr/joueur/574-wilfrid-hounkpatin/photo/photoFull.4cb2a4ab19ab443ff7739b68884b2f51b78c1bab,W. Hounkpatin,Castres,CAS,FRONT_ROW,1ère ligne,2023-2024,12,538.0,44.8,6.25,,,0.3,,,,0.0,0.15,,,0.74,,,,,lnr,32.0,192.0,124.0,France,98.46153846153848,96.875,61.7,60.8,0.948,0,18,31,0,48,95,,22.8,↘,5,"[54.7, 11.4, 49.5, 36.2, 2.3]",100,1.26,1ère Ligne,1L,95,Haute,False,Moyenne,False,95,14.9,,,,,,,,,,,,0.0,49.1,17.0,,,,
lnr_1015,1015,william-skelton,https://cdn.lnr.fr/joueur/1015-william-skelton/photo/photoFull.7cb6d3e8fb1a9ef473f9440830017cd30be5f626,William Skelton,La Rochelle,LRO,LOCK,2ème ligne,2023-2024,14,934.0,66.7,8.14,,,0.26,,,,0.34,1.03,,,0.43,,,,,lnr,31.0,,145.0,Nouvelle Zélande,0.0,100.0,56.2,57.0,1.0,95,89,43,0,47,15,,30.7,↗,5,"[13.7, 13.7, 24.2, 59.9, 33.9]",100,2.0,2ème Ligne,2L,100,Haute,False,Bonne,False,32,26.2,63.1,Australie,10.0,cluster_1,77.6,61.3,50.0,92.0,50.0,61.0,76.9,0.0,53.9,7.0,,,,
lnr_1097,1097,xavier-mignot,https://cdn.lnr.fr/joueur/1097-xavier-mignot/photo/photoFull.d303b4e754d5628447799261cf17492ebc23d137,Xavier Mignot,Lyon,LOU,CENTRE,Centre,2023-2024,13,874.0,67.2,3.66,,,0.27,,,,0.64,0.55,,,2.75,,,,,lnr,,,,,0.0,0.0,65.9,65.9,1.0,84,61,95,0,57,0,,50.0,→,0,[],100,0.0,Centre,CTR,100,Haute,False,Bonne,False,17,51.5,,,,,,,,,,,,0.0,,,,,,
lnr_677,677,yohan-beheregaray,https://cdn.lnr.fr/joueur/677-yohan-beheregaray/photo/photoFull.df70eb994b7734bdf40e01b850e18c98079124f9,Y. Beheregaray,Clermont,CLR,FRONT_ROW,1ère ligne,2023-2024,11,289.0,26.3,9.41,,,0.0,,,,0.0,0.83,,,4.15,,,,,lnr,,,,,0.0,0.0,53.2,57.6,0.739,0,95,95,32,30,0,,50.0,→,0,[],100,0.0,1ère Ligne,1L,74,Moyenne,True,Basse,False,106,5.4,,,,,,,,,,,,0.0,,,,,,
lnr_1118,1118,yanis-charcosset,https://cdn.lnr.fr/joueur/1118-yanis-charcosset/photo/photoFull.5130516f3d5f5fbc23b3eaab6efe1a2b3082c3df,Y. Charcosset,Lyon,LOU,FRONT_ROW,1ère ligne,2023-2024,12,338.0,28.2,18.7,,,0.0,,,,0.0,0.24,,,3.55,,,,,lnr,,,,,0.0,0.0,63.9,65.2,0.782,0,29,95,95,30,0,,50.0,→,0,[],100,0.0,1ère Ligne,1L,78,Haute,False,Basse,False,74,33.8,,,,,,,,,,,,0.0,,,,,,
lnr_327,327,yann-lesgourgues,https://cdn.lnr.fr/joueur/327-yann-lesgourgues/photo/photoFull.df70eb994b7734bdf40e01b850e18c98079124f9,Y. Lesgourgues,Bordeaux,BOR,SCRUM_HALF,Demi de mêlée,2023-2024,9,280.0,31.1,8.29,,,0.0,,,,0.57,0.57,,,0.0,,,,,lnr,,,,,0.0,0.0,58.1,61.3,0.73,64,32,5,71,30,0,0.0,50.0,→,0,[],100,0.0,Demi de mêlée,9,73,Moyenne,True,Basse,False,18,32.0,,,,,,,,,,,,0.0,,,,,,
lnr_2659,2659,yan-lestrade,https://cdn.lnr.fr/joueur/2659-yan-lestrade/photo/photoFull.66c8481f41dae2c760111c9de7f76f50fdc806b3,Yan Lestrade,Bayonne,BAY,CENTRE,Centre,2023-2024,5,252.0,50.4,11.11,,,0.0,,,,0.32,0.63,,,1.59,,,,,lnr,,,,,0.0,0.0,67.6,68.3,0.702,38,71,71,95,30,0,,50.0,→,0,[],100,0.0,Centre,CTR,70,Moyenne,True,Basse,False,12,67.6,,,,,,,,,,,,0.0,,,,,,
lnr_2286,2286,yanis-boulassel,https://cdn.lnr.fr/joueur/2286-yanis-boulassel/photo/photoFull.3bdbafd9a091ef5bb037d3de56d946eed2f8ad5f,Yanis Boulassel,Toulon,TLN,FRONT_ROW,1ère ligne,2023-2024,4,61.0,15.2,28.85,,,0.0,,,,0.0,0.0,,,6.56,,,,,lnr,,,,,0.0,0.0,62.5,65.9,0.541,0,0,95,95,30,0,,50.0,→,0,[],100,0.0,1ère Ligne,1L,54,Basse,True,Basse,True,64,42.8,,,,,,,,,,,,0.0,,,,,,
lnr_757,757,yann-peysson,https://cdn.lnr.fr/joueur/757-yann-peysson/photo/photoFull.5130516f3d5f5fbc23b3eaab6efe1a2b3082c3df,Yann Peysson,Castres,CAS,BACK_ROW,3ème ligne,2023-2024,9,485.0,53.9,6.93,,,0.0,,,,0.49,0.82,,,0.82,,,,,lnr,,,,,0.0,0.0,51.7,53.4,0.904,95,71,45,0,30,0,,50.0,→,0,[],100,0.0,3ème Ligne,3L,90,Haute,False,Moyenne,False,48,2.1,,,,,,,,,,,,0.0,,,,,,
lnr_2477,2477,yannick-youyoutte,https://cdn.lnr.fr/joueur/2477-yannick-youyoutte/photo/photoFull.6fc701688372b38c2cd93e972d93fc323ab7f457,Yannick Youyoutte,Toulon,TLN,LOCK,2ème ligne,2023-2024,6,228.0,38.0,17.19,,,0.35,,,,0.35,0.7,,,0.0,,,,,lnr,,,,,0.0,0.0,77.7,75.2,0.678,95,61,5,95,53,0,,50.0,→,0,[],100,0.0,2ème Ligne,2L,68,Moyenne,True,Basse,False,4,92.9,,,,,,,,,,,,0.0,,,,,,
lnr_11002,11002,yerim-fall,https://cdn.lnr.fr/joueur/11002-yerim-fall/photo/photoFull.b5e9990d9a31ede8327da9bafe6aeb896ea144f3,Yerim Fall,Clermont,CLR,CENTRE,Centre,2023-2024,5,370.0,74.0,4.76,,,0.22,,,,0.22,0.22,,,0.0,,,,,lnr,20.0,178.0,90.0,France,91.28205128205128,70.3125,59.6,58.8,0.808,23,19,5,21,52,83,,16.4,↗,4,"[2.6, 9.2, 27.5, 18.3]",100,-1.25,Centre,CTR,81,Haute,False,Basse,False,31,11.8,,,,,,,,,,,,0.0,91.1,4.0,,,,
lnr_1917,1917,youri-delhommel,https://cdn.lnr.fr/joueur/1917-youri-delhommel/photo/photoFull.bf4a801945c52387138b3325d9dd3bcf510292ab,Youri Delhommel,Pau,PAU,FRONT_ROW,1ère ligne,2023-2024,18,653.0,36.3,9.92,,,0.49,,,,0.25,0.74,,,1.23,,,,,lnr,28.0,181.0,101.0,France,92.82051282051282,78.90625,77.5,76.1,1.0,95,88,51,39,60,80,,46.0,↘,5,"[58.6, 100, 43.2, 43.2, 47.8]",100,2.96,1ère Ligne,1L,100,Haute,False,Moyenne,False,10,91.9,,,,,,,,,,,,0.0,94.2,16.0,,,,
lnr_306,306,zaccharie-affane,https://cdn.lnr.fr/joueur/306-zaccharie-affane/photo/photoFull.480357f8a58841fb619d15da8c0313b4686e9846,Z. Affane,Bordeaux,BOR,FRONT_ROW,1ère ligne,2023-2024,3,71.0,23.7,11.27,,,0.0,,,,0.0,0.0,,,0.0,,,,,lnr,,,,,0.0,0.0,52.7,60.5,0.547,0,0,5,57,30,0,,50.0,→,0,[],100,0.0,1ère Ligne,1L,55,Basse,True,Basse,True,99,11.3,,,,,,,,,,,,0.0,,,,,,
lnr_1939,1939,zack-henry,https://cdn.lnr.fr/joueur/1939-zack-henry/photo/photoFull.eb7c8a121d72a5469d4eb6f17a32ea8cc568bf6c,Zack Henry,Paris,SFP,FLY_HALF,Demi d'ouverture,2023-2024,15,836.0,55.7,3.73,,,0.0,,,,0.29,0.1,,,10.91,,,,,lnr,29.0,182.0,89.0,Angleterre,93.33333333333331,69.53125,61.4,59.6,1.0,31,10,92,11,30,92,10.91,15.5,→,2,"[8.5, 21.0]",100,2.96,Ouvreur,10,100,Haute,False,Bonne,False,15,36.4,,,,,,,,,,,,0.0,,,,,,
lnr_334,334,zack-holmes,https://cdn.lnr.fr/joueur/334-zack-holmes/photo/photoFull.c13853c24f9a438203d2dc57b45e48161a549ae5,Zack Holmes,Bordeaux,BOR,FLY_HALF,Demi d'ouverture,2023-2024,11,451.0,41.0,6.21,,,0.18,,,,0.0,0.53,,,2.66,,,,,lnr,,,,,0.0,0.0,60.8,61.9,0.876,0,54,22,67,61,0,2.66,50.0,→,0,[],100,0.0,Ouvreur,10,88,Haute,False,Moyenne,False,12,50.0,,,,,,,,,,,,0.0,,,,,,
lnr_595,595,aurelien-azar,https://cdn.lnr.fr/joueur/595-aurelien-azar/photo/photoFull.50e0d211418fb8267083232d5e5561b6e88fe79f,A. Azar,Castres,CAS,FRONT_ROW,1ère ligne,2024-2025,4,80.0,20.0,9.0,,,0.0,,,,0.0,0.0,,,0.0,,,,,lnr,30.0,188.0,126.0,France,96.4102564102564,95.45454545454544,64.2,66.7,0.5,0,0,0,29,30,95,,29.2,↘,5,"[33.3, 45.9, 39.5, 1.4, 46.3]",100,2.61,1ère Ligne,1L,50,Basse,True,Basse,True,81,36.5,,,,,,,,,,,,0.0,,,,,,
lnr_1687,1687,aurelien-callandret,https://cdn.lnr.fr/joueur/1687-aurelien-callandret/photo/photoFull.66c8481f41dae2c760111c9de7f76f50fdc806b3,A. Callandret,Bayonne,BAY,CENTRE,Centre,2024-2025,6,443.0,73.8,4.7,,,0.0,,,,0.36,0.54,,,0.9,,,,,lnr,,,,,0.0,0.0,55.7,59.3,0.75,33,44,34,20,30,0,,50.0,→,0,[],100,0.0,Centre,CTR,75,Haute,False,Moyenne,False,33,20.0,,,,,,,,,,,,0.0,,,,,,
lnr_1866,1866,axel-desperes-rigou,https://cdn.lnr.fr/joueur/1866-axel-desperes-rigou/photo/photoFull.bf4a801945c52387138b3325d9dd3bcf510292ab,A. Desperes Rigou,Pau,PAU,FLY_HALF,Demi d'ouverture,2024-2025,21,683.0,32.5,5.27,,,0.0,,,,0.12,0.12,,,5.27,,,,,lnr,,,,,0.0,0.0,52.7,53.0,1.0,9,9,37,45,30,0,5.27,23.7,↘,5,"[43.2, 43.2, 28.8, 20.5, 18.3]",100,0.0,Ouvreur,10,100,Haute,False,Moyenne,False,22,8.7,,,,,,,,,,,,0.0,,,,,,
lnr_2609,2609,arnaud-erbinartegaray,https://cdn.lnr.fr/joueur/2609-arnaud-erbinartegaray/photo/photoFull.1d6a32f7ce4a12d423552fb50b73687ec52ba345,A. Erbinartegaray,Bayonne,BAY,FULLBACK,Arrière,2024-2025,19,986.0,51.9,4.95,,,0.0,,,,0.49,0.16,,,0.81,,,,,lnr,24.0,185.0,88.0,France,94.87179487179486,66.66666666666666,63.6,62.1,1.0,40,11,16,90,30,92,0.81,25.9,↗,5,"[17.0, 13.2, 39.3, 5.2, 47.8]",100,0.5,Arrière,ARR,100,Haute,False,Bonne,False,13,36.8,,,,,,,,,,,,0.0,,,,,,
lnr_11764,11764,alvaro-garcia-albo,https://cdn.lnr.fr/joueur/11764-alvaro-garcia-albo/photo/photoFull.af05d90330b88b7be458e288b68ca734babbf81c,A. Garcia Albo,Paris,SFP,FRONT_ROW,1ère ligne,2024-2025,4,79.0,19.8,18.23,,,1.01,,,,0.0,0.0,,,5.06,,,,,lnr,21.0,180.0,120.0,Espagne,92.3076923076923,90.9090909090909,86.8,77.6,0.5,0,0,100,100,70,90,,62.5,↗,5,"[55.3, 51.0, 37.1, 52.9, 100]",100,-1.03,1ère Ligne,1L,50,Basse,True,Basse,True,11,91.3,,,,,,,,,,,,0.0,,,,,,
lnr_1028,1028,alexandre-kaddouri,https://cdn.lnr.fr/joueur/1028-alexandre-kaddouri/photo/photoFull.01e7e4177db166b370a81655ed844dbb271b4fe2,A. Kaddouri,La Rochelle,LRO,FRONT_ROW,1ère ligne,2024-2025,9,339.0,37.7,10.62,,,0.24,,,,0.0,1.89,,,1.18,,,,,lnr,21.0,189.0,114.0,France,96.92307692307692,86.36363636363636,72.0,67.3,0.75,0,100,29,45,41,88,,20.9,↘,5,"[9.5, 58.0, 38.1, 17.6, 9.4]",100,-1.03,1ère Ligne,1L,75,Haute,False,Basse,False,76,40.5,,,,,,,,,,,,0.0,,,,,,
lnr_13195,13195,alifeleti-tuifua-kaituu,https://cdn.lnr.fr/joueur/13195-alifeleti-tuifua-kaituu/photo/photoFull.8b942e992ebb42fdd1ca819c8cb833427c776cef,A. Kaitu'u,Racing 92,R92,FRONT_ROW,1ère ligne,2024-2025,14,598.0,42.7,12.44,,,0.0,,,,0.13,0.13,,,4.68,,,,,lnr,,,,,0.0,0.0,56.7,60.0,0.75,32,14,100,64,30,0,,50.0,→,0,[],100,0.0,1ère Ligne,1L,75,Haute,False,Moyenne,False,114,10.3,,,,,,,,,,,,0.0,,,,,,
lnr_935,935,aleksandre-kuntelia,https://cdn.lnr.fr/joueur/935-aleksandre-kuntelia/photo/photoFull.7cb6d3e8fb1a9ef473f9440830017cd30be5f626,A. Kuntelia,La Rochelle,LRO,FRONT_ROW,1ère ligne,2024-2025,20,792.0,39.6,8.18,,,0.0,,,,0.0,0.0,,,1.01,,,,,lnr,22.0,197.0,135.0,Géorgie,100.0,100.0,60.1,60.1,1.0,0,0,25,21,30,100,,34.5,↗,5,"[19.0, 38.6, 71.3, 50.4, 20.7]",100,-0.67,1ère Ligne,1L,100,Haute,False,Moyenne,False,113,11.1,,,,,,,,,,,,0.0,,,,,,
lnr_776,776,alexandre-ricard,https://cdn.lnr.fr/joueur/776-alexandre-ricard/photo/photoFull.5130516f3d5f5fbc23b3eaab6efe1a2b3082c3df,A. Ricard,Bordeaux,BOR,LOCK,2ème ligne,2024-2025,10,254.0,25.4,11.65,,,1.26,,,,0.0,0.0,,,0.0,,,,,lnr,,,,,0.0,0.0,62.8,65.7,0.6,0,0,0,39,70,0,,50.0,→,0,[],100,0.0,2ème Ligne,2L,60,Moyenne,True,Basse,False,21,58.3,,,,,,,,,,,,0.0,,,,,,
lnr_1124,1124,alexandre-tchaptchet-noutcha,https://cdn.lnr.fr/joueur/1124-alexandre-tchaptchet-noutcha/photo/photoFull.eff1aa9b4a9f2b351be13ae3eed38b31d19c422e,A. Tchaptchet Noutcha,Lyon,LOU,FULLBACK,Arrière,2024-2025,14,882.0,63.0,2.0,,,0.0,,,,0.82,0.27,,,1.81,,,,,lnr,23.0,171.0,79.0,France,87.6923076923077,59.84848484848485,61.5,58.1,1.0,66,19,35,8,30,85,1.81,7.6,↘,5,"[38.0, 0, 7.9, 8.3, 0]",100,-0.16,Arrière,ARR,100,Haute,False,Bonne,False,16,21.1,,,,,,,,,,,,0.0,,,,,,
lnr_9642,9642,adam-coleman,https://cdn.lnr.fr/joueur/9642-adam-coleman/photo/photoFull.9db3e1c64b0fa647759e691550b9e8351884f243,Adam Coleman,Bordeaux,BOR,LOCK,2ème ligne,2024-2025,10,433.0,43.3,12.75,,,0.0,,,,0.0,0.0,,,0.92,,,,,lnr,33.0,,122.0,Australie,0.0,92.42424242424242,53.6,59.5,0.75,0,0,65,48,30,14,,42.6,↗,5,"[35.3, 28.9, 72.6, 36.3, 56.5]",100,0.5,2ème Ligne,2L,75,Haute,False,Moyenne,False,33,33.3,66.6,Australie,53.0,cluster_1,74.9,66.5,50.0,90.3,50.1,78.9,88.5,0.0,,,,,,
lnr_591,591,adrea-cocagi,https://cdn.lnr.fr/joueur/591-adrea-cocagi/photo/photoFull.50e0d211418fb8267083232d5e5561b6e88fe79f,Adrea Cocagi,Castres,CAS,CENTRE,Centre,2024-2025,9,414.0,46.0,6.38,,,0.0,,,,0.39,0.39,,,0.97,,,,,lnr,31.0,185.0,109.0,Fidji,94.87179487179486,82.57575757575758,65.4,67.8,0.75,36,32,37,43,30,95,,47.6,↗,5,"[29.8, 65.9, 45.8, 52.5, 64.2]",100,2.0,Centre,CTR,75,Haute,False,Moyenne,False,16,62.5,,,,,,,,,,,,0.0,,,,,,
lnr_596,596,adrien-seguret,https://cdn.lnr.fr/joueur/596-adrien-seguret/photo/photoFull.7cb6d3e8fb1a9ef473f9440830017cd30be5f626,Adrien Seguret,Castres,CAS,CENTRE,Centre,2024-2025,17,881.0,51.8,5.54,,,0.09,,,,0.54,0.36,,,1.82,,,,,lnr,26.0,182.0,95.0,France,93.33333333333331,71.96969696969697,65.9,65.6,1.0,50,29,69,32,34,86,,37.0,↗,5,"[16.7, 57.5, 39.3, 32.1, 51.5]",100,2.0,Centre,CTR,100,Haute,False,Bonne,False,19,55.0,,,,,,,,,,,,0.0,,,,,,
lnr_2022,2022,akato-fakatika,https://cdn.lnr.fr/joueur/2022-akato-fakatika/photo/photoFull.b817331ae7e7f540e8505004318a8073270e5d10,Akato Fakatika,Perpignan,PER,FRONT_ROW,1ère ligne,2024-2025,6,162.0,27.0,5.93,,,0.0,,,,0.0,0.49,,,0.0,,,,,lnr,,,,,0.0,0.0,44.6,56.5,0.6,0,52,0,0,30,0,,38.7,→,1,[44.3],100,0.0,1ère Ligne,1L,60,Moyenne,True,Basse,False,122,4.0,,,,,,,,,,,,0.0,,,,,,
lnr_2452,2452,alban-placines,https://cdn.lnr.fr/joueur/2452-alban-placines/photo/photoFull.df70eb994b7734bdf40e01b850e18c98079124f9,Alban Placines,Toulouse,TLS,BACK_ROW,3ème ligne,2024-2025,6,136.0,22.7,13.53,,,0.0,,,,0.0,1.76,,,0.0,,,,,lnr,,,,,0.0,0.0,62.7,66.4,0.5,0,100,0,60,30,0,,50.0,→,0,[],100,0.0,3ème Ligne,3L,50,Basse,True,Basse,True,24,54.7,,,,,,,,,,,,0.0,,,,,,
lnr_314,314,alban-roussel,https://cdn.lnr.fr/joueur/314-alban-roussel/photo/photoFull.c13853c24f9a438203d2dc57b45e48161a549ae5,Alban Roussel,Lyon,LOU,LOCK,2ème ligne,2024-2025,12,615.0,51.2,11.19,,,0.52,,,,0.13,0.78,,,0.0,,,,,lnr,,,,,0.0,0.0,61.4,61.4,1.0,47,69,0,35,50,0,,50.0,→,0,[],100,0.0,2ème Ligne,2L,100,Haute,False,Moyenne,False,32,35.4,,,,,,,,,,,,0.0,,,,,,
lnr_2769,2769,alexis-bernadet,https://cdn.lnr.fr/joueur/2769-alexis-bernadet/photo/photoFull.4cb2a4ab19ab443ff7739b68884b2f51b78c1bab,Alexis Bernadet,Montpellier,MHR,SCRUM_HALF,Demi de mêlée,2024-2025,9,227.0,25.2,7.4,,,0.35,,,,0.35,0.7,,,3.52,,,,,lnr,23.0,180.0,79.0,France,92.3076923076923,59.84848484848485,73.0,69.5,0.6,54,50,43,65,52,87,3.52,35.2,↗,5,"[11.8, 9.2, 31.2, 24.7, 72.4]",100,-0.16,Demi de mêlée,9,60,Moyenne,True,Basse,False,6,79.2,,,,,,,,,,,,0.0,,,,,,
lnr_1126,1126,alfred-parisien,https://cdn.lnr.fr/joueur/1126-alfred-parisien/photo/photoFull.eff1aa9b4a9f2b351be13ae3eed38b31d19c422e,Alfred Parisien,Lyon,LOU,CENTRE,Centre,2024-2025,15,903.0,60.2,6.56,,,0.09,,,,0.53,0.27,,,0.89,,,,,lnr,24.0,182.0,91.0,France,93.33333333333331,68.93939393939394,64.8,62.1,1.0,49,22,34,46,34,84,,18.3,↗,5,"[7.2, 0, 23.6, 22.9, 26.0]",100,0.5,Centre,CTR,100,Haute,False,Bonne,False,25,40.0,,,,,,,,,,,,0.0,,,,,,
lnr_2565,2565,andy-bordelai,https://cdn.lnr.fr/joueur/2565-andy-bordelai/photo/photoFull.1d6a32f7ce4a12d423552fb50b73687ec52ba345,Andy Bordelai,Bayonne,BAY,FRONT_ROW,1ère ligne,2024-2025,18,653.0,36.3,10.17,,,0.12,,,,0.0,0.0,,,1.23,,,,,lnr,25.0,186.0,115.0,France,95.3846153846154,87.12121212121212,65.8,66.0,1.0,0,0,30,41,36,88,,42.8,↘,5,"[47.8, 57.8, 25.0, 62.3, 49.4]",100,1.26,1ère Ligne,1L,100,Haute,False,Moyenne,False,89,29.8,,,,,,,,,,,,0.0,,,,,,
lnr_2195,2195,anthime-hemery,https://cdn.lnr.fr/joueur/2195-anthime-hemery/photo/photoFull.b5e9990d9a31ede8327da9bafe6aeb896ea144f3,Anthime Hemery,Clermont,CLR,BACK_ROW,3ème ligne,2024-2025,17,547.0,32.2,11.85,,,0.15,,,,0.0,0.59,,,1.46,,,,,lnr,24.0,189.0,110.0,France,96.92307692307692,83.33333333333334,63.1,64.5,0.75,0,40,37,42,36,94,,36.8,↘,5,"[69.5, 43.5, 39.1, 38.8, 38.3]",100,0.5,3ème Ligne,3L,75,Haute,False,Moyenne,False,31,42.5,,,,,,,,,,,,0.0,,,,,,
lnr_1426,1426,anthony-bouthier,https://cdn.lnr.fr/joueur/1426-anthony-bouthier/photo/photoFull.55223152d2bdf719adae33c3f4ef18c348eed132,Anthony Bouthier,Montpellier,MHR,FULLBACK,Arrière,2024-2025,11,684.0,62.2,3.39,,,0.0,,,,0.23,0.94,,,3.27,,,,,lnr,,,,,0.0,0.0,64.4,64.4,1.0,19,65,63,47,30,0,3.27,50.0,→,0,[],100,0.0,Arrière,ARR,100,Haute,False,Moyenne,False,11,47.4,62.2,France,11.0,cluster_1,69.2,58.5,50.0,72.4,71.9,58.1,99.1,0.0,,,,,,
lnr_2454,2454,anthony-jelonch,https://cdn.lnr.fr/joueur/2454-anthony-jelonch/photo/photoFull.a2503fca1a2646233602741328f9c3f7893fa1e1,Anthony Jelonch,Toulouse,TLS,BACK_ROW,3ème ligne,2024-2025,20,969.0,48.5,9.74,,,0.08,,,,0.5,1.24,,,2.06,,,,,lnr,28.0,193.0,108.0,France,98.97435897435898,81.81818181818183,66.1,66.5,1.0,68,83,53,19,33,93,,39.0,↗,5,"[22.9, 19.1, 41.9, 62.1, 47.8]",100,2.96,3ème Ligne,3L,100,Haute,False,Bonne,False,27,50.0,77.8,France,26.0,cluster_1,74.1,92.8,50.0,87.9,75.4,66.0,86.5,0.2799999999999997,,,,,,
lnr_1646,1646,antoine-aucagne,https://cdn.lnr.fr/joueur/1646-antoine-aucagne/photo/photoFull.b817331ae7e7f540e8505004318a8073270e5d10,Antoine Aucagne,Perpignan,PER,FLY_HALF,Demi d'ouverture,2024-2025,12,679.0,56.6,2.83,,,0.0,,,,0.12,0.94,,,8.84,,,,,lnr,25.0,184.0,80.0,France,94.35897435897436,60.60606060606061,66.7,63.4,1.0,9,70,62,17,30,90,8.84,15.1,→,3,"[54.6, 0, 6.9]",100,1.26,Ouvreur,10,100,Haute,False,Moyenne,False,8,69.6,,,,,,,,,,,,0.0,,,,,,
lnr_2449,2449,antoine-dupont,https://cdn.lnr.fr/joueur/2449-antoine-dupont/photo/photoFull.a2503fca1a2646233602741328f9c3f7893fa1e1,Antoine Dupont,Toulouse,TLS,SCRUM_HALF,Demi de mêlée,2024-2025,3,195.0,65.0,6.15,,,0.0,,,,0.41,3.28,,,6.15,,,,,lnr,28.0,175.0,85.0,France,89.74358974358975,64.39393939393939,79.9,83.1,0.6,64,100,76,44,30,89,6.15,37.7,↗,5,"[7.6, 55.9, 28.6, 32.8, 61.3]",100,2.96,Demi de mêlée,9,60,Moyenne,True,Basse,True,2,95.8,93.4,France,48.0,cluster_1,96.4,100.0,50.0,91.5,75.7,93.6,93.1,1.8400000000000003,,,,,,
lnr_8861,8861,antoine-frisch,https://cdn.lnr.fr/joueur/8861-antoine-frisch/photo/photoFull.2eaacbd11c12f10f571df4cbac07c560d1665acd,Antoine Frisch,Toulon,TLN,FLY_HALF,Demi d'ouverture,2024-2025,8,525.0,65.6,7.01,,,0.0,,,,0.3,0.3,,,0.0,,,,,lnr,28.0,188.0,99.0,France,96.4102564102564,75.0,59.8,62.7,0.75,23,22,0,65,30,97,0.0,30.0,→,3,"[28.3, 41.2, 30.9]",100,2.96,Ouvreur,10,75,Haute,False,Moyenne,False,10,60.9,,,,,,,,,,,,0.0,,,,,,
lnr_2150,2150,antoine-gibert,https://cdn.lnr.fr/joueur/2150-antoine-gibert/photo/photoFull.8b942e992ebb42fdd1ca819c8cb833427c776cef,Antoine Gibert,Racing 92,R92,CENTRE,Centre,2024-2025,22,814.0,37.0,4.32,,,0.0,,,,0.2,0.2,,,1.77,,,,,lnr,27.0,177.0,76.0,France,90.76923076923076,57.57575757575758,56.3,55.8,1.0,18,16,67,15,30,74,,19.0,↗,5,"[3.8, 9.3, 0, 5.2, 50.4]",100,2.61,Centre,CTR,100,Haute,False,Bonne,False,39,5.0,,,,,,,,,,,,0.0,,,,,,
lnr_593,593,antoine-tichit,https://cdn.lnr.fr/joueur/593-antoine-tichit/photo/photoFull.50e0d211418fb8267083232d5e5561b6e88fe79f,Antoine Tichit,Castres,CAS,FRONT_ROW,1ère ligne,2024-2025,18,638.0,35.4,13.67,,,0.0,,,,0.0,0.0,,,0.0,,,,,lnr,35.0,187.0,115.0,France,95.8974358974359,87.12121212121212,69.6,66.8,1.0,0,0,0,76,30,88,,27.3,↗,5,"[26.0, 12.9, 0, 19.4, 62.1]",100,-0.67,1ère Ligne,1L,100,Haute,False,Moyenne,False,79,37.7,,,,,,,,,,,,0.0,,,,,,
lnr_1077,1077,arno-botha,https://cdn.lnr.fr/joueur/1077-arno-botha/photo/photoFull.8e39a4ffde2d58962f9632bb5639326c8c077ac5,Arno Botha,Lyon,LOU,BACK_ROW,3ème ligne,2024-2025,17,976.0,57.4,10.82,,,0.0,,,,0.41,1.31,,,2.05,,,,,lnr,33.0,190.0,108.0,Afrique du Sud,97.43589743589745,81.81818181818183,64.2,66.6,1.0,56,88,53,31,30,93,,59.1,↗,5,"[82.5, 81.0, 68.7, 90.0, 47.8]",100,0.5,3ème Ligne,3L,100,Haute,False,Bonne,False,23,58.5,,,,,,,,,,,,0.0,,,,,,
lnr_12438,12438,benjamin-bertrand,https://cdn.lnr.fr/joueur/12438-benjamin-bertrand/photo/photoFull.a2503fca1a2646233602741328f9c3f7893fa1e1,B. Bertrand,Toulouse,TLS,FRONT_ROW,1ère ligne,2024-2025,6,146.0,24.3,8.77,,,1.1,,,,0.55,1.64,,,0.0,,,,,lnr,21.0,180.0,128.0,France,92.3076923076923,96.96969696969695,81.3,72.1,0.5,100,100,0,27,70,95,,34.9,↘,5,"[71.1, 39.1, 22.6, 41.2, 39.4]",100,-1.03,1ère Ligne,1L,50,Basse,True,Basse,True,37,71.4,,,,,,,,,,,,0.0,,,,,,
lnr_633,633,baptiste-cope,https://cdn.lnr.fr/joueur/633-baptiste-cope/photo/photoFull.50e0d211418fb8267083232d5e5561b6e88fe79f,B. Cope,Castres,CAS,BACK_ROW,3ème ligne,2024-2025,12,457.0,38.1,11.9,,,0.35,,,,0.18,0.35,,,0.88,,,,,lnr,23.0,186.0,102.0,France,95.3846153846154,77.27272727272727,65.2,66.4,0.75,24,23,23,42,45,89,,44.8,↘,5,"[32.1, 94.4, 49.1, 40.9, 50.8]",100,-0.16,3ème Ligne,3L,75,Haute,False,Moyenne,False,24,54.7,,,,,,,,,,,,0.0,,,,,,
lnr_267,267,baptiste-erdocio,https://cdn.lnr.fr/joueur/267-baptiste-erdocio/photo/photoFull.2a93bdb165edd2cd19ea2b2a060be0a3b3011911,B. Erdocio,Montpellier,MHR,FRONT_ROW,1ère ligne,2024-2025,20,962.0,48.1,10.81,,,0.25,,,,0.08,0.58,,,0.42,,,,,lnr,25.0,175.0,115.0,France,89.74358974358975,87.12121212121212,73.3,72.7,1.0,20,62,10,47,42,87,,48.0,↘,5,"[0, 100, 9.5, 36.2, 76.9]",100,1.26,1ère Ligne,1L,100,Haute,False,Bonne,False,33,74.2,,,,,,,,,,,,0.0,,,,,,
lnr_241,241,baptiste-germain,https://cdn.lnr.fr/joueur/241-baptiste-germain/photo/photoFull.1d6a32f7ce4a12d423552fb50b73687ec52ba345,B. Germain,Bayonne,BAY,SCRUM_HALF,Demi de mêlée,2024-2025,16,472.0,29.5,6.1,,,0.0,,,,0.34,1.02,,,1.69,,,,,lnr,24.0,174.0,82.0,France,89.23076923076924,62.121212121212125,70.1,67.0,0.75,53,73,21,43,30,87,1.69,22.9,↘,5,"[18.3, 22.9, 28.3, 22.0, 27.5]",100,0.5,Demi de mêlée,9,75,Haute,False,Moyenne,False,12,52.1,,,,,,,,,,,,0.0,,,,,,
lnr_2362,2362,beka-gigashvili,https://cdn.lnr.fr/joueur/2362-beka-gigashvili/photo/photoFull.2eaacbd11c12f10f571df4cbac07c560d1665acd,B. Gigashvili,Toulon,TLN,FRONT_ROW,1ère ligne,2024-2025,15,769.0,51.3,12.17,,,0.1,,,,0.0,0.21,,,1.04,,,,,lnr,33.0,179.0,116.0,Géorgie,91.7948717948718,87.87878787878788,70.5,71.9,1.0,0,22,26,61,35,88,,61.8,↗,5,"[83.9, 34.4, 100, 39.2, 82.0]",100,0.5,1ère Ligne,1L,100,Haute,False,Moyenne,False,39,69.0,75.2,GEORG,34.0,cluster_0,57.0,51.8,50.0,87.6,82.9,55.9,88.9,0.0200000000000002,,,,,,
lnr_2633,2633,baptiste-heguy,https://cdn.lnr.fr/joueur/2633-baptiste-heguy/photo/photoFull.1d6a32f7ce4a12d423552fb50b73687ec52ba345,B. Heguy,Bayonne,BAY,BACK_ROW,3ème ligne,2024-2025,16,748.0,46.8,11.44,,,0.21,,,,0.11,0.32,,,0.0,,,,,lnr,26.0,196.0,104.0,France,100.0,78.78787878787878,63.5,63.4,1.0,15,21,0,37,39,92,,34.6,→,5,"[51.0, 49.7, 45.4, 29.7, 36.7]",100,2.0,3ème Ligne,3L,100,Haute,False,Moyenne,False,39,28.3,,,,,,,,,,,,0.0,,,,,,
lnr_862,862,barnabe-massa,https://cdn.lnr.fr/joueur/862-barnabe-massa/photo/photoFull.b5e9990d9a31ede8327da9bafe6aeb896ea144f3,B. Massa,Clermont,CLR,FRONT_ROW,1ère ligne,2024-2025,20,710.0,35.5,13.07,,,0.56,,,,0.11,0.11,,,3.38,,,,,lnr,20.0,180.0,101.0,France,92.3076923076923,76.51515151515152,75.6,74.0,1.0,27,12,84,70,56,79,,47.8,↘,5,"[46.2, 64.2, 42.3, 36.2, 74.5]",100,-1.25,1ère Ligne,1L,100,Haute,False,Moyenne,False,28,78.6,,,,,,,,,,,,0.0,,,,,,
lnr_1806,1806,baptiste-pesenti,https://cdn.lnr.fr/joueur/1806-baptiste-pesenti/photo/photoFull.0d105085f705532550693973c5545a1d4e020463,B. Pesenti,Paris,SFP,BACK_ROW,3ème ligne,2024-2025,16,659.0,41.2,12.02,,,0.0,,,,0.0,0.0,,,0.0,,,,,lnr,27.0,195.0,118.0,France,100.0,89.39393939393939,59.4,65.1,1.0,0,0,0,43,30,98,,75.7,↗,5,"[36.2, 100, 70.9, 91.7, 98.5]",100,2.61,3ème Ligne,3L,100,Haute,False,Moyenne,False,29,47.2,,,,,,,,,,,,0.0,,,,,,
lnr_1584,1584,beka-shvangiradze,https://cdn.lnr.fr/joueur/1584-beka-shvangiradze/photo/photoFull.8e39a4ffde2d58962f9632bb5639326c8c077ac5,B. Shvangiradze,Lyon,LOU,BACK_ROW,3ème ligne,2024-2025,14,719.0,51.4,15.35,,,0.11,,,,0.0,0.22,,,1.11,,,,,lnr,22.0,191.0,104.0,Géorgie,97.94871794871794,78.78787878787878,65.4,67.1,1.0,0,15,28,79,35,91,,57.8,↗,5,"[63.7, 17.6, 76.3, 54.7, 90.5]",100,-0.67,3ème Ligne,3L,100,Haute,False,Moyenne,False,18,67.0,,,,,,,,,,,,0.0,,,,,,
lnr_340,340,benjamin-tameifuna,https://cdn.lnr.fr/joueur/340-benjamin-tameifuna/photo/photoFull.9db3e1c64b0fa647759e691550b9e8351884f243,B. Tameifuna,Bordeaux,BOR,FRONT_ROW,1ère ligne,2024-2025,14,632.0,45.1,7.34,,,0.76,,,,0.0,0.51,,,1.27,,,,,lnr,33.0,188.0,151.0,Nouvelle Zélande,96.4102564102564,100.0,73.3,69.9,1.0,0,54,31,12,65,100,,24.9,↗,5,"[19.7, 0, 33.9, 54.1, 18.3]",100,0.5,1ère Ligne,1L,100,Haute,False,Moyenne,False,58,54.8,76.7,TONGA,21.0,cluster_0,61.9,50.5,50.0,90.9,77.6,57.5,92.2,0.1700000000000003,,,,,,
lnr_9667,9667,benjamin-nouata-lupe-tapuai-1,https://cdn.lnr.fr/joueur/9667-benjamin-nouata-lupe-tapuai-1/photo/photoFull.5130516f3d5f5fbc23b3eaab6efe1a2b3082c3df,B. Tapuai,Bordeaux,BOR,CENTRE,Centre,2024-2025,12,621.0,51.8,7.34,,,0.26,,,,0.77,0.52,,,1.29,,,,,lnr,,,,,0.0,0.0,68.0,68.0,1.0,71,43,49,56,41,0,,50.0,→,0,[],100,0.0,Centre,CTR,100,Haute,False,Moyenne,False,14,66.2,,,,,,,,,,,,0.0,,,,,,
lnr_335,335,bastien-vergnes-taillefer,https://cdn.lnr.fr/joueur/335-bastien-vergnes-taillefer/photo/photoFull.9db3e1c64b0fa647759e691550b9e8351884f243,B. Vergnes Taillefer,Bordeaux,BOR,BACK_ROW,3ème ligne,2024-2025,18,927.0,51.5,13.2,,,0.0,,,,0.09,0.35,,,0.0,,,,,lnr,27.0,194.0,111.0,France,99.48717948717947,84.0909090909091,64.0,67.0,1.0,12,23,0,56,30,95,,60.8,↗,5,"[44.8, 84.5, 47.8, 100, 62.2]",100,2.61,3ème Ligne,3L,100,Haute,False,Bonne,False,20,63.2,,,,,,,,,,,,0.0,,,,,,
lnr_11845,11845,benjamin-white,https://cdn.lnr.fr/joueur/11845-benjamin-white/photo/photoFull.26dec662e84c737005260a65b33966bd7438db17,B. White,Toulon,TLN,SCRUM_HALF,Demi de mêlée,2024-2025,13,511.0,39.3,8.92,,,0.0,,,,0.31,0.47,,,0.78,,,,,lnr,26.0,180.0,87.0,Grande-Bretagne,92.3076923076923,65.9090909090909,67.5,66.7,0.75,48,34,10,90,30,92,0.78,28.3,↗,5,"[2.0, 17.0, 36.4, 36.4, 38.0]",100,2.0,Demi de mêlée,9,75,Haute,False,Moyenne,False,14,43.8,74.5,SCOT,13.0,cluster_1,65.9,67.7,50.0,96.1,80.1,68.5,76.1,0.0,,,,,,
lnr_1432,1432,bastien-chalureau,https://cdn.lnr.fr/joueur/1432-bastien-chalureau/photo/photoFull.4cb2a4ab19ab443ff7739b68884b2f51b78c1bab,Bastien Chalureau,Montpellier,MHR,LOCK,2ème ligne,2024-2025,15,634.0,42.3,11.23,,,0.0,,,,0.0,0.63,,,0.0,,,,,lnr,33.0,,118.0,France,0.0,89.39393939393939,53.8,57.6,1.0,0,56,0,35,30,13,,53.6,↗,5,"[25.4, 58.6, 0, 97.3, 81.2]",100,0.5,2ème Ligne,2L,100,Haute,False,Moyenne,False,38,22.9,,,,,,,,,,,,0.0,,,,,,
lnr_1127,1127,beka-saginadze,https://cdn.lnr.fr/joueur/1127-beka-saginadze/photo/photoFull.eff1aa9b4a9f2b351be13ae3eed38b31d19c422e,Beka Saginadze,Lyon,LOU,LOCK,2ème ligne,2024-2025,11,671.0,61.0,12.4,,,0.6,,,,0.0,0.12,,,1.19,,,,,lnr,26.0,191.0,110.0,Géorgie,97.94871794871794,83.33333333333334,73.5,71.0,1.0,0,11,84,45,53,95,,31.5,↘,5,"[17.0, 62.8, 18.8, 5.9, 59.6]",100,2.0,2ème Ligne,2L,100,Haute,False,Moyenne,False,13,74.0,70.9,GEORG,30.0,cluster_0,50.0,50.0,50.0,68.5,100.0,53.0,85.9,0.0,,,,,,
lnr_12335,12335,blair-kinghorn-1,https://cdn.lnr.fr/joueur/12335-blair-kinghorn-1/photo/photoFull.2697f7f0cb7b3da001ecdd411641ac7914939acd,Blair Kinghorn,Toulouse,TLS,FULLBACK,Arrière,2024-2025,16,960.0,60.0,1.75,,,0.08,,,,0.17,0.92,,,2.67,,,,,lnr,28.0,193.0,107.0,Ecosse,98.97435897435898,81.06060606060606,66.9,63.5,1.0,14,64,51,1,48,98,2.67,6.7,↘,5,"[17.7, 0, 4.8, 6.5, 4.6]",100,2.96,Arrière,ARR,100,Haute,False,Bonne,False,12,42.1,81.4,SCOT,45.0,cluster_1,88.2,83.3,57.8,86.2,78.7,86.6,89.0,0.6400000000000006,,,,,,
lnr_2389,2389,bruce-devaux,https://cdn.lnr.fr/joueur/2389-bruce-devaux/photo/photoFull.b817331ae7e7f540e8505004318a8073270e5d10,Bruce Devaux,Perpignan,PER,FRONT_ROW,1ère ligne,2024-2025,11,370.0,33.6,12.76,,,0.0,,,,0.0,0.0,,,0.0,,,,,lnr,28.0,183.0,108.0,France,93.84615384615384,81.81818181818183,70.6,70.6,0.75,0,0,0,67,30,84,,42.3,→,5,"[58.3, 58.3, 56.5, 50.0, 38.4]",100,2.96,1ère Ligne,1L,75,Haute,False,Basse,False,53,58.7,,,,,,,,,,,,0.0,,,,,,
lnr_1562,1562,christian-guetang-ambadiang,https://cdn.lnr.fr/joueur/1562-christian-guetang-ambadiang/photo/photoFull.50e0d211418fb8267083232d5e5561b6e88fe79f,C. Guetang Ambadiang,Castres,CAS,WINGER,Ailier,2024-2025,9,632.0,70.2,4.3,,,0.25,,,,0.89,0.38,,,1.27,,,,,lnr,26.0,189.0,107.0,Cameroun,96.92307692307692,81.06060606060606,73.4,69.7,1.0,64,24,30,28,51,96,1.27,21.5,↘,5,"[19.0, 44.5, 31.4, 18.3, 16.4]",100,2.0,Ailier,AIL,100,Haute,False,Moyenne,False,7,75.0,,,,,,,,,,,,0.0,,,,,,
lnr_969,969,charles-kante-samba,https://cdn.lnr.fr/joueur/969-charles-kante-samba/photo/photoFull.7cb6d3e8fb1a9ef473f9440830017cd30be5f626,C. Kante Samba,La Rochelle,LRO,LOCK,2ème ligne,2024-2025,2,72.0,36.0,12.22,,,0.0,,,,0.0,0.0,,,0.0,,,,,lnr,20.0,,115.0,France,0.0,87.12121212121212,50.8,58.3,0.5,0,0,0,44,30,13,,22.5,↘,5,"[18.0, 50.0, 25.3, 15.8, 22.9]",100,-1.25,2ème Ligne,2L,50,Basse,True,Basse,True,34,31.2,,,,,,,,,,,,0.0,,,,,,
lnr_1915,1915,clement-laporte,https://cdn.lnr.fr/joueur/1915-clement-laporte/photo/photoFull.bf4a801945c52387138b3325d9dd3bcf510292ab,C. Laporte,Pau,PAU,FULLBACK,Arrière,2024-2025,9,624.0,69.3,5.26,,,0.13,,,,0.51,0.38,,,0.64,,,,,lnr,,,,,0.0,0.0,66.6,66.6,1.0,41,26,12,99,60,0,0.64,50.0,→,0,[],100,0.0,Arrière,ARR,100,Haute,False,Moyenne,False,9,57.9,,,,,,,,,,,,0.0,,,,,,
lnr_11823,11823,corentin-mezou,https://cdn.lnr.fr/joueur/11823-corentin-mezou/photo/photoFull.26dec662e84c737005260a65b33966bd7438db17,C. Mezou,Toulon,TLN,FRONT_ROW,1ère ligne,2024-2025,6,314.0,52.3,13.25,,,0.0,,,,0.0,0.0,,,0.0,,,,,lnr,19.0,,107.0,France,0.0,81.06060606060606,67.1,66.2,0.75,0,0,0,72,30,64,,37.7,↗,5,"[4.4, 27.8, 71.8, 36.9, 47.8]",100,-1.38,1ère Ligne,1L,75,Haute,False,Basse,False,87,31.3,,,,,,,,,,,,0.0,,,,,,
lnr_2430,2430,celian-pouzelgues,https://cdn.lnr.fr/joueur/2430-celian-pouzelgues/photo/photoFull.a2503fca1a2646233602741328f9c3f7893fa1e1,C. Pouzelgues,Toulouse,TLS,CENTRE,Centre,2024-2025,2,112.0,56.0,2.86,,,0.0,,,,0.71,0.0,,,0.0,,,,,lnr,21.0,190.0,93.0,France,97.43589743589745,70.45454545454545,57.0,60.3,0.5,66,0,0,0,30,86,,17.7,→,5,"[2.0, 40.6, 44.3, 28.8, 0]",100,-1.03,Centre,CTR,50,Basse,True,Basse,True,31,25.0,,,,,,,,,,,,0.0,,,,,,
lnr_1622,1622,christa-sailisa-powell,https://cdn.lnr.fr/joueur/1622-christa-sailisa-powell/photo/photoFull.26cc6cf714855a6cf7c756abb25365c92c92a46a,C. Powell,Montpellier,MHR,CENTRE,Centre,2024-2025,1,41.0,41.0,5.85,,,0.0,,,,0.0,0.0,,,0.0,,,,,lnr,,,,,0.0,0.0,47.3,58.7,0.5,0,0,0,36,30,0,,50.0,→,0,[],100,0.0,Centre,CTR,50,Basse,True,Basse,True,35,15.0,,,,,,,,,,,,0.0,,,,,,
lnr_11240,11240,carlu-johann-sadie,https://cdn.lnr.fr/joueur/11240-carlu-johann-sadie/photo/photoFull.9db3e1c64b0fa647759e691550b9e8351884f243,C. Sadie,Bordeaux,BOR,FRONT_ROW,1ère ligne,2024-2025,11,525.0,47.7,6.1,,,0.0,,,,0.0,0.0,,,0.0,,,,,lnr,27.0,182.0,138.0,Afrique du Sud,93.33333333333331,100.0,59.1,63.5,0.75,0,0,0,0,30,99,,41.7,↗,5,"[71.8, 25.3, 43.2, 63.5, 41.2]",100,2.61,1ère Ligne,1L,75,Haute,False,Moyenne,False,103,19.0,,,,,,,,,,,,0.0,,,,,,
lnr_2354,2354,christopher-tolofua,https://cdn.lnr.fr/joueur/2354-christopher-tolofua/photo/photoFull.4cb2a4ab19ab443ff7739b68884b2f51b78c1bab,C. Tolofua,Montpellier,MHR,FRONT_ROW,1ère ligne,2024-2025,25,856.0,34.2,9.44,,,0.28,,,,0.0,0.19,,,1.87,,,,,lnr,31.0,182.0,120.0,France,93.33333333333331,90.9090909090909,68.9,65.5,1.0,0,20,46,33,43,91,,16.3,↗,5,"[19.2, 8.5, 39.4, 3.5, 17.6]",100,2.0,1ère Ligne,1L,100,Haute,False,Bonne,False,92,27.4,,,,,,,,,,,,0.0,,,,,,
lnr_2165,2165,camille-chat,https://cdn.lnr.fr/joueur/2165-camille-chat/photo/photoFull.8e39a4ffde2d58962f9632bb5639326c8c077ac5,Camille Chat,Lyon,LOU,FRONT_ROW,1ère ligne,2024-2025,1,465.0,,12.39,,,0.69,,,,0.17,0.52,,,0.0,,,,,lnr,29.0,178.0,101.0,France,91.28205128205128,76.51515151515152,83.2,79.3,0.75,42,55,0,63,62,79,,52.1,→,5,"[29.5, 67.0, 50.4, 32.8, 90.5]",100,2.96,1ère Ligne,1L,75,Haute,False,Basse,True,6,95.6,72.4,France,37.0,cluster_1,80.0,65.3,50.0,91.8,65.2,64.4,91.6,0.0,,,,,,
lnr_13440,13440,carwyn-tuipulotu-1,https://cdn.lnr.fr/joueur/13440-carwyn-tuipulotu-1/photo/photoFull.bf4a801945c52387138b3325d9dd3bcf510292ab,Carwyn Tuipulotu,Pau,PAU,BACK_ROW,3ème ligne,2024-2025,8,342.0,42.8,13.1,,,0.0,,,,0.0,0.23,,,1.17,,,,,lnr,,,,,0.0,0.0,54.3,58.2,0.75,0,15,30,55,30,0,,50.0,→,0,[],100,0.0,3ème Ligne,3L,75,Haute,False,Basse,False,46,13.2,,,,,,,,,,,,0.0,,,,,,
lnr_2162,2162,cedate-gomes-sa,https://cdn.lnr.fr/joueur/2162-cedate-gomes-sa/photo/photoFull.8e39a4ffde2d58962f9632bb5639326c8c077ac5,Cedate Gomes Sa,Lyon,LOU,FRONT_ROW,1ère ligne,2024-2025,14,456.0,32.6,10.35,,,0.18,,,,0.0,0.18,,,0.0,,,,,lnr,31.0,185.0,113.0,France,94.87179487179486,85.60606060606061,68.6,72.3,0.75,0,19,0,43,38,87,,66.6,→,5,"[100, 53.2, 47.8, 30.3, 100]",100,2.0,1ère Ligne,1L,75,Haute,False,Moyenne,False,38,70.6,77.7,France,12.0,cluster_1,63.9,56.4,50.0,90.7,83.7,62.8,88.2,0.2700000000000003,,,,,,
lnr_1773,1773,charles-laloi,https://cdn.lnr.fr/joueur/1773-charles-laloi/photo/photoFull.af05d90330b88b7be458e288b68ca734babbf81c,Charles Laloi,Paris,SFP,WINGER,Ailier,2024-2025,11,843.0,76.6,3.13,,,0.0,,,,0.57,0.28,,,0.95,,,,,lnr,21.0,181.0,80.0,France,92.82051282051282,60.60606060606061,59.5,58.2,1.0,41,18,22,12,30,81,0.95,23.6,↗,5,"[13.3, 7.9, 33.9, 39.3, 21.6]",100,-1.03,Ailier,AIL,100,Haute,False,Bonne,False,21,16.7,,,,,,,,,,,,0.0,,,,,,
lnr_2355,2355,charles-ollivon,https://cdn.lnr.fr/joueur/2355-charles-ollivon/photo/photoFull.2eaacbd11c12f10f571df4cbac07c560d1665acd,Charles Ollivon,Toulon,TLN,BACK_ROW,3ème ligne,2024-2025,11,693.0,63.0,14.55,,,0.0,,,,0.35,0.92,,,0.0,,,,,lnr,31.0,199.0,114.0,France,100.0,86.36363636363636,70.6,69.9,1.0,47,62,0,70,30,97,,38.3,→,5,"[31.4, 32.7, 31.9, 31.9, 64.8]",100,2.0,3ème Ligne,3L,100,Haute,False,Moyenne,False,10,83.0,79.3,France,30.0,cluster_1,93.5,96.5,50.0,91.6,50.0,93.2,89.9,0.4299999999999997,,,,,,
lnr_1700,1700,charlie-cassang,https://cdn.lnr.fr/joueur/1700-charlie-cassang/photo/photoFull.8e39a4ffde2d58962f9632bb5639326c8c077ac5,Charlie Cassang,Lyon,LOU,SCRUM_HALF,Demi de mêlée,2024-2025,14,399.0,28.5,5.81,,,0.0,,,,0.2,1.2,,,0.0,,,,,lnr,30.0,173.0,92.0,France,88.71794871794872,69.6969696969697,73.5,69.2,0.75,31,86,0,38,30,92,0.0,17.2,↘,5,"[46.7, 9.0, 26.2, 19.9, 8.7]",100,2.61,Demi de mêlée,9,75,Haute,False,Basse,False,8,70.8,,,,,,,,,,,,0.0,,,,,,
lnr_1843,1843,clement-mondinat,https://cdn.lnr.fr/joueur/1843-clement-mondinat/photo/photoFull.bf4a801945c52387138b3325d9dd3bcf510292ab,Clement Mondinat,Pau,PAU,FLY_HALF,Demi d'ouverture,2024-2025,2,61.0,30.5,1.31,,,0.0,,,,1.31,0.0,,,6.56,,,,,lnr,21.0,178.0,80.0,France,91.28205128205128,60.60606060606061,59.5,59.7,0.5,100,0,46,0,30,88,6.56,4.5,↘,5,"[7.2, 43.4, 0, 0, 0]",100,-1.03,Ouvreur,10,50,Basse,True,Basse,True,15,37.0,,,,,,,,,,,,0.0,,,,,,
lnr_1886,1886,clovis-le-bail,https://cdn.lnr.fr/joueur/1886-clovis-le-bail/photo/photoFull.2eaacbd11c12f10f571df4cbac07c560d1665acd,Clovis Le Bail,Racing 92,R92,SCRUM_HALF,Demi de mêlée,2024-2025,11,367.0,33.4,2.4,,,0.0,,,,0.65,0.22,,,2.18,,,,,lnr,29.0,173.0,74.0,France,88.71794871794872,56.060606060606055,59.3,60.8,0.75,100,16,27,0,30,82,2.18,17.2,↘,5,"[41.2, 9.2, 16.2, 20.7, 14.5]",100,2.96,Demi de mêlée,9,75,Haute,False,Basse,False,20,20.8,,,,,,,,,,,,0.0,,,,,,
lnr_531,531,connor-sa,https://cdn.lnr.fr/joueur/531-connor-sa/photo/photoFull.9db3e1c64b0fa647759e691550b9e8351884f243,Connor Sa,Bordeaux,BOR,FRONT_ROW,1ère ligne,2024-2025,19,695.0,36.6,11.97,,,0.23,,,,0.0,0.12,,,1.15,,,,,lnr,23.0,183.0,101.0,Nouvelle Zélande,93.84615384615384,76.51515151515152,68.9,71.9,1.0,0,13,28,59,41,79,,71.2,↗,5,"[41.2, 58.1, 62.6, 51.8, 100]",100,-0.16,1ère Ligne,1L,100,Haute,False,Moyenne,False,45,65.1,77.7,France,12.0,cluster_1,63.9,56.4,50.0,90.7,83.7,62.8,88.2,0.2700000000000003,,,,,,
lnr_2451,2451,cyril-baille,https://cdn.lnr.fr/joueur/2451-cyril-baille/photo/photoFull.a2503fca1a2646233602741328f9c3f7893fa1e1,Cyril Baille,Toulouse,TLS,FRONT_ROW,1ère ligne,2024-2025,9,297.0,33.0,11.04,,,0.0,,,,0.0,0.27,,,0.0,,,,,lnr,31.0,182.0,118.0,France,93.33333333333331,89.39393939393939,68.8,69.8,0.6,0,29,0,50,30,89,,15.3,↘,5,"[22.6, 34.7, 29.7, 5.9, 7.2]",100,2.0,1ère Ligne,1L,60,Moyenne,True,Basse,False,85,32.9,79.6,France,42.0,cluster_1,94.8,100.0,50.0,93.7,66.4,83.5,88.2,0.4599999999999994,,,,,,
lnr_708,708,daniel-bibi-biziwu,https://cdn.lnr.fr/joueur/708-daniel-bibi-biziwu/photo/photoFull.b948a9307d0771aeee5c40d614c45938eb2eb700,D. Bibi Biziwu,Pau,PAU,FRONT_ROW,1ère ligne,2024-2025,14,598.0,42.7,10.17,,,0.13,,,,0.13,0.13,,,0.67,,,,,lnr,23.0,183.0,119.0,France,93.84615384615384,90.15151515151516,66.7,66.3,0.75,32,14,17,41,36,90,,36.0,↘,5,"[29.8, 65.3, 12.9, 72.6, 26.8]",100,-0.16,1ère Ligne,1L,75,Haute,False,Moyenne,False,85,32.9,,,,,,,,,,,,0.0,,,,,,
lnr_2151,2151,donovan-taofifenua,https://cdn.lnr.fr/joueur/2151-donovan-taofifenua/photo/photoFull.4cb2a4ab19ab443ff7739b68884b2f51b78c1bab,D. Taofifenua,Racing 92,R92,FULLBACK,Arrière,2024-2025,7,426.0,60.9,4.88,,,0.0,,,,0.75,1.13,,,0.94,,,,,lnr,26.0,179.0,84.0,France,91.7948717948718,63.63636363636363,73.8,70.9,0.75,61,79,18,88,30,89,0.94,31.8,↗,5,"[32.1, 21.6, 0, 100, 16.4]",100,2.0,Arrière,ARR,75,Haute,False,Moyenne,False,3,89.5,,,,,,,,,,,,0.0,,,,,,
lnr_432,432,daniel-brennan,https://cdn.lnr.fr/joueur/432-daniel-brennan/photo/photoFull.2eaacbd11c12f10f571df4cbac07c560d1665acd,Daniel Brennan,Toulon,TLN,FRONT_ROW,1ère ligne,2024-2025,19,486.0,25.6,12.18,,,0.16,,,,0.0,0.0,,,0.0,,,,,lnr,26.0,192.0,124.0,Irlande,98.46153846153848,93.93939393939394,72.4,69.5,0.75,0,0,0,61,37,94,,27.4,↗,5,"[17.0, 0, 17.6, 100, 0]",100,2.0,1ère Ligne,1L,75,Haute,False,Moyenne,False,61,52.4,,,,,,,,,,,,0.0,,,,,,
lnr_1870,1870,daniel-robson,https://cdn.lnr.fr/joueur/1870-daniel-robson/photo/photoFull.bf4a801945c52387138b3325d9dd3bcf510292ab,Daniel Robson,Pau,PAU,SCRUM_HALF,Demi de mêlée,2024-2025,20,789.0,39.5,4.06,,,0.1,,,,0.2,0.1,,,0.51,,,,,lnr,33.0,173.0,82.0,Grande-Bretagne,88.71794871794872,62.121212121212125,53.8,52.8,1.0,31,7,6,9,36,87,0.51,13.6,↘,5,"[32.2, 32.2, 35.2, 9.0, 0]",100,0.5,Demi de mêlée,9,100,Haute,False,Moyenne,False,24,4.2,,,,,,,,,,,,0.0,,,,,,
lnr_2500,2500,david-ainuu,https://cdn.lnr.fr/joueur/2500-david-ainuu/photo/photoFull.7ca2942712296b23bc0c05ee5ba8a7306bef7b5e,David Ainuu,Toulouse,TLS,FRONT_ROW,1ère ligne,2024-2025,19,888.0,46.7,7.66,,,0.18,,,,0.0,0.09,,,0.45,,,,,lnr,25.0,178.0,122.0,Etats-Unis,91.28205128205128,92.42424242424242,62.6,63.4,1.0,0,10,11,15,38,91,,42.0,↗,5,"[44.7, 30.7, 35.4, 36.2, 70.2]",100,1.26,1ère Ligne,1L,100,Haute,False,Bonne,False,104,18.3,,,,,,,,,,,,0.0,,,,,,
lnr_1079,1079,demba-bamba,https://cdn.lnr.fr/joueur/1079-demba-bamba/photo/photoFull.8b942e992ebb42fdd1ca819c8cb833427c776cef,Demba Bamba,Racing 92,R92,FRONT_ROW,1ère ligne,2024-2025,7,343.0,49.0,11.43,,,0.0,,,,0.23,0.23,,,0.0,,,,,lnr,27.0,185.0,125.0,France,94.87179487179486,94.6969696969697,72.4,73.8,0.75,57,25,0,54,30,94,,60.5,↗,5,"[52.9, 65.6, 79.4, 64.2, 77.9]",100,2.61,1ère Ligne,1L,75,Haute,False,Basse,False,29,77.8,73.9,France,25.0,cluster_1,100.0,78.2,50.0,85.5,58.7,81.7,88.4,0.0,,,,,,
lnr_2649,2649,denis-marchois,https://cdn.lnr.fr/joueur/2649-denis-marchois/photo/photoFull.fa741145527d67f0373a3b7f544c55452bd2af8a,Denis Marchois,Bayonne,BAY,LOCK,2ème ligne,2024-2025,7,209.0,29.9,10.33,,,0.38,,,,0.38,0.38,,,0.0,,,,,lnr,,,,,0.0,0.0,57.5,62.5,0.6,100,34,0,27,45,0,,50.0,→,0,[],100,0.0,2ème Ligne,2L,60,Moyenne,True,Basse,False,28,43.8,,,,,,,,,,,,0.0,,,,,,
lnr_12570,12570,diego-escobar,https://cdn.lnr.fr/joueur/12570-diego-escobar/photo/photoFull.8b942e992ebb42fdd1ca819c8cb833427c776cef,Diego Escobar,Racing 92,R92,FRONT_ROW,1ère ligne,2024-2025,9,351.0,39.0,10.03,,,0.46,,,,0.0,0.46,,,0.0,,,,,lnr,24.0,176.0,103.0,Chili,90.25641025641026,78.03030303030303,71.0,70.2,0.75,0,49,0,39,51,80,,44.7,↗,5,"[64.6, 23.6, 85.8, 81.6, 20.5]",100,0.5,1ère Ligne,1L,75,Haute,False,Basse,False,55,56.7,,,,,,,,,,,,0.0,,,,,,
lnr_2448,2448,dorian-aldegheri,https://cdn.lnr.fr/joueur/2448-dorian-aldegheri/photo/photoFull.a2503fca1a2646233602741328f9c3f7893fa1e1,Dorian Aldegheri,Toulouse,TLS,FRONT_ROW,1ère ligne,2024-2025,19,805.0,42.4,6.76,,,0.3,,,,0.0,0.0,,,0.0,,,,,lnr,31.0,180.0,119.0,France,92.3076923076923,90.15151515151516,62.1,61.9,1.0,0,0,0,6,44,90,,31.7,→,5,"[49.7, 37.7, 33.6, 47.8, 24.4]",100,2.0,1ère Ligne,1L,100,Haute,False,Bonne,False,111,12.7,59.1,France,9.0,cluster_1,55.9,50.0,50.0,89.5,51.0,55.5,85.5,0.0,,,,,,
lnr_2385,2385,duncan-paiaaua,https://cdn.lnr.fr/joueur/2385-duncan-paiaaua/photo/photoFull.b817331ae7e7f540e8505004318a8073270e5d10,Duncan Paia'aua,Toulon,TLN,CENTRE,Centre,2024-2025,5,308.0,61.6,4.68,,,0.26,,,,0.0,0.52,,,0.0,,,,,lnr,30.0,183.0,92.0,Australie,93.84615384615384,69.6969696969697,60.7,61.4,0.75,0,43,0,20,41,85,,16.3,↗,4,"[10.7, 45.8, 4.6, 13.4]",100,2.61,Centre,CTR,75,Haute,False,Basse,False,28,32.5,,,,,,,,,,,,0.0,,,,,,
lnr_2632,2632,eneriko-buliruarua,https://cdn.lnr.fr/joueur/2632-eneriko-buliruarua/photo/photoFull.746d583d9f8a2aa9c322b15ebadc8acc096151d2,E. Buliruarua,Perpignan,PER,CENTRE,Centre,2024-2025,17,843.0,49.6,6.83,,,0.09,,,,0.47,1.14,,,0.95,,,,,lnr,28.0,186.0,106.0,Fidji,95.3846153846154,80.3030303030303,76.3,73.0,1.0,43,93,36,49,34,94,,28.2,↘,5,"[41.2, 43.6, 43.6, 5.2, 37.3]",100,2.96,Centre,CTR,100,Haute,False,Bonne,False,5,90.0,,,,,,,,,,,,0.0,,,,,,
lnr_2498,2498,emmanuel-meafou,https://cdn.lnr.fr/joueur/2498-emmanuel-meafou/photo/photoFull.7ca2942712296b23bc0c05ee5ba8a7306bef7b5e,E. Meafou,Toulouse,TLS,LOCK,2ème ligne,2024-2025,16,712.0,44.5,7.75,,,0.34,,,,0.0,1.12,,,0.56,,,,,lnr,26.0,,145.0,France,0.0,100.0,54.6,56.6,1.0,0,99,40,5,43,15,,38.0,→,5,"[43.8, 40.3, 30.6, 51.1, 45.3]",100,2.0,2ème Ligne,2L,100,Haute,False,Moyenne,False,39,19.8,,,,,,,,,,,,0.0,,,,,,
lnr_942,942,edouard-richer,https://cdn.lnr.fr/joueur/942-edouard-richer/photo/photoFull.7cb6d3e8fb1a9ef473f9440830017cd30be5f626,Edouard Richer,La Rochelle,LRO,WINGER,Ailier,2024-2025,5,67.0,13.4,10.75,,,0.0,,,,0.0,0.0,,,5.97,,,,,lnr,,,,,0.0,0.0,53.5,61.8,0.5,0,0,100,100,30,0,5.97,50.0,→,0,[],100,0.0,Ailier,AIL,50,Basse,True,Basse,True,17,33.3,,,,,,,,,,,,0.0,,,,,,
lnr_12363,12363,efrain-elias,https://cdn.lnr.fr/joueur/12363-efrain-elias/photo/photoFull.2697f7f0cb7b3da001ecdd411641ac7914939acd,Efrain Elias,Toulouse,TLS,LOCK,2ème ligne,2024-2025,5,194.0,38.8,12.37,,,0.0,,,,0.0,0.41,,,0.0,,,,,lnr,20.0,,119.0,Argentine,0.0,90.15151515151516,53.3,61.7,0.6,0,36,0,45,30,14,,52.6,↗,5,"[100, 13.6, 100, 68.3, 22.9]",100,-1.25,2ème Ligne,2L,60,Moyenne,True,Basse,False,30,39.6,,,,,,,,,,,,0.0,,,,,,
lnr_1905,1905,eliott-roudil,https://cdn.lnr.fr/joueur/1905-eliott-roudil/photo/photoFull.55223152d2bdf719adae33c3f4ef18c348eed132,Eliott Roudil,Pau,PAU,CENTRE,Centre,2024-2025,11,394.0,35.8,3.25,,,0.0,,,,0.2,0.2,,,0.0,,,,,lnr,,,,,0.0,0.0,47.8,53.3,0.75,18,16,0,0,30,0,,50.0,→,0,[],100,0.0,Centre,CTR,75,Haute,False,Basse,False,40,2.5,,,,,,,,,,,,0.0,,,,,,
lnr_2349,2349,emerick-setiano,https://cdn.lnr.fr/joueur/2349-emerick-setiano/photo/photoFull.1d6a32f7ce4a12d423552fb50b73687ec52ba345,Emerick Setiano,Toulon,TLN,FRONT_ROW,1ère ligne,2024-2025,19,451.0,23.7,14.19,,,0.18,,,,0.0,0.18,,,0.0,,,,,lnr,28.0,183.0,115.0,France,93.84615384615384,87.12121212121212,78.1,75.3,0.75,0,19,0,82,38,88,,43.5,→,5,"[47.8, 42.2, 2.5, 100, 5.1]",100,2.96,1ère Ligne,1L,75,Haute,False,Moyenne,False,25,81.0,,,,,,,,,,,,0.0,,,,,,
lnr_1440,1440,enzo-forletta,https://cdn.lnr.fr/joueur/1440-enzo-forletta/photo/photoFull.4cb2a4ab19ab443ff7739b68884b2f51b78c1bab,Enzo Forletta,Montpellier,MHR,FRONT_ROW,1ère ligne,2024-2025,21,755.0,36.0,11.23,,,0.0,,,,0.0,0.11,,,0.0,,,,,lnr,30.0,175.0,118.0,France,89.74358974358975,89.39393939393939,68.7,67.5,1.0,0,12,0,52,30,89,,33.1,↘,5,"[54.1, 38.2, 61.5, 29.4, 27.0]",100,2.61,1ère Ligne,1L,100,Haute,False,Moyenne,False,74,41.7,,,,,,,,,,,,0.0,,,,,,
lnr_427,427,enzo-herve,https://cdn.lnr.fr/joueur/427-enzo-herve/photo/photoFull.50e0d211418fb8267083232d5e5561b6e88fe79f,Enzo Herve,Toulon,TLN,FLY_HALF,Demi d'ouverture,2024-2025,20,776.0,38.8,4.43,,,0.0,,,,0.31,0.52,,,10.21,,,,,lnr,26.0,176.0,90.0,France,90.25641025641026,68.18181818181817,65.8,63.8,1.0,24,39,71,35,30,91,10.21,22.6,↗,5,"[36.6, 18.3, 38.6, 25.6, 16.4]",100,2.0,Ouvreur,10,100,Haute,False,Moyenne,False,7,73.9,,,,,,,,,,,,0.0,,,,,,
lnr_11482,11482,enzo-reybier,https://cdn.lnr.fr/joueur/11482-enzo-reybier/photo/photoFull.c13853c24f9a438203d2dc57b45e48161a549ae5,Enzo Reybier,Bordeaux,BOR,CENTRE,Centre,2024-2025,9,305.0,33.9,4.46,,,0.0,,,,1.31,1.05,,,2.62,,,,,lnr,,,,,0.0,0.0,70.3,70.3,0.75,100,86,100,17,30,0,,50.0,→,0,[],100,0.0,Centre,CTR,75,Haute,False,Basse,False,9,80.0,,,,,,,,,,,,0.0,,,,,,
lnr_2607,2607,esteban-capilla,https://cdn.lnr.fr/joueur/2607-esteban-capilla/photo/photoFull.1d6a32f7ce4a12d423552fb50b73687ec52ba345,Esteban Capilla,Bayonne,BAY,BACK_ROW,3ème ligne,2024-2025,15,805.0,53.7,14.31,,,0.1,,,,0.3,0.89,,,1.49,,,,,lnr,22.0,197.0,99.0,France,100.0,75.0,68.2,69.3,1.0,41,60,38,68,34,89,,57.1,↗,5,"[39.3, 54.6, 72.2, 100, 51.7]",100,-0.67,3ème Ligne,3L,100,Haute,False,Bonne,False,11,81.1,,,,,,,,,,,,0.0,,,,,,
lnr_1125,1125,ethan-dumortier,https://cdn.lnr.fr/joueur/1125-ethan-dumortier/photo/photoFull.eff1aa9b4a9f2b351be13ae3eed38b31d19c422e,Ethan Dumortier,Lyon,LOU,CENTRE,Centre,2024-2025,13,774.0,59.5,4.65,,,0.21,,,,0.93,0.31,,,1.55,,,,,lnr,24.0,191.0,93.0,France,97.94871794871794,70.45454545454545,68.9,66.4,1.0,86,25,59,19,39,86,,26.8,→,5,"[12.9, 39.9, 37.6, 24.9, 29.8]",100,0.5,Centre,CTR,100,Haute,False,Moyenne,False,17,60.0,,,,,,,,,,,,0.0,,,,,,
lnr_667,667,etienne-falgoux,https://cdn.lnr.fr/joueur/667-etienne-falgoux/photo/photoFull.b5e9990d9a31ede8327da9bafe6aeb896ea144f3,Etienne Falgoux,Clermont,CLR,FRONT_ROW,1ère ligne,2024-2025,15,685.0,45.7,7.71,,,0.12,,,,0.0,0.0,,,0.58,,,,,lnr,32.0,183.0,105.0,France,93.84615384615384,79.54545454545455,59.4,58.9,1.0,0,0,14,16,36,82,,25.6,↘,5,"[50.4, 14.1, 14.7, 23.6, 37.7]",100,1.26,1ère Ligne,1L,100,Haute,False,Moyenne,False,119,6.3,,,,,,,,,,,,0.0,,,,,,
lnr_657,657,etienne-fourcade,https://cdn.lnr.fr/joueur/657-etienne-fourcade/photo/photoFull.b5e9990d9a31ede8327da9bafe6aeb896ea144f3,Etienne Fourcade,Clermont,CLR,FRONT_ROW,1ère ligne,2024-2025,16,668.0,41.8,9.58,,,0.24,,,,0.36,0.24,,,2.99,,,,,lnr,28.0,180.0,103.0,France,92.3076923076923,78.03030303030303,70.8,69.6,1.0,89,26,74,35,41,80,,36.1,↗,5,"[45.4, 19.9, 54.3, 43.2, 39.3]",100,2.96,1ère Ligne,1L,100,Haute,False,Moyenne,False,59,53.6,,,,,,,,,,,,0.0,,,,,,
lnr_11716,11716,fabien-brau-boirie,https://cdn.lnr.fr/joueur/11716-fabien-brau-boirie/photo/photoFull.251395c196877a86dc9ce79b715f471d40431d54,F. Brau-boirie,Pau,PAU,CENTRE,Centre,2024-2025,12,835.0,69.6,10.44,,,0.29,,,,0.57,0.96,,,0.96,,,,,lnr,,,,,0.0,0.0,75.0,71.4,1.0,53,79,36,99,42,0,,28.0,↗,5,"[26.2, 24.2, 45.8, 44.5, 18.3]",100,0.0,Centre,CTR,100,Haute,False,Bonne,False,8,82.5,,,,,,,,,,,,0.0,,,,,,
lnr_280,280,federico-mori,https://cdn.lnr.fr/joueur/280-federico-mori/photo/photoFull.1d6a32f7ce4a12d423552fb50b73687ec52ba345,F. Mori,Bayonne,BAY,CENTRE,Centre,2024-2025,8,416.0,52.0,5.38,,,0.19,,,,0.0,0.19,,,1.92,,,,,lnr,24.0,188.0,108.0,Italie,96.4102564102564,81.81818181818183,56.7,57.6,0.75,0,16,73,29,38,95,,11.8,↘,5,"[34.7, 6.5, 7.3, 0, 20.7]",100,0.5,Centre,CTR,75,Haute,False,Moyenne,False,37,10.0,65.8,ITALY,15.0,cluster_1,75.5,77.1,50.0,82.2,55.8,65.6,80.7,0.0,,,,,,
lnr_556,556,feibyan-cornell-tukino,https://cdn.lnr.fr/joueur/556-feibyan-cornell-tukino/photo/photoFull.bf7e6b3668f1d7c40821cbfca4c5f267bcf81dfe,F. Tukino,Castres,CAS,BACK_ROW,3ème ligne,2024-2025,9,315.0,35.0,12.95,,,0.0,,,,0.25,0.25,,,1.27,,,,,lnr,23.0,190.0,111.0,Nouvelle Zélande,97.43589743589745,84.0909090909091,60.7,64.4,0.75,34,17,33,53,30,94,,50.7,↗,5,"[45.5, 37.1, 76.1, 27.3, 83.4]",100,-0.16,3ème Ligne,3L,75,Haute,False,Basse,False,33,39.6,,,,,,,,,,,,0.0,,,,,,
lnr_2157,2157,fabien-sanconnie,https://cdn.lnr.fr/joueur/2157-fabien-sanconnie/photo/photoFull.8b942e992ebb42fdd1ca819c8cb833427c776cef,Fabien Sanconnie,Racing 92,R92,BACK_ROW,3ème ligne,2024-2025,13,580.0,44.6,10.62,,,0.14,,,,0.0,0.14,,,0.0,,,,,lnr,30.0,195.0,114.0,France,100.0,86.36363636363636,60.2,66.4,0.75,0,9,0,28,36,97,,60.3,↘,5,"[83.9, 100, 46.0, 65.6, 71.7]",100,2.61,3ème Ligne,3L,75,Haute,False,Moyenne,False,24,54.7,,,,,,,,,,,,0.0,,,,,,
lnr_2453,2453,francois-cros,https://cdn.lnr.fr/joueur/2453-francois-cros/photo/photoFull.a2503fca1a2646233602741328f9c3f7893fa1e1,Francois Cros,Toulouse,TLS,BACK_ROW,3ème ligne,2024-2025,13,700.0,53.8,8.57,,,0.23,,,,0.23,0.11,,,0.0,,,,,lnr,31.0,190.0,111.0,France,97.43589743589745,84.0909090909091,57.9,63.6,1.0,31,7,0,6,40,94,,74.1,→,2,"[100, 75.9]",100,2.0,3ème Ligne,3L,100,Haute,False,Moyenne,False,37,32.1,67.6,France,25.0,cluster_1,61.3,57.0,50.0,90.8,77.7,56.7,86.9,0.0,,,,,,
lnr_1095,1095,felix-lambey,https://cdn.lnr.fr/joueur/1095-felix-lambey/photo/photoFull.8e39a4ffde2d58962f9632bb5639326c8c077ac5,Félix Lambey,Lyon,LOU,LOCK,2ème ligne,2024-2025,15,640.0,42.7,13.38,,,0.25,,,,0.25,1.12,,,0.62,,,,,lnr,31.0,196.0,107.0,France,100.0,81.06060606060606,79.8,81.6,1.0,89,99,44,54,40,97,,75.9,↗,5,"[59.2, 93.8, 74.0, 69.9, 100]",100,2.0,2ème Ligne,2L,100,Haute,False,Moyenne,False,1,100.0,77.7,France,10.0,cluster_1,95.6,85.2,50.0,90.8,62.3,84.0,88.3,0.2700000000000003,,,,,,
lnr_1009,1009,georges-henri-colombe-reazel,https://cdn.lnr.fr/joueur/1009-georges-henri-colombe-reazel/photo/photoFull.a2503fca1a2646233602741328f9c3f7893fa1e1,G. Colombe Reazel,La Rochelle,LRO,FRONT_ROW,1ère ligne,2024-2025,7,245.0,35.0,5.55,,,0.65,,,,0.33,0.65,,,1.63,,,,,lnr,27.0,193.0,142.0,France,98.97435897435898,100.0,74.7,71.9,0.6,81,69,40,0,60,100,,35.1,↗,5,"[3.4, 24.9, 33.7, 58.3, 43.9]",100,2.61,1ère Ligne,1L,60,Moyenne,True,Basse,False,39,69.0,,,,,,,,,,,,0.0,,,,,,
lnr_2484,2484,guillaume-cramont,https://cdn.lnr.fr/joueur/2484-guillaume-cramont/photo/photoFull.a2503fca1a2646233602741328f9c3f7893fa1e1,G. Cramont,Toulouse,TLS,FRONT_ROW,1ère ligne,2024-2025,20,696.0,34.8,12.53,,,0.23,,,,0.57,0.46,,,3.45,,,,,lnr,24.0,183.0,107.0,France,93.84615384615384,81.06060606060606,76.6,75.4,1.0,100,49,85,65,41,83,,50.1,↗,5,"[53.4, 24.7, 55.9, 22.6, 97.0]",100,0.5,1ère Ligne,1L,100,Haute,False,Moyenne,False,24,81.7,,,,,,,,,,,,0.0,,,,,,
lnr_612,612,gauthier-doubrere,https://cdn.lnr.fr/joueur/612-gauthier-doubrere/photo/photoFull.50e0d211418fb8267083232d5e5561b6e88fe79f,G. Doubrere,Castres,CAS,SCRUM_HALF,Demi de mêlée,2024-2025,8,134.0,16.8,6.57,,,0.6,,,,0.0,0.0,,,0.0,,,,,lnr,29.0,176.0,82.0,France,90.25641025641026,62.121212121212125,65.9,68.4,0.5,0,0,0,51,67,88,0.0,35.9,↗,5,"[0, 0, 100, 0, 21.6]",100,2.96,Demi de mêlée,9,50,Basse,True,Basse,True,9,66.7,,,,,,,,,,,,0.0,,,,,,
lnr_2201,2201,gia-kharaishvili,https://cdn.lnr.fr/joueur/2201-gia-kharaishvili/photo/photoFull.d27019f52768bff9ad76599574dced3c5044bc4f,G. Kharaishvili,Racing 92,R92,FRONT_ROW,1ère ligne,2024-2025,15,596.0,39.7,8.99,,,0.0,,,,0.0,0.0,,,0.0,,,,,lnr,26.0,180.0,120.0,Géorgie,92.3076923076923,90.9090909090909,62.9,64.6,0.75,0,0,0,29,30,90,,33.9,→,5,"[32.8, 39.8, 82.3, 26.0, 26.6]",100,2.0,1ère Ligne,1L,75,Haute,False,Moyenne,False,99,22.2,,,,,,,,,,,,0.0,,,,,,
lnr_1962,1962,gabin-kretchmann,https://cdn.lnr.fr/joueur/1962-gabin-kretchmann/photo/photoFull.14f86258177c199d0ec3ee9450197974d20d92b1,G. Kretchmann,Perpignan,PER,FULLBACK,Arrière,2024-2025,3,96.0,32.0,4.17,,,0.0,,,,0.0,1.67,,,7.5,,,,,lnr,19.0,183.0,84.0,France,93.84615384615384,63.63636363636363,73.1,67.7,0.5,0,100,100,69,30,90,7.5,27.3,→,2,"[59.2, 10.1]",100,-1.38,Arrière,ARR,50,Basse,True,Basse,True,7,68.4,,,,,,,,,,,,0.0,,,,,,
lnr_12577,12577,gianmarco-lucchesi-1,https://cdn.lnr.fr/joueur/12577-gianmarco-lucchesi-1/photo/photoFull.26dec662e84c737005260a65b33966bd7438db17,G. Lucchesi,Toulon,TLN,FRONT_ROW,1ère ligne,2024-2025,11,454.0,41.3,16.74,,,0.53,,,,0.0,0.7,,,4.41,,,,,lnr,24.0,184.0,103.0,Italie,94.35897435897436,78.03030303030303,86.3,80.8,0.75,0,75,100,100,54,81,,57.4,↘,4,"[78.2, 74.0, 54.9, 68.5]",100,0.5,1ère Ligne,1L,75,Haute,False,Moyenne,False,4,97.6,75.3,ITALY,17.0,cluster_1,74.3,64.0,50.0,90.5,73.5,68.5,83.1,0.0299999999999997,,,,,,
lnr_580,580,gauthier-maravat,https://cdn.lnr.fr/joueur/580-gauthier-maravat/photo/photoFull.bf7e6b3668f1d7c40821cbfca4c5f267bcf81dfe,G. Maravat,Castres,CAS,BACK_ROW,3ème ligne,2024-2025,15,635.0,42.3,9.57,,,0.38,,,,0.0,0.0,,,0.63,,,,,lnr,24.0,198.0,112.0,France,100.0,84.84848484848484,59.6,60.0,1.0,0,0,16,17,46,96,,35.2,↘,5,"[100, 68.7, 38.6, 0, 36.7]",100,0.5,3ème Ligne,3L,100,Haute,False,Moyenne,False,43,20.8,,,,,,,,,,,,0.0,,,,,,
lnr_1084,1084,guillaume-marchand,https://cdn.lnr.fr/joueur/1084-guillaume-marchand/photo/photoFull.8e39a4ffde2d58962f9632bb5639326c8c077ac5,G. Marchand,Lyon,LOU,FRONT_ROW,1ère ligne,2024-2025,17,751.0,44.2,16.09,,,0.43,,,,0.21,0.11,,,2.66,,,,,lnr,26.0,183.0,105.0,France,93.84615384615384,79.54545454545455,84.4,82.7,1.0,52,12,66,100,50,82,,52.6,↘,5,"[83.8, 81.0, 38.2, 52.4, 66.6]",100,2.0,1ère Ligne,1L,100,Haute,False,Moyenne,False,1,100.0,80.2,France,28.0,cluster_1,97.3,91.7,50.0,90.1,57.0,70.1,89.4,0.5200000000000002,,,,,,
lnr_2657,2657,guillaume-martocq,https://cdn.lnr.fr/joueur/2657-guillaume-martocq/photo/photoFull.1d6a32f7ce4a12d423552fb50b73687ec52ba345,G. Martocq,Bayonne,BAY,CENTRE,Centre,2024-2025,16,747.0,46.7,7.39,,,0.0,,,,0.32,0.21,,,1.07,,,,,lnr,25.0,183.0,94.0,France,93.84615384615384,71.21212121212122,62.8,62.5,1.0,30,17,41,57,30,86,,33.0,↘,5,"[41.2, 43.5, 9.1, 21.1, 59.4]",100,1.26,Centre,CTR,100,Haute,False,Moyenne,False,24,42.5,,,,,,,,,,,,0.0,,,,,,
lnr_1990,1990,giorgi-tetrashvili,https://cdn.lnr.fr/joueur/1990-giorgi-tetrashvili/photo/photoFull.746d583d9f8a2aa9c322b15ebadc8acc096151d2,G. Tetrashvili,Perpignan,PER,FRONT_ROW,1ère ligne,2024-2025,10,365.0,36.5,8.77,,,0.0,,,,0.0,0.44,,,0.0,,,,,lnr,31.0,177.0,114.0,Géorgie,90.76923076923076,86.36363636363636,64.6,66.8,0.75,0,47,0,27,30,87,,43.6,↗,5,"[3.6, 3.6, 98.5, 73.2, 37.7]",100,2.0,1ère Ligne,1L,75,Haute,False,Basse,False,79,37.7,52.2,GEORG,7.0,cluster_0,50.0,50.0,50.0,50.0,100.0,50.0,50.0,0.0,,,,,,
lnr_1444,1444,gabriel-ngandebe,https://cdn.lnr.fr/joueur/1444-gabriel-ngandebe/photo/photoFull.4cb2a4ab19ab443ff7739b68884b2f51b78c1bab,Gabriel Ngandebe,Montpellier,MHR,WINGER,Ailier,2024-2025,14,964.0,68.9,5.31,,,0.08,,,,0.58,0.0,,,2.07,,,,,lnr,,,,,0.0,0.0,59.5,57.7,1.0,42,0,48,42,37,0,2.07,17.4,↘,5,"[18.3, 34.7, 11.8, 17.7, 16.1]",100,0.0,Ailier,AIL,100,Haute,False,Bonne,False,22,12.5,,,,,,,,,,,,0.0,,,,,,
lnr_1447,1447,gela-aprasidze,https://cdn.lnr.fr/joueur/1447-gela-aprasidze/photo/photoFull.746d583d9f8a2aa9c322b15ebadc8acc096151d2,Gela Aprasidze,Perpignan,PER,SCRUM_HALF,Demi de mêlée,2024-2025,15,307.0,20.5,9.64,,,0.0,,,,0.26,0.78,,,0.0,,,,,lnr,27.0,175.0,70.0,Géorgie,89.74358974358975,53.03030303030303,72.6,69.3,0.75,40,56,0,100,30,80,0.0,22.4,↘,5,"[31.3, 6.7, 18.3, 0, 51.8]",100,2.61,Demi de mêlée,9,75,Haute,False,Basse,False,7,75.0,66.9,GEORG,45.0,cluster_0,57.3,70.2,52.6,87.6,91.9,57.6,88.1,0.0,,,,,,
lnr_709,709,george-moala,https://cdn.lnr.fr/joueur/709-george-moala/photo/photoFull.b5e9990d9a31ede8327da9bafe6aeb896ea144f3,George Moala,Clermont,CLR,CENTRE,Centre,2024-2025,14,703.0,50.2,6.49,,,0.23,,,,0.34,0.57,,,2.84,,,,,lnr,34.0,188.0,99.0,Nouvelle Zélande,96.4102564102564,75.0,66.1,61.8,1.0,31,47,100,45,40,90,,7.6,↘,4,"[21.6, 12.4, 9.8, 0]",100,-0.16,Centre,CTR,100,Haute,False,Moyenne,False,27,35.0,,,,,,,,,,,,0.0,,,,,,
lnr_12539,12539,giacomo-nicotera-1,https://cdn.lnr.fr/joueur/12539-giacomo-nicotera-1/photo/photoFull.eb7c8a121d72a5469d4eb6f17a32ea8cc568bf6c,Giacomo Nicotera,Paris,SFP,FRONT_ROW,1ère ligne,2024-2025,15,723.0,48.2,10.84,,,0.0,,,,0.0,0.11,,,1.11,,,,,lnr,28.0,183.0,108.0,Italie,93.84615384615384,81.81818181818183,67.2,67.7,1.0,0,12,27,48,30,84,,44.7,↘,5,"[100, 55.3, 69.8, 8.1, 56.8]",100,2.96,1ère Ligne,1L,100,Haute,False,Moyenne,False,73,42.9,73.1,ITALY,11.0,cluster_1,73.5,54.4,50.0,85.5,67.2,57.8,86.1,0.0,,,,,,
lnr_184,184,giorgi-akhaladze,https://cdn.lnr.fr/joueur/184-giorgi-akhaladze/photo/photoFull.b5e9990d9a31ede8327da9bafe6aeb896ea144f3,Giorgi Akhaladze,Clermont,CLR,FRONT_ROW,1ère ligne,2024-2025,19,822.0,43.3,10.41,,,0.0,,,,0.19,0.29,,,0.97,,,,,lnr,26.0,186.0,128.0,Géorgie,95.3846153846154,96.96969696969695,70.1,68.2,1.0,47,31,24,43,30,96,,30.8,↘,5,"[18.3, 78.4, 23.6, 18.3, 40.4]",100,2.0,1ère Ligne,1L,100,Haute,False,Bonne,False,66,48.4,,,,,,,,,,,,0.0,,,,,,
lnr_1811,1811,giorgi-melikidze,https://cdn.lnr.fr/joueur/1811-giorgi-melikidze/photo/photoFull.0d105085f705532550693973c5545a1d4e020463,Giorgi Melikidze,Paris,SFP,FRONT_ROW,1ère ligne,2024-2025,14,524.0,37.4,9.77,,,0.92,,,,0.15,0.0,,,0.0,,,,,lnr,28.0,180.0,116.0,Géorgie,92.3076923076923,87.87878787878788,78.2,75.4,0.75,37,0,0,37,70,88,,41.1,↘,5,"[26.0, 33.3, 43.8, 42.4, 62.1]",100,2.96,1ère Ligne,1L,75,Haute,False,Moyenne,False,26,80.2,77.6,GEORG,27.0,cluster_0,52.2,50.2,50.0,88.4,89.4,54.2,92.0,0.2599999999999994,,,,,,
lnr_980,980,gregory-alldritt,https://cdn.lnr.fr/joueur/980-gregory-alldritt/photo/photoFull.7cb6d3e8fb1a9ef473f9440830017cd30be5f626,Gregory Alldritt,La Rochelle,LRO,BACK_ROW,3ème ligne,2024-2025,15,978.0,65.2,10.39,,,0.98,,,,0.08,1.15,,,0.41,,,,,lnr,,,,,0.0,0.0,72.9,71.2,1.0,11,77,11,26,70,0,,39.9,↗,5,"[37.3, 37.3, 46.5, 49.2, 47.8]",100,0.0,3ème Ligne,3L,100,Haute,False,Bonne,False,5,92.5,76.3,France,47.0,cluster_1,83.5,92.5,50.0,75.3,57.9,79.7,74.0,0.1299999999999997,,,,,,
lnr_1887,1887,guram-papidze,https://cdn.lnr.fr/joueur/1887-guram-papidze/photo/photoFull.bf4a801945c52387138b3325d9dd3bcf510292ab,Guram Papidze,Pau,PAU,FRONT_ROW,1ère ligne,2024-2025,19,661.0,34.8,13.19,,,0.0,,,,0.0,0.0,,,0.61,,,,,lnr,27.0,187.0,122.0,Géorgie,95.8974358974359,92.42424242424242,72.7,72.7,1.0,0,0,15,72,30,92,,49.9,↗,5,"[14.6, 76.1, 95.9, 68.7, 36.2]",100,2.61,1ère Ligne,1L,100,Haute,False,Moyenne,False,33,74.2,67.4,GEORG,8.0,cluster_0,55.5,50.2,50.0,90.5,70.3,55.3,73.2,0.0,,,,,,
lnr_11987,11987,hugo-domingo-miotti,https://cdn.lnr.fr/joueur/11987-hugo-domingo-miotti/photo/photoFull.51bae4c81f5510244486dd81eab22f315e4675c1,H. Miotti,Montpellier,MHR,FLY_HALF,Demi d'ouverture,2024-2025,4,289.0,72.2,10.24,,,0.0,,,,0.28,0.0,,,6.64,,,,,lnr,,,,,0.0,0.0,56.6,59.7,0.6,22,0,46,100,30,0,6.64,17.4,↘,5,"[60.2, 15.7, 13.7, 17.0, 12.0]",100,0.0,Ouvreur,10,60,Moyenne,True,Basse,True,15,37.0,65.9,Argentine,23.0,cluster_1,50.7,50.5,72.1,89.1,97.2,54.0,88.7,0.0,,,,,,
lnr_1107,1107,hamza-kaabeche,https://cdn.lnr.fr/joueur/1107-hamza-kaabeche/photo/photoFull.8e39a4ffde2d58962f9632bb5639326c8c077ac5,Hamza Kaabeche,Lyon,LOU,FRONT_ROW,1ère ligne,2024-2025,17,715.0,42.1,12.2,,,0.0,,,,0.11,0.34,,,0.0,,,,,lnr,28.0,189.0,114.0,France,96.92307692307692,86.36363636363636,73.1,71.7,1.0,27,36,0,61,30,88,,38.9,→,5,"[24.7, 59.2, 51.8, 27.6, 52.4]",100,2.96,1ère Ligne,1L,100,Haute,False,Moyenne,False,43,66.3,,,,,,,,,,,,0.0,,,,,,
lnr_2175,2175,hassane-kolingar,https://cdn.lnr.fr/joueur/2175-hassane-kolingar/photo/photoFull.d27019f52768bff9ad76599574dced3c5044bc4f,Hassane Kolingar,Racing 92,R92,FRONT_ROW,1ère ligne,2024-2025,14,547.0,39.1,14.19,,,0.0,,,,0.0,0.0,,,0.0,,,,,lnr,27.0,184.0,115.0,France,94.35897435897436,87.12121212121212,74.0,77.7,0.75,0,0,0,82,30,88,,85.1,↗,5,"[100, 44.3, 92.5, 68.7, 100]",100,2.61,1ère Ligne,1L,75,Haute,False,Moyenne,False,10,92.9,,,,,,,,,,,,0.0,,,,,,
lnr_964,964,hoani-bosmorin,https://cdn.lnr.fr/joueur/964-hoani-bosmorin/photo/photoFull.7cb6d3e8fb1a9ef473f9440830017cd30be5f626,Hoani Bosmorin,La Rochelle,LRO,WINGER,Ailier,2024-2025,15,766.0,51.1,2.61,,,0.0,,,,0.42,0.52,,,1.57,,,,,lnr,20.0,184.0,78.0,France,94.35897435897436,59.09090909090909,57.6,55.4,1.0,30,33,37,4,30,80,1.57,13.2,↗,5,"[7.2, 11.5, 19.1, 36.8, 0]",100,-1.25,Ailier,AIL,100,Haute,False,Moyenne,False,23,6.2,,,,,,,,,,,,0.0,,,,,,
lnr_2271,2271,hugo-ndiaye,https://cdn.lnr.fr/joueur/2271-hugo-ndiaye/photo/photoFull.6fc701688372b38c2cd93e972d93fc323ab7f457,Hugo Ndiaye,Paris,SFP,FRONT_ROW,1ère ligne,2024-2025,8,209.0,26.1,9.19,,,0.0,,,,0.0,0.77,,,0.0,,,,,lnr,,,,,0.0,0.0,52.9,59.7,0.6,0,82,0,31,30,0,,50.0,→,0,[],100,0.0,1ère Ligne,1L,60,Moyenne,True,Basse,False,116,8.3,,,,,,,,,,,,0.0,,,,,,
lnr_1849,1849,hugo-parrou,https://cdn.lnr.fr/joueur/1849-hugo-parrou/photo/photoFull.bf4a801945c52387138b3325d9dd3bcf510292ab,Hugo Parrou,Pau,PAU,FRONT_ROW,1ère ligne,2024-2025,6,230.0,38.3,15.3,,,0.0,,,,0.0,0.7,,,0.0,,,,,lnr,22.0,183.0,110.0,France,93.84615384615384,83.33333333333334,77.0,71.4,0.6,0,75,0,93,30,85,,37.1,→,5,"[70.9, 60.9, 48.9, 44.6, 24.4]",100,-0.67,1ère Ligne,1L,60,Moyenne,True,Basse,False,47,63.5,,,,,,,,,,,,0.0,,,,,,
lnr_2489,2489,hugo-reilhes,https://cdn.lnr.fr/joueur/2489-hugo-reilhes/photo/photoFull.5130516f3d5f5fbc23b3eaab6efe1a2b3082c3df,Hugo Reilhes,Toulouse,TLS,FRONT_ROW,1ère ligne,2024-2025,6,138.0,23.0,15.07,,,0.0,,,,0.0,0.58,,,0.0,,,,,lnr,,,,,0.0,0.0,64.3,67.1,0.5,0,62,0,91,30,0,,50.0,→,0,[],100,0.0,1ère Ligne,1L,50,Basse,True,Basse,True,77,39.3,,,,,,,,,,,,0.0,,,,,,
lnr_949,949,hugo-reus,https://cdn.lnr.fr/joueur/949-hugo-reus/photo/photoFull.14f86258177c199d0ec3ee9450197974d20d92b1,Hugo Reus,Montpellier,MHR,FLY_HALF,Demi d'ouverture,2024-2025,1,419.0,,2.67,,,0.0,,,,0.19,0.19,,,0.0,,,,,lnr,21.0,183.0,83.0,France,93.84615384615384,62.87878787878788,50.8,55.0,0.75,15,14,0,15,30,91,0.0,23.6,↗,5,"[14.4, 18.5, 18.5, 47.8, 19.2]",100,-1.03,Ouvreur,10,75,Haute,False,Basse,True,21,13.0,,,,,,,,,,,,0.0,,,,,,
lnr_11725,11725,isaac-alexandre-nounagnon-koffi,https://cdn.lnr.fr/joueur/11725-isaac-alexandre-nounagnon-koffi/photo/photoFull.af05d90330b88b7be458e288b68ca734babbf81c,I. Koffi,Paris,SFP,FRONT_ROW,1ère ligne,2024-2025,8,234.0,29.2,11.62,,,0.0,,,,0.0,0.0,,,0.0,,,,,lnr,,,,,0.0,0.0,53.2,59.9,0.6,0,0,0,56,30,0,,50.0,→,0,[],100,0.0,1ère Ligne,1L,60,Moyenne,True,Basse,False,115,9.5,,,,,,,,,,,,0.0,,,,,,
lnr_1885,1885,ignacio-calles,https://cdn.lnr.fr/joueur/1885-ignacio-calles/photo/photoFull.1d6a32f7ce4a12d423552fb50b73687ec52ba345,Ignacio Calles,Pau,PAU,FRONT_ROW,1ère ligne,2024-2025,8,336.0,42.0,10.48,,,0.24,,,,0.0,0.71,,,0.0,,,,,lnr,29.0,187.0,116.0,Argentine,95.8974358974359,87.87878787878788,74.5,70.7,0.75,0,76,0,44,41,89,,23.9,↘,5,"[41.2, 28.4, 44.6, 3.1, 28.9]",100,2.96,1ère Ligne,1L,75,Haute,False,Basse,False,50,60.3,,,,,,,,,,,,0.0,,,,,,
lnr_11989,11989,ignacio-ruiz,https://cdn.lnr.fr/joueur/11989-ignacio-ruiz/photo/photoFull.14f86258177c199d0ec3ee9450197974d20d92b1,Ignacio Ruiz,Perpignan,PER,FRONT_ROW,1ère ligne,2024-2025,18,961.0,53.4,10.91,,,0.25,,,,0.08,0.33,,,0.42,,,,,lnr,24.0,185.0,109.0,Italie,94.87179487179486,82.57575757575758,70.4,70.7,1.0,20,35,10,48,42,84,,52.7,↗,5,"[15.8, 60.1, 73.1, 73.2, 58.9]",100,0.5,1ère Ligne,1L,100,Haute,False,Bonne,False,50,60.3,71.1,Argentine,7.0,cluster_1,55.9,50.0,50.0,86.2,74.7,82.0,93.0,0.0,,,,,,
lnr_2387,2387,ihaia-west,https://cdn.lnr.fr/joueur/2387-ihaia-west/photo/photoFull.7cb6d3e8fb1a9ef473f9440830017cd30be5f626,Ihaia West,La Rochelle,LRO,FLY_HALF,Demi d'ouverture,2024-2025,17,751.0,44.2,3.94,,,0.0,,,,0.11,0.11,,,4.79,,,,,lnr,33.0,175.0,84.0,Nouvelle Zélande,89.74358974358975,63.63636363636363,54.6,52.3,1.0,9,8,33,30,30,88,4.79,4.0,↘,5,"[0.3, 12.1, 0, 0, 6.2]",100,0.5,Ouvreur,10,100,Haute,False,Moyenne,False,23,4.3,,,,,,,,,,,,0.0,,,,,,
lnr_857,857,irakli-aptsiauri,https://cdn.lnr.fr/joueur/857-irakli-aptsiauri/photo/photoFull.8e39a4ffde2d58962f9632bb5639326c8c077ac5,Irakli Aptsiauri,Lyon,LOU,FRONT_ROW,1ère ligne,2024-2025,16,620.0,38.8,14.06,,,0.39,,,,0.13,0.13,,,0.0,,,,,lnr,22.0,185.0,122.0,Géorgie,94.87179487179486,92.42424242424242,78.4,77.9,1.0,32,14,0,80,48,92,,60.8,↗,5,"[29.8, 100, 100, 61.1, 35.4]",100,-0.67,1ère Ligne,1L,100,Haute,False,Moyenne,False,9,93.7,,,,,,,,,,,,0.0,,,,,,
lnr_12591,12591,jermaine-ainsley,https://cdn.lnr.fr/joueur/12591-jermaine-ainsley/photo/photoFull.927f14763f41272d69deff95784a28a1a65adb71,J. Ainsley,Lyon,LOU,FRONT_ROW,1ère ligne,2024-2025,17,859.0,50.5,10.43,,,0.0,,,,0.09,0.0,,,0.47,,,,,lnr,29.0,181.0,127.0,Nouvelle Zélande,92.82051282051282,96.21212121212122,68.4,70.0,1.0,22,0,12,43,30,95,,56.0,↘,5,"[31.2, 100, 100, 31.4, 39.9]",100,2.96,1ère Ligne,1L,100,Haute,False,Bonne,False,57,55.6,,,,,,,,,,,,0.0,,,,,,
lnr_611,611,jeremy-fernandez,https://cdn.lnr.fr/joueur/611-jeremy-fernandez/photo/photoFull.50e0d211418fb8267083232d5e5561b6e88fe79f,J. Fernandez,Castres,CAS,SCRUM_HALF,Demi de mêlée,2024-2025,23,999.0,43.4,7.05,,,0.08,,,,0.0,0.08,,,11.45,,,,,lnr,27.0,176.0,90.0,France,90.25641025641026,68.18181818181817,59.6,59.8,1.0,0,6,100,59,35,93,11.45,30.2,↘,5,"[45.0, 21.1, 37.3, 41.2, 28.7]",100,2.61,Demi de mêlée,9,100,Haute,False,Bonne,False,22,12.5,,,,,,,,,,,,0.0,,,,,,
lnr_12498,12498,jonathan-gray,https://cdn.lnr.fr/joueur/12498-jonathan-gray/photo/photoFull.69fbb6c0ebf33080bfca02a9de0a33e02ddaed63,J. Gray,Bordeaux,BOR,LOCK,2ème ligne,2024-2025,19,935.0,49.2,14.2,,,0.0,,,,0.0,1.03,,,0.0,,,,,lnr,31.0,198.0,122.0,Grande-Bretagne,100.0,92.42424242424242,75.6,76.1,1.0,0,91,0,61,30,99,,58.2,↘,5,"[100, 98.9, 75.9, 60.1, 36.7]",100,2.0,2ème Ligne,2L,100,Haute,False,Bonne,False,7,87.5,77.1,SCOT,57.0,cluster_1,92.7,77.5,50.0,94.0,67.0,75.1,84.3,0.2099999999999994,,,,,,
lnr_2358,2358,jean-baptiste-gros,https://cdn.lnr.fr/joueur/2358-jean-baptiste-gros/photo/photoFull.2eaacbd11c12f10f571df4cbac07c560d1665acd,J. Gros,Toulon,TLN,FRONT_ROW,1ère ligne,2024-2025,13,610.0,46.9,12.46,,,0.0,,,,0.13,0.52,,,0.0,,,,,lnr,25.0,186.0,112.0,France,95.3846153846154,84.84848484848484,73.0,71.5,1.0,32,55,0,64,30,86,,40.3,↘,5,"[63.4, 47.8, 19.9, 19.9, 73.1]",100,1.26,1ère Ligne,1L,100,Haute,False,Moyenne,False,46,64.3,72.2,France,21.0,cluster_1,58.0,52.6,50.0,90.2,77.0,50.0,87.9,0.0,,,,,,
lnr_1782,1782,james-robert-hall,https://cdn.lnr.fr/joueur/1782-james-robert-hall/photo/photoFull.746d583d9f8a2aa9c322b15ebadc8acc096151d2,J. Hall,Perpignan,PER,SCRUM_HALF,Demi de mêlée,2024-2025,18,768.0,42.7,8.75,,,0.0,,,,0.0,0.21,,,0.0,,,,,lnr,29.0,173.0,82.0,Afrique du Sud,88.71794871794872,62.121212121212125,61.2,61.6,1.0,0,15,0,87,30,87,0.0,33.7,↘,5,"[34.0, 34.0, 19.1, 50.4, 41.2]",100,2.96,Demi de mêlée,9,100,Haute,False,Moyenne,False,19,25.0,,,,,,,,,,,,0.0,,,,,,
lnr_92,92,jefferson-lee-joseph,https://cdn.lnr.fr/joueur/92-jefferson-lee-joseph/photo/photoFull.b817331ae7e7f540e8505004318a8073270e5d10,J. Joseph,Perpignan,PER,FULLBACK,Arrière,2024-2025,15,949.0,63.3,5.65,,,0.0,,,,0.93,1.1,,,1.26,,,,,lnr,22.0,192.0,88.0,France,98.46153846153848,66.66666666666666,74.6,70.5,1.0,75,77,24,100,30,95,1.26,23.2,↗,5,"[15.1, 15.1, 48.4, 22.9, 21.6]",100,-0.67,Arrière,ARR,100,Haute,False,Bonne,False,4,84.2,76.7,Angleterre,37.0,cluster_1,80.4,69.0,50.0,89.7,89.3,80.1,97.4,0.1700000000000003,,,,,,
lnr_12243,12243,jose-junior-kpoku,https://cdn.lnr.fr/joueur/12243-jose-junior-kpoku/photo/photoFull.26dec662e84c737005260a65b33966bd7438db17,J. K'poku,Racing 92,R92,LOCK,2ème ligne,2024-2025,14,718.0,51.3,13.7,,,0.56,,,,0.11,0.22,,,0.0,,,,,lnr,19.0,,119.0,Angleterre,0.0,90.15151515151516,62.5,67.5,1.0,39,19,0,57,51,14,,81.9,↗,5,"[74.0, 74.0, 51.8, 45.6, 100]",100,-1.38,2ème Ligne,2L,100,Haute,False,Moyenne,False,17,66.7,,,,,,,,,,,,0.0,,,,,,
lnr_2005,2005,jake-aron-mcintyre,https://cdn.lnr.fr/joueur/2005-jake-aron-mcintyre/photo/photoFull.746d583d9f8a2aa9c322b15ebadc8acc096151d2,J. Mcintyre,Perpignan,PER,FLY_HALF,Demi d'ouverture,2024-2025,10,497.0,49.7,2.9,,,0.16,,,,0.16,0.16,,,0.0,,,,,lnr,,,,,0.0,0.0,52.2,56.0,0.75,12,12,0,18,46,0,0.0,22.7,→,1,[24.7],100,0.0,Ouvreur,10,75,Haute,False,Moyenne,False,19,21.7,,,,,,,,,,,,0.0,,,,,,
lnr_2399,2399,joel-merkler-perez,https://cdn.lnr.fr/joueur/2399-joel-merkler-perez/photo/photoFull.a2503fca1a2646233602741328f9c3f7893fa1e1,J. Merkler Perez,Toulouse,TLS,FRONT_ROW,1ère ligne,2024-2025,23,786.0,34.2,10.18,,,0.1,,,,0.1,0.2,,,1.02,,,,,lnr,23.0,194.0,135.0,Espagne,99.48717948717947,100.0,68.3,71.8,1.0,25,21,25,41,35,100,,77.0,↗,5,"[54.1, 36.2, 60.6, 100, 100]",100,-0.16,1ère Ligne,1L,100,Haute,False,Moyenne,False,42,67.5,68.8,URUG,27.0,cluster_0,53.8,54.1,50.0,82.2,96.8,52.9,69.0,0.0,,,,,,
lnr_329,329,jefferson-poirot,https://cdn.lnr.fr/joueur/329-jefferson-poirot/photo/photoFull.9db3e1c64b0fa647759e691550b9e8351884f243,J. Poirot,Bordeaux,BOR,FRONT_ROW,1ère ligne,2024-2025,20,931.0,46.5,13.66,,,0.26,,,,0.09,0.17,,,0.86,,,,,lnr,32.0,181.0,117.0,France,92.82051282051282,88.63636363636364,77.2,76.4,1.0,22,18,21,76,42,89,,52.8,↗,5,"[23.8, 87.9, 30.9, 68.7, 71.5]",100,1.26,1ère Ligne,1L,100,Haute,False,Bonne,False,19,85.7,70.5,France,38.0,cluster_1,83.0,75.0,50.0,90.9,60.0,60.3,88.8,0.0,,,,,,
lnr_2307,2307,joe-quere-karaba,https://cdn.lnr.fr/joueur/2307-joe-quere-karaba/photo/photoFull.2eaacbd11c12f10f571df4cbac07c560d1665acd,J. Quere Karaba,Toulon,TLN,BACK_ROW,3ème ligne,2024-2025,2,43.0,21.5,13.02,,,0.0,,,,1.86,0.0,,,9.3,,,,,lnr,20.0,183.0,97.0,France,93.84615384615384,73.48484848484848,59.6,63.9,0.5,100,0,100,54,30,85,,40.0,↗,5,"[12.9, 55.1, 18.3, 91.8, 32.1]",100,-1.25,3ème Ligne,3L,50,Basse,True,Basse,True,35,35.8,,,,,,,,,,,,0.0,,,,,,
lnr_1083,1083,jerome-rey,https://cdn.lnr.fr/joueur/1083-jerome-rey/photo/photoFull.8e39a4ffde2d58962f9632bb5639326c8c077ac5,J. Rey,Lyon,LOU,FRONT_ROW,1ère ligne,2024-2025,16,662.0,41.4,14.86,,,0.0,,,,0.12,0.24,,,0.6,,,,,lnr,29.0,181.0,133.0,France,92.82051282051282,100.0,80.3,81.9,1.0,30,26,15,89,30,98,,75.3,↗,5,"[100, 67.3, 100, 100, 55.7]",100,2.96,1ère Ligne,1L,100,Haute,False,Moyenne,False,2,99.2,,,,,,,,,,,,0.0,,,,,,
lnr_1752,1752,juan-martin-scelzo,https://cdn.lnr.fr/joueur/1752-juan-martin-scelzo/photo/photoFull.af05d90330b88b7be458e288b68ca734babbf81c,J. Scelzo,Paris,SFP,BACK_ROW,3ème ligne,2024-2025,10,395.0,39.5,10.13,,,0.2,,,,0.0,0.0,,,0.0,,,,,lnr,23.0,192.0,110.0,France,98.46153846153848,83.33333333333334,56.5,59.6,0.75,0,0,0,23,38,94,,31.3,↘,5,"[46.7, 52.4, 34.0, 47.8, 18.3]",100,-0.16,3ème Ligne,3L,75,Haute,False,Basse,False,44,18.9,,,,,,,,,,,,0.0,,,,,,
lnr_970,970,joel-antonio-sclavi,https://cdn.lnr.fr/joueur/970-joel-antonio-sclavi/photo/photoFull.7cb6d3e8fb1a9ef473f9440830017cd30be5f626,J. Sclavi,La Rochelle,LRO,FRONT_ROW,1ère ligne,2024-2025,9,258.0,28.7,11.78,,,0.0,,,,0.0,0.0,,,0.0,,,,,lnr,30.0,188.0,135.0,Argentine,96.4102564102564,100.0,71.1,70.7,0.6,0,0,0,57,30,100,,39.9,↗,5,"[10.7, 5.9, 13.3, 12.1, 100]",100,2.61,1ère Ligne,1L,60,Moyenne,True,Basse,False,50,60.3,62.7,Argentine,15.0,cluster_1,57.6,50.0,50.0,91.1,60.1,50.0,79.7,0.0,,,,,,
lnr_1739,1739,juan-john-van-der-mescht,https://cdn.lnr.fr/joueur/1739-juan-john-van-der-mescht/photo/photoFull.af05d90330b88b7be458e288b68ca734babbf81c,J. Van Der Mescht,Paris,SFP,LOCK,2ème ligne,2024-2025,20,876.0,43.8,9.04,,,0.27,,,,0.18,0.18,,,1.37,,,,,lnr,,,,,0.0,0.0,51.4,51.4,1.0,64,16,97,16,40,0,,50.0,→,0,[],100,0.0,2ème Ligne,2L,100,Haute,False,Bonne,False,45,8.3,,,,,,,,,,,,0.0,,,,,,
lnr_693,693,jacobus-van-tonder,https://cdn.lnr.fr/joueur/693-jacobus-van-tonder/photo/photoFull.746d583d9f8a2aa9c322b15ebadc8acc096151d2,J. Van Tonder,Perpignan,PER,LOCK,2ème ligne,2024-2025,9,446.0,49.6,17.22,,,0.36,,,,0.0,0.0,,,0.0,,,,,lnr,27.0,197.0,118.0,Afrique du Sud,100.0,89.39393939393939,81.1,77.2,0.75,0,0,0,87,44,98,,45.3,↘,5,"[80.0, 77.2, 51.7, 43.9, 43.5]",100,2.61,2ème Ligne,2L,75,Haute,False,Moyenne,False,4,93.8,,,,,,,,,,,,0.0,,,,,,
lnr_133,133,jon-zabala-arrieta,https://cdn.lnr.fr/joueur/133-jon-zabala-arrieta/photo/photoFull.bf4a801945c52387138b3325d9dd3bcf510292ab,J. Zabala Arrieta,Pau,PAU,FRONT_ROW,1ère ligne,2024-2025,21,744.0,35.4,12.04,,,0.0,,,,0.0,0.11,,,0.0,,,,,lnr,28.0,190.0,132.0,Espagne,97.43589743589745,100.0,72.4,73.5,1.0,0,12,0,60,30,99,,57.9,↗,5,"[60.1, 24.7, 100, 55.3, 55.3]",100,2.96,1ère Ligne,1L,100,Haute,False,Moyenne,False,30,77.0,,,,,,,,,,,,0.0,,,,,,
lnr_2188,2188,janick-tarrit,https://cdn.lnr.fr/joueur/2188-janick-tarrit/photo/photoFull.d27019f52768bff9ad76599574dced3c5044bc4f,Janick Tarrit,Racing 92,R92,FRONT_ROW,1ère ligne,2024-2025,15,517.0,34.5,13.77,,,0.46,,,,0.15,0.15,,,3.09,,,,,lnr,26.0,183.0,100.0,France,93.84615384615384,75.75757575757575,79.3,77.6,0.75,37,16,76,77,51,79,,59.6,↗,5,"[36.2, 68.7, 61.1, 71.0, 81.7]",100,2.0,1ère Ligne,1L,75,Haute,False,Moyenne,False,11,91.3,,,,,,,,,,,,0.0,,,,,,
lnr_2232,2232,jimi-maximin,https://cdn.lnr.fr/joueur/2232-jimi-maximin/photo/photoFull.bf4a801945c52387138b3325d9dd3bcf510292ab,Jimi Maximin,Pau,PAU,LOCK,2ème ligne,2024-2025,8,425.0,53.1,14.68,,,0.0,,,,0.0,0.19,,,1.88,,,,,lnr,26.0,,133.0,France,0.0,100.0,60.1,65.0,0.75,0,17,100,65,30,15,,50.8,↗,5,"[72.3, 72.3, 100, 43.8, 30.0]",100,2.0,2ème Ligne,2L,75,Haute,False,Moyenne,False,23,54.2,,,,,,,,,,,,0.0,,,,,,
lnr_1955,1955,joaquin-oviedo,https://cdn.lnr.fr/joueur/1955-joaquin-oviedo/photo/photoFull.14f86258177c199d0ec3ee9450197974d20d92b1,Joaquin Oviedo,Perpignan,PER,BACK_ROW,3ème ligne,2024-2025,15,880.0,58.7,10.82,,,0.09,,,,0.18,0.82,,,1.36,,,,,lnr,23.0,191.0,113.0,Argentine,97.94871794871794,85.60606060606061,61.6,64.7,1.0,24,55,35,31,34,96,,61.9,↗,5,"[44.3, 89.7, 100, 90.6, 39.3]",100,-0.16,3ème Ligne,3L,100,Haute,False,Bonne,False,30,45.3,,,,,,,,,,,,0.0,,,,,,
lnr_11982,11982,job-poulet-1,https://cdn.lnr.fr/joueur/11982-job-poulet-1/photo/photoFull.14f86258177c199d0ec3ee9450197974d20d92b1,Job Poulet,Perpignan,PER,CENTRE,Centre,2024-2025,2,107.0,53.5,5.98,,,0.0,,,,0.0,0.75,,,0.0,,,,,lnr,21.0,180.0,79.0,France,92.3076923076923,59.84848484848485,58.2,61.1,0.5,0,61,0,38,30,76,,20.0,↘,5,"[0, 100, 36.2, 16.1, 0]",100,-1.03,Centre,CTR,50,Basse,True,Basse,True,29,30.0,,,,,,,,,,,,0.0,,,,,,
lnr_263,263,joe-jonas,https://cdn.lnr.fr/joueur/263-joe-jonas/photo/photoFull.6c61a78ea05a83cc6a420d4be67474b50364ae43,Joe Jonas,Paris,SFP,FULLBACK,Arrière,2024-2025,15,759.0,50.6,2.85,,,0.11,,,,0.74,0.32,,,1.05,,,,,lnr,24.0,180.0,90.0,Afrique du Sud,92.3076923076923,68.18181818181817,66.0,65.4,1.0,60,22,20,32,55,91,1.05,37.5,↗,5,"[40.3, 21.6, 14.3, 87.1, 33.7]",100,0.5,Arrière,ARR,100,Haute,False,Moyenne,False,10,52.6,,,,,,,,,,,,0.0,,,,,,
lnr_1075,1075,joel-kpoku,https://cdn.lnr.fr/joueur/1075-joel-kpoku/photo/photoFull.bf4a801945c52387138b3325d9dd3bcf510292ab,Joel Kpoku,Pau,PAU,LOCK,2ème ligne,2024-2025,12,448.0,37.3,12.5,,,1.07,,,,0.0,0.36,,,0.0,,,,,lnr,25.0,196.0,114.0,Angleterre,100.0,86.36363636363636,79.7,77.8,0.75,0,32,0,46,70,97,,62.3,→,3,"[65.3, 32.8, 100]",100,1.26,2ème Ligne,2L,75,Haute,False,Moyenne,False,3,95.8,,,,,,,,,,,,0.0,,,,,,
lnr_11712,11712,jon-echegaray,https://cdn.lnr.fr/joueur/11712-jon-echegaray/photo/photoFull.4fad25dd8031cb5acc33df54f2c4151e7cc1c37a,Jon Echegaray,Bordeaux,BOR,WINGER,Ailier,2024-2025,6,364.0,60.7,3.96,,,0.22,,,,1.1,0.44,,,4.4,,,,,lnr,19.0,180.0,85.0,France,92.3076923076923,64.39393939393939,74.3,67.1,0.75,79,28,100,23,48,84,4.4,9.1,→,5,"[0, 24.4, 5.2, 5.7, 8.5]",100,-1.38,Ailier,AIL,75,Haute,False,Basse,False,12,54.2,,,,,,,,,,,,0.0,,,,,,
lnr_991,991,jonathan-danty,https://cdn.lnr.fr/joueur/991-jonathan-danty/photo/photoFull.f5ab75ea7c8f921ef2f66960c9e22eacb5e76013,Jonathan Danty,La Rochelle,LRO,CENTRE,Centre,2024-2025,17,911.0,53.6,7.29,,,0.79,,,,0.35,0.7,,,0.44,,,,,lnr,32.0,181.0,110.0,France,92.82051282051282,83.33333333333334,76.3,72.4,1.0,32,57,17,56,64,95,,26.0,→,2,"[33.3, 25.5]",100,1.26,Centre,CTR,100,Haute,False,Bonne,False,6,87.5,71.6,France,20.0,cluster_1,70.1,74.2,50.0,91.6,75.5,70.5,85.6,0.0,,,,,,
lnr_1909,1909,jordan-joseph,https://cdn.lnr.fr/joueur/1909-jordan-joseph/photo/photoFull.d27019f52768bff9ad76599574dced3c5044bc4f,Jordan Joseph,Racing 92,R92,LOCK,2ème ligne,2024-2025,21,984.0,46.9,9.84,,,0.81,,,,0.24,1.14,,,0.81,,,,,lnr,24.0,189.0,115.0,France,96.92307692307692,87.12121212121212,76.9,77.1,1.0,86,100,57,23,61,95,,61.0,↗,5,"[15.8, 41.8, 60.9, 54.2, 100]",100,0.5,2ème Ligne,2L,100,Haute,False,Bonne,False,5,91.7,76.7,Angleterre,37.0,cluster_1,80.4,69.0,50.0,89.7,89.3,80.1,97.4,0.1700000000000003,,,,,,
lnr_11291,11291,joris-dupont,https://cdn.lnr.fr/joueur/11291-joris-dupont/photo/photoFull.6f21bcf3f2603044fd281cd01cb394008aed942a,Joris Dupont,Castres,CAS,FLY_HALF,Demi d'ouverture,2024-2025,3,78.0,26.0,2.05,,,0.0,,,,1.03,0.0,,,0.0,,,,,lnr,,,,,0.0,0.0,52.2,61.1,0.5,80,0,0,8,30,0,0.0,50.0,→,0,[],100,0.0,Ouvreur,10,50,Basse,True,Basse,True,12,52.2,,,,,,,,,,,,0.0,,,,,,
lnr_402,402,joris-jurand,https://cdn.lnr.fr/joueur/402-joris-jurand/photo/photoFull.b5e9990d9a31ede8327da9bafe6aeb896ea144f3,Joris Jurand,Clermont,CLR,CENTRE,Centre,2024-2025,7,476.0,68.0,4.54,,,0.17,,,,0.5,0.67,,,1.68,,,,,lnr,29.0,188.0,106.0,France,96.4102564102564,80.3030303030303,69.1,66.3,0.75,46,55,64,18,37,94,,13.9,→,5,"[20.2, 12.9, 26.8, 2.6, 14.4]",100,2.96,Centre,CTR,75,Haute,False,Moyenne,False,18,57.5,,,,,,,,,,,,0.0,,,,,,
lnr_12425,12425,joseph-carbery,https://cdn.lnr.fr/joueur/12425-joseph-carbery/photo/photoFull.69fbb6c0ebf33080bfca02a9de0a33e02ddaed63,Joseph Carbery,Bordeaux,BOR,FLY_HALF,Demi d'ouverture,2024-2025,20,945.0,47.2,4.99,,,0.0,,,,0.17,0.42,,,6.86,,,,,lnr,29.0,183.0,86.0,Irlande,93.84615384615384,65.15151515151516,63.1,60.6,1.0,13,31,48,42,30,92,6.86,12.7,↘,5,"[0, 32.1, 31.9, 19.4, 0]",100,2.96,Ouvreur,10,100,Haute,False,Bonne,False,13,45.7,75.4,Irlande,40.0,cluster_1,63.2,74.6,73.1,87.9,91.2,66.3,96.8,0.0400000000000005,,,,,,
lnr_2290,2290,jules-coulon,https://cdn.lnr.fr/joueur/2290-jules-coulon/photo/photoFull.2eaacbd11c12f10f571df4cbac07c560d1665acd,Jules Coulon,Toulon,TLN,BACK_ROW,3ème ligne,2024-2025,12,633.0,52.8,9.35,,,0.88,,,,0.38,0.51,,,0.63,,,,,lnr,22.0,189.0,104.0,France,96.92307692307692,78.78787878787878,71.6,70.3,1.0,51,34,16,15,67,90,,43.4,↗,5,"[20.7, 16.4, 68.7, 36.7, 68.7]",100,-0.67,3ème Ligne,3L,100,Haute,False,Moyenne,False,7,88.7,,,,,,,,,,,,0.0,,,,,,
lnr_2289,2289,jules-danglot,https://cdn.lnr.fr/joueur/2289-jules-danglot/photo/photoFull.fb26dc620384a6249e4f25079e745b2cf06fe9f6,Jules Danglot,Toulon,TLN,SCRUM_HALF,Demi de mêlée,2024-2025,17,339.0,19.9,10.62,,,0.24,,,,0.71,0.94,,,1.18,,,,,lnr,,,,,0.0,0.0,78.1,76.1,0.75,100,67,15,100,45,0,1.18,50.0,→,0,[],100,0.0,Demi de mêlée,9,75,Haute,False,Basse,False,1,100.0,,,,,,,,,,,,0.0,,,,,,
lnr_2445,2445,julien-marchand,https://cdn.lnr.fr/joueur/2445-julien-marchand/photo/photoFull.a2503fca1a2646233602741328f9c3f7893fa1e1,Julien Marchand,Toulouse,TLS,FRONT_ROW,1ère ligne,2024-2025,14,645.0,46.1,8.56,,,1.36,,,,0.0,0.74,,,2.48,,,,,lnr,29.0,181.0,110.0,France,92.82051282051282,83.33333333333334,78.6,77.4,1.0,0,79,61,24,70,85,,45.0,↘,5,"[89.1, 58.1, 45.5, 23.4, 64.3]",100,2.96,1ère Ligne,1L,100,Haute,False,Moyenne,False,17,87.3,80.2,France,28.0,cluster_1,97.3,91.7,50.0,90.1,57.0,70.1,89.4,0.5200000000000002,,,,,,
lnr_1417,1417,julien-tisseron,https://cdn.lnr.fr/joueur/1417-julien-tisseron/photo/photoFull.5130516f3d5f5fbc23b3eaab6efe1a2b3082c3df,Julien Tisseron,Montpellier,MHR,FULLBACK,Arrière,2024-2025,7,465.0,66.4,1.89,,,0.0,,,,0.0,0.17,,,0.0,,,,,lnr,,,,,0.0,0.0,46.0,52.0,0.75,0,12,0,5,30,0,0.0,50.0,→,0,[],100,0.0,Arrière,ARR,75,Haute,False,Moyenne,False,19,5.3,,,,,,,,,,,,0.0,,,,,,
lnr_360,360,kane-douglas,https://cdn.lnr.fr/joueur/360-kane-douglas/photo/photoFull.01e7e4177db166b370a81655ed844dbb271b4fe2,Kane Douglas,La Rochelle,LRO,LOCK,2ème ligne,2024-2025,17,753.0,44.3,8.18,,,0.0,,,,0.0,0.11,,,0.53,,,,,lnr,35.0,,119.0,Australie,0.0,90.15151515151516,43.5,46.7,1.0,0,10,37,9,30,14,,33.9,↘,5,"[56.5, 15.1, 35.5, 13.3, 60.9]",100,-0.67,2ème Ligne,2L,100,Haute,False,Moyenne,False,47,4.2,65.2,Australie,11.0,cluster_1,56.4,52.8,50.0,77.4,68.1,50.0,77.8,0.0,,,,,,
lnr_1030,1030,karl-sorin,https://cdn.lnr.fr/joueur/1030-karl-sorin/photo/photoFull.01e7e4177db166b370a81655ed844dbb271b4fe2,Karl Sorin,La Rochelle,LRO,FRONT_ROW,1ère ligne,2024-2025,1,78.0,78.0,8.21,,,0.0,,,,0.0,2.05,,,0.0,,,,,lnr,21.0,186.0,135.0,France,95.3846153846154,100.0,65.9,65.5,0.5,0,100,0,21,30,99,,31.9,↘,5,"[62.1, 37.3, 20.4, 20.4, 47.8]",100,-1.03,1ère Ligne,1L,50,Basse,True,Basse,True,92,27.4,,,,,,,,,,,,0.0,,,,,,
lnr_1105,1105,killian-geraci,https://cdn.lnr.fr/joueur/1105-killian-geraci/photo/photoFull.8e39a4ffde2d58962f9632bb5639326c8c077ac5,Killian Geraci,Lyon,LOU,LOCK,2ème ligne,2024-2025,16,815.0,50.9,15.31,,,0.29,,,,0.0,0.2,,,0.0,,,,,lnr,26.0,,115.0,France,0.0,87.12121212121212,64.8,67.4,1.0,0,18,0,71,41,13,,59.7,↘,5,"[58.9, 100, 100, 20.7, 68.7]",100,2.0,2ème Ligne,2L,100,Haute,False,Bonne,False,18,64.6,,,,,,,,,,,,0.0,,,,,,
lnr_12366,12366,kleo-labarbe,https://cdn.lnr.fr/joueur/12366-kleo-labarbe/photo/photoFull.8b942e992ebb42fdd1ca819c8cb833427c776cef,Kleo Labarbe,Racing 92,R92,SCRUM_HALF,Demi de mêlée,2024-2025,5,168.0,33.6,8.1,,,0.0,,,,0.0,1.43,,,4.76,,,,,lnr,20.0,175.0,65.0,France,89.74358974358975,49.24242424242424,73.6,70.1,0.6,0,100,59,76,30,77,4.76,41.5,↗,5,"[34.0, 29.5, 37.3, 3.6, 93.2]",100,-1.25,Demi de mêlée,9,60,Moyenne,True,Basse,False,5,83.3,,,,,,,,,,,,0.0,,,,,,
lnr_1793,1793,kylan-hamdaoui,https://cdn.lnr.fr/joueur/1793-kylan-hamdaoui/photo/photoFull.b5e9990d9a31ede8327da9bafe6aeb896ea144f3,Kylan Hamdaoui,Clermont,CLR,FULLBACK,Arrière,2024-2025,8,522.0,65.2,1.38,,,0.0,,,,0.46,0.31,,,0.0,,,,,lnr,31.0,182.0,91.0,France,93.33333333333331,68.93939393939394,55.7,58.8,0.75,37,22,0,0,30,92,0.0,21.3,→,5,"[23.6, 56.5, 36.7, 24.9, 3.3]",100,2.0,Arrière,ARR,75,Haute,False,Moyenne,False,14,31.6,,,,,,,,,,,,0.0,,,,,,
lnr_12566,12566,kyle-sinckler-1,https://cdn.lnr.fr/joueur/12566-kyle-sinckler-1/photo/photoFull.26dec662e84c737005260a65b33966bd7438db17,Kyle Sinckler,Toulon,TLN,FRONT_ROW,1ère ligne,2024-2025,20,998.0,49.9,12.26,,,0.08,,,,0.0,0.08,,,0.8,,,,,lnr,32.0,182.0,122.0,Grande-Bretagne,93.33333333333331,92.42424242424242,71.0,70.2,1.0,0,9,20,62,34,92,,43.0,↘,5,"[34.0, 81.7, 39.9, 38.6, 54.6]",100,1.26,1ère Ligne,1L,100,Haute,False,Bonne,False,55,56.7,74.8,Angleterre,70.0,cluster_1,93.0,77.0,50.0,88.8,63.8,76.3,86.3,0.0,,,,,,
lnr_1052,1052,liam-robson-allen,https://cdn.lnr.fr/joueur/1052-liam-robson-allen/photo/photoFull.8e39a4ffde2d58962f9632bb5639326c8c077ac5,L. Allen,Lyon,LOU,BACK_ROW,3ème ligne,2024-2025,10,609.0,60.9,13.66,,,0.66,,,,0.13,0.13,,,0.0,,,,,lnr,25.0,191.0,105.0,Nouvelle Zélande,97.94871794871794,79.54545454545455,74.5,73.8,1.0,18,9,0,61,58,91,,49.9,↘,5,"[100, 100, 74.0, 50.4, 1.4]",100,1.26,3ème Ligne,3L,100,Haute,False,Moyenne,False,3,95.3,,,,,,,,,,,,0.0,,,,,,
lnr_12674,12674,lucas-andjisseramatchi,https://cdn.lnr.fr/joueur/12674-lucas-andjisseramatchi/photo/photoFull.01e7e4177db166b370a81655ed844dbb271b4fe2,L. Andjisseramatchi,La Rochelle,LRO,BACK_ROW,3ème ligne,2024-2025,5,150.0,30.0,11.73,,,0.53,,,,0.53,0.53,,,0.0,,,,,lnr,19.0,188.0,102.0,France,96.4102564102564,77.27272727272727,69.5,67.1,0.6,72,36,0,40,52,89,,33.1,↘,5,"[100, 21.6, 62.1, 0, 42.7]",100,-1.38,3ème Ligne,3L,60,Moyenne,True,Basse,False,18,67.0,,,,,,,,,,,,0.0,,,,,,
lnr_1960,1960,lorencio-boyer-gallardo,https://cdn.lnr.fr/joueur/1960-lorencio-boyer-gallardo/photo/photoFull.14f86258177c199d0ec3ee9450197974d20d92b1,L. Boyer Gallardo,Perpignan,PER,FRONT_ROW,1ère ligne,2024-2025,3,103.0,34.3,6.21,,,0.0,,,,0.0,0.0,,,0.0,,,,,lnr,,,,,0.0,0.0,41.6,55.8,0.5,0,0,0,0,30,0,,50.0,→,0,[],100,0.0,1ère Ligne,1L,50,Basse,True,Basse,True,123,2.8,,,,,,,,,,,,0.0,,,,,,
lnr_585,585,levan-chilachava,https://cdn.lnr.fr/joueur/585-levan-chilachava/photo/photoFull.bf7e6b3668f1d7c40821cbfca4c5f267bcf81dfe,L. Chilachava,Castres,CAS,FRONT_ROW,1ère ligne,2024-2025,17,538.0,31.6,5.8,,,0.3,,,,0.0,0.3,,,0.0,,,,,lnr,33.0,188.0,133.0,Géorgie,96.4102564102564,100.0,62.8,69.0,0.75,0,32,0,0,44,99,,22.7,↘,5,"[64.3, 34.7, 17.0, 0, 36.2]",100,0.5,1ère Ligne,1L,75,Haute,False,Moyenne,False,107,15.9,79.5,GEORG,27.0,cluster_0,56.0,50.2,50.0,95.2,85.8,62.3,92.2,0.4499999999999999,,,,,,
lnr_1457,1457,louis-foursans-bourdette,https://cdn.lnr.fr/joueur/1457-louis-foursans-bourdette/photo/photoFull.eb7c8a121d72a5469d4eb6f17a32ea8cc568bf6c,L. Foursans Bourdette,Paris,SFP,FLY_HALF,Demi d'ouverture,2024-2025,14,620.0,44.3,5.29,,,0.13,,,,0.13,0.26,,,0.0,,,,,lnr,23.0,170.0,80.0,France,87.17948717948718,60.60606060606061,56.6,57.5,1.0,10,19,0,45,43,85,0.0,35.1,→,1,[39.9],100,-0.16,Ouvreur,10,100,Haute,False,Moyenne,False,18,26.1,,,,,,,,,,,,0.0,,,,,,
lnr_560,560,lois-guerois-galisson,https://cdn.lnr.fr/joueur/560-lois-guerois-galisson/photo/photoFull.bf7e6b3668f1d7c40821cbfca4c5f267bcf81dfe,L. Guerois Galisson,Castres,CAS,FRONT_ROW,1ère ligne,2024-2025,11,326.0,29.6,11.53,,,0.25,,,,0.0,0.0,,,2.45,,,,,lnr,23.0,192.0,122.0,France,98.46153846153848,92.42424242424242,69.8,70.4,0.75,0,0,61,55,42,93,,54.7,↘,5,"[87.1, 76.9, 11.4, 100, 42.0]",100,-0.16,1ère Ligne,1L,75,Haute,False,Basse,False,54,57.9,,,,,,,,,,,,0.0,,,,,,
lnr_317,317,lekso-kaulashvili,https://cdn.lnr.fr/joueur/317-lekso-kaulashvili/photo/photoFull.bf4a801945c52387138b3325d9dd3bcf510292ab,L. Kaulashvili,Pau,PAU,FRONT_ROW,1ère ligne,2024-2025,7,291.0,41.6,9.35,,,0.0,,,,0.0,0.27,,,1.37,,,,,lnr,32.0,185.0,132.0,Géorgie,94.87179487179486,100.0,66.0,66.4,0.6,0,29,34,32,30,98,,30.3,↗,5,"[28.0, 28.0, 39.4, 43.9, 28.0]",100,1.26,1ère Ligne,1L,60,Moyenne,True,Basse,False,82,34.9,,,,,,,,,,,,0.0,,,,,,
lnr_2008,2008,leon-seilala-lam,https://cdn.lnr.fr/joueur/2008-leon-seilala-lam/photo/photoFull.81ae2ff3cf645856004e61f820bf6824a1fce987,L. Lam,Perpignan,PER,FRONT_ROW,1ère ligne,2024-2025,21,669.0,31.9,11.36,,,0.36,,,,0.0,0.36,,,0.6,,,,,lnr,36.0,183.0,102.0,Samoa américain,93.84615384615384,77.27272727272727,70.2,66.2,1.0,0,38,15,53,47,80,,18.3,↗,4,"[11.4, 44.3, 19.9, 9.5]",100,-1.03,1ère Ligne,1L,100,Haute,False,Moyenne,False,87,31.3,74.9,SAMOA,18.0,cluster_0,58.1,53.6,50.0,90.8,81.7,55.4,88.8,0.0,,,,,,
lnr_1824,1824,latu-silatolu-latu,https://cdn.lnr.fr/joueur/1824-latu-silatolu-latu/photo/photoFull.7cb6d3e8fb1a9ef473f9440830017cd30be5f626,L. Latu,La Rochelle,LRO,FRONT_ROW,1ère ligne,2024-2025,17,712.0,41.9,10.22,,,0.9,,,,0.22,0.9,,,1.12,,,,,lnr,32.0,178.0,110.0,Tonga,91.28205128205128,83.33333333333334,83.1,76.8,1.0,54,96,28,41,70,84,,17.2,↗,5,"[9.0, 25.3, 34.9, 37.5, 0]",100,1.26,1ère Ligne,1L,100,Haute,False,Moyenne,False,18,86.5,72.6,Australie,26.0,cluster_1,75.7,91.7,50.0,86.6,51.5,68.3,86.4,0.0,,,,,,
lnr_1027,1027,louis-keziah-penverne,https://cdn.lnr.fr/joueur/1027-louis-keziah-penverne/photo/photoFull.01e7e4177db166b370a81655ed844dbb271b4fe2,L. Penverne,La Rochelle,LRO,FRONT_ROW,1ère ligne,2024-2025,12,380.0,31.7,9.89,,,0.21,,,,0.0,0.21,,,0.0,,,,,lnr,22.0,187.0,111.0,France,95.8974358974359,84.0909090909091,65.4,64.8,0.75,0,22,0,38,40,86,,32.4,↘,5,"[45.9, 100, 8.5, 31.8, 28.7]",100,-0.67,1ère Ligne,1L,75,Haute,False,Basse,False,97,23.8,,,,,,,,,,,,0.0,,,,,,
lnr_2802,2802,luka-petriashvili,https://cdn.lnr.fr/joueur/2802-luka-petriashvili/photo/photoFull.22d524affa325bfad2a5469bb23df8603fc2554d,L. Petriashvili,Paris,SFP,FRONT_ROW,1ère ligne,2024-2025,1,46.0,46.0,6.96,,,1.74,,,,0.0,0.0,,,0.0,,,,,lnr,,,,,0.0,0.0,55.2,62.6,0.5,0,0,0,8,70,0,,50.0,→,0,[],100,0.0,1ère Ligne,1L,50,Basse,True,Basse,True,108,15.1,,,,,,,,,,,,0.0,,,,,,
lnr_12568,12568,lachlan-william-swinton,https://cdn.lnr.fr/joueur/12568-lachlan-william-swinton/photo/photoFull.dcb886cd35479c542abefe5a2fb2ff29300d8c42,L. Swinton,Bordeaux,BOR,LOCK,2ème ligne,2024-2025,8,278.0,34.8,12.09,,,0.0,,,,0.29,0.29,,,1.44,,,,,lnr,,,,,0.0,0.0,56.3,61.8,0.6,100,26,100,43,30,0,,50.0,→,0,[],100,0.0,2ème Ligne,2L,60,Moyenne,True,Basse,False,29,41.7,59.3,Australie,14.0,cluster_1,54.8,50.3,50.0,84.2,65.0,50.0,85.7,0.0,,,,,,
lnr_1911,1911,lekima-vuda-tagitagivalu,https://cdn.lnr.fr/joueur/1911-lekima-vuda-tagitagivalu/photo/photoFull.d27019f52768bff9ad76599574dced3c5044bc4f,L. Tagitagivalu,Pau,PAU,LOCK,2ème ligne,2024-2025,15,646.0,43.1,10.4,,,0.5,,,,0.12,0.99,,,0.62,,,,,lnr,29.0,195.0,110.0,Fidji,100.0,83.33333333333334,75.3,74.1,1.0,43,87,44,28,49,97,,44.1,↘,5,"[85.8, 49.3, 43.5, 28.7, 62.2]",100,2.96,2ème Ligne,2L,100,Haute,False,Moyenne,False,10,81.2,,,,,,,,,,,,0.0,,,,,,
lnr_985,985,levani-botia-veivuke,https://cdn.lnr.fr/joueur/985-levani-botia-veivuke/photo/photoFull.7cb6d3e8fb1a9ef473f9440830017cd30be5f626,L. Veivuke,La Rochelle,LRO,CENTRE,Centre,2024-2025,13,599.0,46.1,14.82,,,0.93,,,,0.13,0.67,,,2.0,,,,,lnr,,,,,0.0,0.0,72.4,72.4,0.75,12,55,76,100,70,0,,52.5,↗,5,"[23.4, 68.6, 53.3, 68.6, 66.4]",100,0.0,Centre,CTR,75,Haute,False,Moyenne,False,7,85.0,82.5,FIJI,16.0,cluster_0,100.0,92.1,50.0,86.3,50.0,95.2,91.8,0.75,,,,,,
lnr_68,68,loris-zarantonello,https://cdn.lnr.fr/joueur/68-loris-zarantonello/photo/photoFull.50e0d211418fb8267083232d5e5561b6e88fe79f,L. Zarantonello,Castres,CAS,FRONT_ROW,1ère ligne,2024-2025,18,511.0,28.4,17.53,,,0.47,,,,0.16,0.47,,,0.78,,,,,lnr,24.0,183.0,102.0,France,93.84615384615384,77.27272727272727,85.0,79.2,0.75,40,50,19,100,52,80,,50.0,↘,5,"[100, 44.8, 33.3, 48.7, 62.1]",100,0.5,1ère Ligne,1L,75,Haute,False,Moyenne,False,8,94.4,,,,,,,,,,,,0.0,,,,,,
lnr_575,575,leone-nakarawa,https://cdn.lnr.fr/joueur/575-leone-nakarawa/photo/photoFull.bf7e6b3668f1d7c40821cbfca4c5f267bcf81dfe,Leone Nakarawa,Castres,CAS,LOCK,2ème ligne,2024-2025,22,927.0,42.1,8.63,,,0.43,,,,0.17,1.98,,,0.86,,,,,lnr,37.0,,115.0,Fidji,0.0,87.12121212121212,56.1,58.6,1.0,61,100,61,13,46,13,,42.8,↗,4,"[9.4, 17.5, 79.2, 57.5]",100,-1.25,2ème Ligne,2L,100,Haute,False,Bonne,False,36,26.0,83.2,FIJI,31.0,cluster_0,96.4,96.5,50.0,92.4,50.0,91.7,92.5,0.8200000000000003,,,,,,
lnr_1788,1788,lester-etien,https://cdn.lnr.fr/joueur/1788-lester-etien/photo/photoFull.af05d90330b88b7be458e288b68ca734babbf81c,Lester Etien,Paris,SFP,CENTRE,Centre,2024-2025,16,787.0,49.2,4.88,,,0.61,,,,0.71,0.3,,,1.02,,,,,lnr,29.0,180.0,93.0,France,92.3076923076923,70.45454545454545,72.5,69.7,1.0,66,25,39,23,56,85,,26.1,↘,5,"[28.8, 27.8, 4.8, 19.0, 47.8]",100,2.96,Centre,CTR,100,Haute,False,Moyenne,False,10,77.5,,,,,,,,,,,,0.0,,,,,,
lnr_2170,2170,louis-dupichot,https://cdn.lnr.fr/joueur/2170-louis-dupichot/photo/photoFull.054c707edd7e8d2d4275da9b6750c4e791637d23,Louis Dupichot,Perpignan,PER,WINGER,Ailier,2024-2025,12,710.0,59.2,2.25,,,0.0,,,,0.45,1.13,,,0.56,,,,,lnr,,,,,0.0,0.0,60.3,60.3,1.0,32,73,13,0,30,0,0.56,50.0,→,0,[],100,0.0,Ailier,AIL,100,Haute,False,Moyenne,False,19,25.0,,,,,,,,,,,,0.0,,,,,,
lnr_1368,1368,luca-tabarot,https://cdn.lnr.fr/joueur/1368-luca-tabarot/photo/photoFull.8eb27f0f36c4f5b60181b7e1d6268473fc2dbc85,Luca Tabarot,Montpellier,MHR,FRONT_ROW,1ère ligne,2024-2025,4,97.0,24.2,9.9,,,0.0,,,,0.0,0.0,,,0.0,,,,,lnr,,,,,0.0,0.0,49.5,59.7,0.5,0,0,0,38,30,0,,50.0,→,0,[],100,0.0,1ère Ligne,1L,50,Basse,True,Basse,True,116,8.3,,,,,,,,,,,,0.0,,,,,,
lnr_2010,2010,lucas-dubois,https://cdn.lnr.fr/joueur/2010-lucas-dubois/photo/photoFull.b817331ae7e7f540e8505004318a8073270e5d10,Lucas Dubois,Perpignan,PER,WINGER,Ailier,2024-2025,8,520.0,65.0,5.08,,,0.0,,,,0.92,1.08,,,0.77,,,,,lnr,26.0,182.0,88.0,France,93.33333333333331,66.66666666666666,75.1,68.9,0.75,66,69,18,39,30,86,0.77,9.1,↗,5,"[9.8, 0, 15.7, 0.4, 13.7]",100,2.0,Ailier,AIL,75,Haute,False,Moyenne,False,9,66.7,,,,,,,,,,,,0.0,,,,,,
lnr_2102,2102,lucas-martin,https://cdn.lnr.fr/joueur/2102-lucas-martin/photo/photoFull.1d6a32f7ce4a12d423552fb50b73687ec52ba345,Lucas Martin,Bayonne,BAY,FRONT_ROW,1ère ligne,2024-2025,23,760.0,33.0,12.0,,,0.32,,,,0.21,0.95,,,2.63,,,,,lnr,22.0,185.0,96.0,France,94.87179487179486,72.72727272727273,75.9,77.2,1.0,52,100,65,59,45,77,,72.2,↗,5,"[55.0, 47.8, 28.9, 87.5, 100]",100,-0.67,1ère Ligne,1L,100,Haute,False,Moyenne,False,14,88.9,,,,,,,,,,,,0.0,,,,,,
lnr_1896,1896,lucas-rey,https://cdn.lnr.fr/joueur/1896-lucas-rey/photo/photoFull.bf4a801945c52387138b3325d9dd3bcf510292ab,Lucas Rey,Pau,PAU,FRONT_ROW,1ère ligne,2024-2025,7,325.0,46.4,12.31,,,0.0,,,,0.0,0.49,,,2.46,,,,,lnr,27.0,175.0,92.0,France,89.74358974358975,69.6969696969697,70.6,71.9,0.75,0,52,61,63,30,73,,54.5,↘,5,"[48.8, 100, 62.8, 49.7, 42.0]",100,2.61,1ère Ligne,1L,75,Haute,False,Basse,False,39,69.0,,,,,,,,,,,,0.0,,,,,,
lnr_2444,2444,lucas-tauzin,https://cdn.lnr.fr/joueur/2444-lucas-tauzin/photo/photoFull.b5e9990d9a31ede8327da9bafe6aeb896ea144f3,Lucas Tauzin,Clermont,CLR,WINGER,Ailier,2024-2025,15,934.0,62.3,4.2,,,0.0,,,,0.77,0.6,,,2.14,,,,,lnr,26.0,187.0,94.0,France,95.8974358974359,71.21212121212122,69.1,67.2,1.0,55,38,50,27,30,90,2.14,29.7,↗,5,"[3.3, 0, 13.1, 95.4, 18.3]",100,2.0,Ailier,AIL,100,Haute,False,Bonne,False,11,58.3,,,,,,,,,,,,0.0,,,,,,
lnr_2417,2417,lucas-vigneres,https://cdn.lnr.fr/joueur/2417-lucas-vigneres/photo/photoFull.a2503fca1a2646233602741328f9c3f7893fa1e1,Lucas Vigneres,Toulouse,TLS,CENTRE,Centre,2024-2025,3,164.0,54.7,7.8,,,0.98,,,,0.49,0.0,,,0.0,,,,,lnr,19.0,187.0,88.0,France,95.8974358974359,66.66666666666666,69.7,75.2,0.6,45,0,0,63,70,83,,100.0,→,2,"[100, 44.7]",100,-1.38,Centre,CTR,60,Moyenne,True,Basse,True,4,92.5,,,,,,,,,,,,0.0,,,,,,
lnr_13461,13461,lucien-richardis,https://cdn.lnr.fr/joueur/13461-lucien-richardis/photo/photoFull.a2503fca1a2646233602741328f9c3f7893fa1e1,Lucien Richardis,Toulouse,TLS,FLY_HALF,Demi d'ouverture,2024-2025,1,52.0,52.0,0.0,,,0.0,,,,0.0,1.54,,,0.0,,,,,lnr,20.0,182.0,88.0,France,93.33333333333331,66.66666666666666,61.2,60.6,0.5,0,100,0,0,30,92,0.0,7.0,→,3,"[0, 23.9, 0]",100,-1.25,Ouvreur,10,50,Basse,True,Basse,True,13,45.7,,,,,,,,,,,,0.0,,,,,,
lnr_3505,3505,lucio-sordoni,https://cdn.lnr.fr/joueur/3505-lucio-sordoni/photo/photoFull.7260593a1939529b8f58882fcd9327e3deee5c0d,Lucio Sordoni,Racing 92,R92,FRONT_ROW,1ère ligne,2024-2025,5,167.0,33.4,10.06,,,0.0,,,,0.48,0.0,,,0.0,,,,,lnr,26.0,190.0,130.0,Italie,97.43589743589745,98.48484848484848,69.3,67.9,0.6,100,0,0,40,30,97,,26.9,↗,5,"[26.0, 25.5, 18.3, 55.6, 19.9]",100,2.0,1ère Ligne,1L,60,Moyenne,True,Basse,False,69,45.2,,,,,,,,,,,,0.0,,,,,,
lnr_454,454,luka-japaridze,https://cdn.lnr.fr/joueur/454-luka-japaridze/photo/photoFull.2a93bdb165edd2cd19ea2b2a060be0a3b3011911,Luka Japaridze,Montpellier,MHR,FRONT_ROW,1ère ligne,2024-2025,13,468.0,36.0,12.65,,,0.0,,,,0.0,0.0,,,0.0,,,,,lnr,26.0,181.0,125.0,Géorgie,92.82051282051282,94.6969696969697,71.3,71.0,0.75,0,0,0,66,30,93,,45.0,↘,5,"[41.2, 100, 19.9, 66.4, 37.7]",100,2.0,1ère Ligne,1L,75,Haute,False,Moyenne,False,48,62.7,76.2,GEORG,7.0,cluster_0,56.1,50.0,50.0,91.1,87.5,57.8,86.0,0.1200000000000002,,,,,,
lnr_12794,12794,luka-matkava,https://cdn.lnr.fr/joueur/12794-luka-matkava/photo/photoFull.2838d375f4dfa7ff417098a517dc9999616e2731,Luka Matkava,Castres,CAS,FLY_HALF,Demi d'ouverture,2024-2025,1,80.0,80.0,9.0,,,1.0,,,,0.0,0.0,,,6.0,,,,,lnr,,,,,0.0,0.0,62.5,66.3,0.5,0,0,42,87,70,0,6.0,50.0,→,0,[],100,0.0,Ouvreur,10,50,Basse,True,Basse,True,2,95.7,66.5,GEORG,7.0,cluster_0,51.0,50.3,78.1,69.9,90.3,54.3,72.7,0.0,,,,,,
lnr_2100,2100,luke-tagi,https://cdn.lnr.fr/joueur/2100-luke-tagi/photo/photoFull.1d6a32f7ce4a12d423552fb50b73687ec52ba345,Luke Tagi,Bayonne,BAY,FRONT_ROW,1ère ligne,2024-2025,21,910.0,43.3,7.56,,,0.09,,,,0.09,0.7,,,0.0,,,,,lnr,27.0,187.0,130.0,Fidji,95.8974358974359,98.48484848484848,67.9,67.5,1.0,22,75,0,14,34,97,,38.5,↗,5,"[36.2, 38.4, 22.7, 51.0, 53.3]",100,2.61,1ère Ligne,1L,100,Haute,False,Bonne,False,74,41.7,,,,,,,,,,,,0.0,,,,,,
lnr_1929,1929,luke-whitelock,https://cdn.lnr.fr/joueur/1929-luke-whitelock/photo/photoFull.bf4a801945c52387138b3325d9dd3bcf510292ab,Luke Whitelock,Pau,PAU,BACK_ROW,3ème ligne,2024-2025,11,830.0,75.5,10.12,,,0.1,,,,0.0,0.39,,,0.0,,,,,lnr,34.0,193.0,112.0,Nouvelle Zélande,98.97435897435898,84.84848484848484,57.1,58.7,1.0,0,26,0,23,34,95,,41.8,↗,5,"[51.3, 51.3, 100, 37.0, 22.4]",100,-0.16,3ème Ligne,3L,100,Haute,False,Bonne,False,45,17.0,,,,,,,,,,,,0.0,,,,,,
lnr_1401,1401,lyam-akrab,https://cdn.lnr.fr/joueur/1401-lyam-akrab/photo/photoFull.4cb2a4ab19ab443ff7739b68884b2f51b78c1bab,Lyam Akrab,Montpellier,MHR,FRONT_ROW,1ère ligne,2024-2025,3,66.0,22.0,15.76,,,0.0,,,,1.21,2.42,,,6.06,,,,,lnr,19.0,178.0,98.0,France,91.28205128205128,74.24242424242425,80.5,72.4,0.5,100,100,100,98,30,77,,41.5,→,3,"[32.7, 7.6, 83.2]",100,-1.38,1ère Ligne,1L,50,Basse,True,Basse,True,35,73.0,,,,,,,,,,,,0.0,,,,,,
lnr_11251,11251,leo-banos,https://cdn.lnr.fr/joueur/11251-leo-banos/photo/photoFull.a2503fca1a2646233602741328f9c3f7893fa1e1,Léo Banos,Toulouse,TLS,BACK_ROW,3ème ligne,2024-2025,15,887.0,59.1,9.2,,,0.09,,,,0.18,0.54,,,0.45,,,,,lnr,22.0,191.0,100.0,France,97.94871794871794,75.75757575757575,55.6,56.7,1.0,24,36,12,13,34,89,,36.5,↗,5,"[19.1, 50.4, 36.7, 50.4, 40.3]",100,-0.67,3ème Ligne,3L,100,Haute,False,Bonne,False,51,5.7,,,,,,,,,,,,0.0,,,,,,
lnr_1460,1460,leo-coly,https://cdn.lnr.fr/joueur/1460-leo-coly/photo/photoFull.2a93bdb165edd2cd19ea2b2a060be0a3b3011911,Léo Coly,Montpellier,MHR,SCRUM_HALF,Demi de mêlée,2024-2025,19,935.0,49.2,6.42,,,0.0,,,,0.34,0.68,,,8.47,,,,,lnr,25.0,175.0,76.0,France,89.74358974358975,57.57575757575758,67.6,66.7,1.0,53,49,100,48,30,84,8.47,36.3,↗,5,"[0, 76.9, 19.2, 47.8, 46.5]",100,1.26,Demi de mêlée,9,100,Haute,False,Bonne,False,14,43.8,,,,,,,,,,,,0.0,,,,,,
lnr_1831,1831,moses-eneliko-alo-emile,https://cdn.lnr.fr/joueur/1831-moses-eneliko-alo-emile/photo/photoFull.eb7c8a121d72a5469d4eb6f17a32ea8cc568bf6c,M. Alo Emile,Paris,SFP,FRONT_ROW,1ère ligne,2024-2025,20,983.0,49.1,7.98,,,0.41,,,,0.0,0.08,,,0.41,,,,,lnr,25.0,187.0,125.0,Australie,95.8974358974359,94.6969696969697,66.8,67.9,1.0,0,9,10,18,49,94,,51.7,↗,5,"[66.7, 31.4, 40.9, 52.9, 83.0]",100,1.26,1ère Ligne,1L,100,Haute,False,Bonne,False,69,45.2,,,,,,,,,,,,0.0,,,,,,
lnr_2401,2401,mathis-castro-ferreira,https://cdn.lnr.fr/joueur/2401-mathis-castro-ferreira/photo/photoFull.a2503fca1a2646233602741328f9c3f7893fa1e1,M. Castro Ferreira,Toulouse,TLS,BACK_ROW,3ème ligne,2024-2025,14,616.0,44.0,8.31,,,1.04,,,,0.39,0.39,,,3.9,,,,,lnr,21.0,192.0,105.0,France,98.46153846153848,79.54545454545455,70.1,66.2,1.0,53,26,100,4,70,91,,19.2,↘,5,"[47.1, 44.6, 11.8, 23.6, 7.6]",100,-1.03,3ème Ligne,3L,100,Haute,False,Moyenne,False,27,50.0,,,,,,,,,,,,0.0,,,,,,
lnr_323,323,mahamadou-diaby,https://cdn.lnr.fr/joueur/323-mahamadou-diaby/photo/photoFull.746d583d9f8a2aa9c322b15ebadc8acc096151d2,M. Diaby,Bordeaux,BOR,BACK_ROW,3ème ligne,2024-2025,15,703.0,46.9,15.25,,,0.23,,,,0.0,0.11,,,0.0,,,,,lnr,34.0,192.0,104.0,France,98.46153846153848,78.78787878787878,67.3,67.3,1.0,0,7,0,78,40,91,,45.5,↘,5,"[64.2, 59.2, 37.3, 54.1, 54.1]",100,-0.16,3ème Ligne,3L,100,Haute,False,Moyenne,False,16,71.7,,,,,,,,,,,,0.0,,,,,,
lnr_1123,1123,mickael-guillard,https://cdn.lnr.fr/joueur/1123-mickael-guillard/photo/photoFull.eff1aa9b4a9f2b351be13ae3eed38b31d19c422e,M. Guillard,Lyon,LOU,LOCK,2ème ligne,2024-2025,15,880.0,58.7,12.36,,,0.36,,,,0.0,0.73,,,0.45,,,,,lnr,24.0,197.0,113.0,France,100.0,85.60606060606061,72.8,71.7,1.0,0,64,32,45,44,98,,44.3,↘,5,"[100, 32.1, 66.5, 38.6, 39.2]",100,0.5,2ème Ligne,2L,100,Haute,False,Bonne,False,12,77.1,,,,,,,,,,,,0.0,,,,,,
lnr_2384,2384,matthias-halagahu,https://cdn.lnr.fr/joueur/2384-matthias-halagahu/photo/photoFull.26dec662e84c737005260a65b33966bd7438db17,M. Halagahu,Toulon,TLN,LOCK,2ème ligne,2024-2025,17,880.0,51.8,15.82,,,0.27,,,,0.09,0.09,,,0.0,,,,,lnr,23.0,194.0,122.0,France,99.48717948717947,92.42424242424242,75.6,80.4,1.0,32,8,0,75,40,98,,100.0,→,3,"[100, 100, 90.0]",100,-0.16,2ème Ligne,2L,100,Haute,False,Bonne,False,2,97.9,,,,,,,,,,,,0.0,,,,,,
lnr_2407,2407,malachi-shea-hawkes-faimanifo,https://cdn.lnr.fr/joueur/2407-malachi-shea-hawkes-faimanifo/photo/photoFull.63f02d5f7b00d1429cb1de8aa98d311d3cf445ea,M. Hawkes Faimanifo,Toulouse,TLS,FRONT_ROW,1ère ligne,2024-2025,9,316.0,35.1,6.84,,,0.0,,,,0.25,0.0,,,1.27,,,,,lnr,22.0,179.0,115.0,Australie,91.7948717948718,87.12121212121212,56.9,58.1,0.75,62,0,31,7,30,87,,18.7,→,2,"[54.6, 0]",100,-0.67,1ère Ligne,1L,75,Haute,False,Basse,False,120,5.6,,,,,,,,,,,,0.0,,,,,,
lnr_1840,1840,mamoudou-alain-meite,https://cdn.lnr.fr/joueur/1840-mamoudou-alain-meite/photo/photoFull.58e6e4b7761b3420a57c37233cfce5ad6a1e7fad,M. Meite,Paris,SFP,FRONT_ROW,1ère ligne,2024-2025,8,196.0,24.5,13.88,,,0.41,,,,0.82,0.0,,,0.0,,,,,lnr,,,,,0.0,0.0,66.7,68.0,0.6,100,0,0,79,49,0,,50.0,→,0,[],100,0.0,1ère Ligne,1L,60,Moyenne,True,Basse,False,68,46.8,,,,,,,,,,,,0.0,,,,,,
lnr_302,302,malende-simon-nguimbous-diyog-mouyenga,https://cdn.lnr.fr/joueur/302-malende-simon-nguimbous-diyog-mouyenga/photo/photoFull.673b50508ed570af2802365a4be2390538bb645a,M. Nguimbous Diyog Mouyenga,Bordeaux,BOR,LOCK,2ème ligne,2024-2025,2,48.0,24.0,5.0,,,0.0,,,,0.0,0.0,,,0.0,,,,,lnr,,,,,0.0,0.0,41.5,55.8,0.5,0,0,0,0,30,0,,50.0,→,0,[],100,0.0,2ème Ligne,2L,50,Basse,True,Basse,True,42,14.6,,,,,,,,,,,,0.0,,,,,,
lnr_10338,10338,ma-a-allan-nonu,https://cdn.lnr.fr/joueur/10338-ma-a-allan-nonu/photo/photoFull.2eaacbd11c12f10f571df4cbac07c560d1665acd,M. Nonu,Toulon,TLN,CENTRE,Centre,2024-2025,4,102.0,25.5,5.49,,,0.0,,,,0.0,0.0,,,3.92,,,,,lnr,42.0,183.0,108.0,Samoa américain,93.84615384615384,81.81818181818183,51.2,60.7,0.5,0,0,100,31,30,94,,43.1,↗,5,"[28.7, 60.1, 65.9, 43.2, 47.8]",100,-1.5,Centre,CTR,50,Basse,True,Basse,True,30,27.5,,,,,,,,,,,,0.0,,,,,,
lnr_1117,1117,marvin-saint-gys-okuya,https://cdn.lnr.fr/joueur/1117-marvin-saint-gys-okuya/photo/photoFull.eff1aa9b4a9f2b351be13ae3eed38b31d19c422e,M. Okuya,Lyon,LOU,BACK_ROW,3ème ligne,2024-2025,5,224.0,44.8,13.93,,,0.0,,,,0.71,1.79,,,3.57,,,,,lnr,21.0,190.0,110.0,France,97.43589743589745,83.33333333333334,71.1,73.8,0.6,96,100,91,64,30,94,,81.2,↗,5,"[68.7, 51.6, 100, 39.3, 100]",100,-1.03,3ème Ligne,3L,60,Moyenne,True,Basse,False,3,95.3,,,,,,,,,,,,0.0,,,,,,
lnr_299,299,madosha-tambwe,https://cdn.lnr.fr/joueur/299-madosha-tambwe/photo/photoFull.9db3e1c64b0fa647759e691550b9e8351884f243,Madosha Tambwe,Montpellier,MHR,WINGER,Ailier,2024-2025,12,934.0,77.8,3.77,,,0.0,,,,0.51,0.09,,,1.28,,,,,lnr,27.0,186.0,92.0,République Démocratique du Congo,95.3846153846154,69.6969696969697,61.9,59.5,1.0,37,6,30,21,30,89,1.28,11.9,→,5,"[10.5, 11.8, 40.3, 2.9, 3.6]",100,2.61,Ailier,AIL,100,Haute,False,Bonne,False,20,20.8,,,,,,,,,,,,0.0,,,,,,
lnr_1441,1441,marco-tauleigne,https://cdn.lnr.fr/joueur/1441-marco-tauleigne/photo/photoFull.4cb2a4ab19ab443ff7739b68884b2f51b78c1bab,Marco Tauleigne,Montpellier,MHR,BACK_ROW,3ème ligne,2024-2025,13,370.0,28.5,10.16,,,0.0,,,,0.22,0.86,,,1.08,,,,,lnr,31.0,191.0,115.0,France,97.94871794871794,87.12121212121212,61.3,63.7,0.75,30,58,28,23,30,96,,33.9,↘,5,"[62.3, 62.1, 9.2, 49.7, 30.8]",100,2.0,3ème Ligne,3L,75,Haute,False,Basse,False,36,34.0,,,,,,,,,,,,0.0,,,,,,
lnr_1745,1745,marcos-kremer,https://cdn.lnr.fr/joueur/1745-marcos-kremer/photo/photoFull.b5e9990d9a31ede8327da9bafe6aeb896ea144f3,Marcos Kremer,Clermont,CLR,BACK_ROW,3ème ligne,2024-2025,13,886.0,68.2,11.74,,,0.09,,,,0.09,0.27,,,0.0,,,,,lnr,27.0,195.0,110.0,Argentine,100.0,83.33333333333334,62.3,63.5,1.0,12,18,0,40,34,95,,42.9,↘,5,"[36.7, 100, 40.1, 33.7, 50.4]",100,2.61,3ème Ligne,3L,100,Haute,False,Bonne,False,38,30.2,61.9,Argentine,106.0,cluster_1,58.1,50.7,50.0,85.5,69.4,51.2,85.2,0.0,,,,,,
lnr_2495,2495,martin-page-relo,https://cdn.lnr.fr/joueur/2495-martin-page-relo/photo/photoFull.9db3e1c64b0fa647759e691550b9e8351884f243,Martin Page Relo,Lyon,LOU,SCRUM_HALF,Demi de mêlée,2024-2025,11,306.0,27.8,3.4,,,0.0,,,,0.52,0.0,,,1.31,,,,,lnr,26.0,173.0,77.0,France,88.71794871794872,58.333333333333336,53.9,56.2,0.75,81,0,16,0,30,84,1.31,9.0,↘,5,"[16.2, 20.1, 6.5, 0, 11.4]",100,2.0,Demi de mêlée,9,75,Haute,False,Basse,False,23,8.3,,,,,,,,,,,,0.0,,,,,,
lnr_11027,11027,mateo-garcia,https://cdn.lnr.fr/joueur/11027-mateo-garcia/photo/photoFull.26dec662e84c737005260a65b33966bd7438db17,Mateo Garcia,Bordeaux,BOR,FLY_HALF,Demi d'ouverture,2024-2025,10,403.0,40.3,3.37,,,0.0,,,,0.2,1.39,,,6.55,,,,,lnr,22.0,174.0,83.0,France,89.23076923076924,62.87878787878788,68.5,64.9,0.75,16,100,46,23,30,88,6.55,17.3,↘,5,"[36.2, 13.7, 9.2, 15.1, 21.6]",100,-0.67,Ouvreur,10,75,Haute,False,Moyenne,False,5,82.6,,,,,,,,,,,,0.0,,,,,,
lnr_1780,1780,mathieu-hirigoyen,https://cdn.lnr.fr/joueur/1780-mathieu-hirigoyen/photo/photoFull.af05d90330b88b7be458e288b68ca734babbf81c,Mathieu Hirigoyen,Paris,SFP,BACK_ROW,3ème ligne,2024-2025,4,168.0,42.0,8.1,,,0.0,,,,0.0,0.0,,,0.0,,,,,lnr,26.0,194.0,95.0,France,99.48717948717947,71.96969696969697,50.2,62.0,0.6,0,0,0,1,30,86,,53.6,↘,5,"[26.4, 100, 30.1, 97.9, 43.3]",100,2.0,3ème Ligne,3L,60,Moyenne,True,Basse,True,41,24.5,,,,,,,,,,,,0.0,,,,,,
lnr_2361,2361,mathieu-smaili,https://cdn.lnr.fr/joueur/2361-mathieu-smaili/photo/photoFull.2eaacbd11c12f10f571df4cbac07c560d1665acd,Mathieu Smaili,Toulon,TLN,CENTRE,Centre,2024-2025,6,225.0,37.5,6.4,,,1.07,,,,0.36,0.36,,,1.78,,,,,lnr,25.0,180.0,92.0,France,92.3076923076923,69.6969696969697,72.1,68.0,0.6,33,29,68,43,70,84,,19.1,↗,5,"[24.9, 9.2, 22.9, 21.0, 21.2]",100,1.26,Centre,CTR,60,Moyenne,True,Basse,False,14,66.2,,,,,,,,,,,,0.0,,,,,,
lnr_2342,2342,mathieu-tanguy,https://cdn.lnr.fr/joueur/2342-mathieu-tanguy/photo/photoFull.746d583d9f8a2aa9c322b15ebadc8acc096151d2,Mathieu Tanguy,Perpignan,PER,LOCK,2ème ligne,2024-2025,15,664.0,44.3,6.27,,,0.0,,,,0.0,0.12,,,0.0,,,,,lnr,28.0,195.0,107.0,France,100.0,81.06060606060606,57.0,58.2,1.0,0,11,0,0,30,96,,33.4,↘,5,"[45.1, 45.2, 24.6, 24.6, 49.1]",100,2.96,2ème Ligne,2L,100,Haute,False,Moyenne,False,35,29.2,,,,,,,,,,,,0.0,,,,,,
lnr_648,648,mathys-belaubre,https://cdn.lnr.fr/joueur/648-mathys-belaubre/photo/photoFull.22d524affa325bfad2a5469bb23df8603fc2554d,Mathys Belaubre,Clermont,CLR,CENTRE,Centre,2024-2025,5,327.0,65.4,4.4,,,0.0,,,,0.49,0.24,,,0.0,,,,,lnr,20.0,186.0,107.0,France,95.3846153846154,81.06060606060606,58.8,59.1,0.75,45,20,0,16,30,94,,18.8,→,2,"[34.7, 9.5]",100,-1.25,Centre,CTR,75,Haute,False,Basse,False,34,17.5,,,,,,,,,,,,0.0,,,,,,
lnr_1967,1967,mathys-lotrian,https://cdn.lnr.fr/joueur/1967-mathys-lotrian/photo/photoFull.14f86258177c199d0ec3ee9450197974d20d92b1,Mathys Lotrian,Perpignan,PER,FRONT_ROW,1ère ligne,2024-2025,3,77.0,25.7,18.7,,,0.0,,,,0.0,0.0,,,10.39,,,,,lnr,21.0,177.0,110.0,France,90.76923076923076,83.33333333333334,73.7,70.8,0.5,0,0,100,100,30,84,,49.4,↘,5,"[64.2, 58.6, 30.7, 30.7, 87.1]",100,-1.03,1ère Ligne,1L,50,Basse,True,Basse,True,49,61.9,,,,,,,,,,,,0.0,,,,,,
lnr_655,655,matheo-frisach,https://cdn.lnr.fr/joueur/655-matheo-frisach/photo/photoFull.b5e9990d9a31ede8327da9bafe6aeb896ea144f3,Mathéo Frisach,Clermont,CLR,FRONT_ROW,1ère ligne,2024-2025,7,147.0,21.0,9.25,,,0.0,,,,0.0,0.0,,,0.0,,,,,lnr,19.0,188.0,127.0,France,96.4102564102564,96.21212121212122,60.8,65.1,0.5,0,0,0,31,30,95,,46.9,→,3,"[9.5, 61.5, 71.3]",100,-1.38,1ère Ligne,1L,50,Basse,True,Basse,True,96,24.6,,,,,,,,,,,,0.0,,,,,,
lnr_12340,12340,matias-remue,https://cdn.lnr.fr/joueur/12340-matias-remue/photo/photoFull.2697f7f0cb7b3da001ecdd411641ac7914939acd,Matias Remue,Toulouse,TLS,FULLBACK,Arrière,2024-2025,5,245.0,49.0,2.94,,,0.0,,,,0.0,0.0,,,0.65,,,,,lnr,22.0,184.0,86.0,Belgique,94.35897435897436,65.15151515151516,51.3,55.9,0.6,0,0,13,34,30,91,0.65,10.0,→,3,"[1.3, 3.3, 17.0]",100,-0.67,Arrière,ARR,60,Moyenne,True,Basse,False,17,15.8,,,,,,,,,,,,0.0,,,,,,
lnr_2671,2671,matis-perchaud,https://cdn.lnr.fr/joueur/2671-matis-perchaud/photo/photoFull.9db3e1c64b0fa647759e691550b9e8351884f243,Matis Perchaud,Bordeaux,BOR,FRONT_ROW,1ère ligne,2024-2025,12,395.0,32.9,16.0,,,0.41,,,,0.2,0.41,,,1.01,,,,,lnr,22.0,187.0,112.0,France,95.8974358974359,84.84848484848484,84.0,80.6,0.75,49,44,25,100,49,86,,70.7,↗,5,"[41.5, 63.8, 33.1, 100, 82.1]",100,-0.67,1ère Ligne,1L,75,Haute,False,Basse,False,5,96.8,,,,,,,,,,,,0.0,,,,,,
lnr_2383,2383,matteo-le-corvec,https://cdn.lnr.fr/joueur/2383-matteo-le-corvec/photo/photoFull.b817331ae7e7f540e8505004318a8073270e5d10,Mattéo Le Corvec,Toulon,TLN,BACK_ROW,3ème ligne,2024-2025,19,679.0,35.7,12.25,,,0.0,,,,0.12,0.71,,,2.36,,,,,lnr,24.0,192.0,111.0,France,98.46153846153848,84.0909090909091,62.3,62.5,1.0,16,48,60,46,30,95,,38.4,↘,5,"[59.2, 72.5, 46.9, 9.4, 53.3]",100,0.5,3ème Ligne,3L,100,Haute,False,Moyenne,False,40,26.4,,,,,,,,,,,,0.0,,,,,,
lnr_1961,1961,maxim-granell,https://cdn.lnr.fr/joueur/1961-maxim-granell/photo/photoFull.14f86258177c199d0ec3ee9450197974d20d92b1,Maxim Granell,Perpignan,PER,CENTRE,Centre,2024-2025,3,240.0,80.0,5.0,,,0.0,,,,0.33,0.0,,,1.67,,,,,lnr,19.0,182.0,80.0,France,93.33333333333331,60.60606060606061,53.5,57.9,0.6,30,0,63,24,30,77,,21.6,↘,5,"[33.2, 32.1, 53.9, 34.0, 0]",100,-1.38,Centre,CTR,60,Moyenne,True,Basse,True,36,12.5,,,,,,,,,,,,0.0,,,,,,
lnr_1128,1128,maxime-gouzou,https://cdn.lnr.fr/joueur/1128-maxime-gouzou/photo/photoFull.eff1aa9b4a9f2b351be13ae3eed38b31d19c422e,Maxime Gouzou,Lyon,LOU,BACK_ROW,3ème ligne,2024-2025,11,521.0,47.4,16.28,,,0.31,,,,0.15,0.77,,,0.77,,,,,lnr,26.0,189.0,106.0,France,96.92307692307692,80.3030303030303,77.7,70.8,0.75,20,52,20,89,43,91,,11.1,→,2,"[32.1, 0]",100,2.0,3ème Ligne,3L,75,Haute,False,Moyenne,False,6,90.6,,,,,,,,,,,,0.0,,,,,,
lnr_349,349,maxime-lamothe,https://cdn.lnr.fr/joueur/349-maxime-lamothe/photo/photoFull.9db3e1c64b0fa647759e691550b9e8351884f243,Maxime Lamothe,Bordeaux,BOR,FRONT_ROW,1ère ligne,2024-2025,22,967.0,44.0,13.32,,,0.08,,,,0.17,0.58,,,2.07,,,,,lnr,26.0,183.0,109.0,France,93.84615384615384,82.57575757575758,77.0,75.5,1.0,42,62,51,73,34,84,,45.9,↘,5,"[94.5, 41.2, 54.0, 83.0, 26.0]",100,2.0,1ère Ligne,1L,100,Haute,False,Bonne,False,22,82.9,,,,,,,,,,,,0.0,,,,,,
lnr_2640,2640,maxime-machenaud,https://cdn.lnr.fr/joueur/2640-maxime-machenaud/photo/photoFull.1d6a32f7ce4a12d423552fb50b73687ec52ba345,Maxime Machenaud,Bayonne,BAY,SCRUM_HALF,Demi de mêlée,2024-2025,20,874.0,43.7,8.24,,,0.27,,,,0.09,1.01,,,0.92,,,,,lnr,36.0,174.0,87.0,France,89.23076923076924,65.9090909090909,74.5,71.0,1.0,14,72,11,79,47,90,0.92,26.5,↘,4,"[41.7, 15.1, 0, 55.9]",100,-1.03,Demi de mêlée,9,100,Haute,False,Bonne,False,4,87.5,79.2,France,21.0,cluster_1,64.6,80.9,72.4,88.3,82.8,62.7,93.0,0.4200000000000003,,,,,,
lnr_12733,12733,maxwell-hicks,https://cdn.lnr.fr/joueur/12733-maxwell-hicks/photo/photoFull.14f86258177c199d0ec3ee9450197974d20d92b1,Maxwell Hicks,Perpignan,PER,LOCK,2ème ligne,2024-2025,14,788.0,56.3,9.54,,,0.3,,,,0.41,0.0,,,0.0,,,,,lnr,,,,,0.0,0.0,52.9,53.9,1.0,100,0,0,21,41,0,,29.6,→,5,"[30.6, 30.6, 19.0, 32.7, 41.9]",100,0.0,2ème Ligne,2L,100,Haute,False,Moyenne,False,43,12.5,,,,,,,,,,,,0.0,,,,,,
lnr_1150,1150,mehdi-tlili,https://cdn.lnr.fr/joueur/1150-mehdi-tlili/photo/photoFull.bf4a801945c52387138b3325d9dd3bcf510292ab,Mehdi Tlili,Pau,PAU,BACK_ROW,3ème ligne,2024-2025,3,73.0,24.3,6.58,,,0.0,,,,0.0,0.0,,,0.0,,,,,lnr,,,,,0.0,0.0,43.0,56.5,0.5,0,0,0,0,30,0,,50.0,→,0,[],100,0.0,3ème Ligne,3L,50,Basse,True,Basse,True,52,3.8,,,,,,,,,,,,0.0,,,,,,
lnr_2479,2479,melvyn-jaminet,https://cdn.lnr.fr/joueur/2479-melvyn-jaminet/photo/photoFull.26dec662e84c737005260a65b33966bd7438db17,Melvyn Jaminet,Toulon,TLN,FLY_HALF,Demi d'ouverture,2024-2025,11,594.0,54.0,1.35,,,0.0,,,,1.48,0.4,,,14.81,,,,,lnr,25.0,180.0,80.0,France,92.3076923076923,60.60606060606061,71.2,72.5,0.75,100,30,100,0,30,89,14.81,9.9,↗,5,"[9.2, 0, 15.9, 3.8, 13.2]",100,1.26,Ouvreur,10,75,Haute,False,Moyenne,False,1,100.0,83.1,France,13.0,cluster_1,92.1,76.5,84.2,88.6,78.2,78.8,85.5,0.8099999999999995,,,,,,
lnr_1901,1901,mickael-capelli,https://cdn.lnr.fr/joueur/1901-mickael-capelli/photo/photoFull.bf4a801945c52387138b3325d9dd3bcf510292ab,Mickael Capelli,Pau,PAU,LOCK,2ème ligne,2024-2025,3,130.0,43.3,10.46,,,0.62,,,,0.0,0.0,,,0.0,,,,,lnr,28.0,199.0,129.0,France,100.0,97.72727272727272,70.5,72.8,0.5,0,0,0,29,54,100,,57.3,↘,5,"[42.1, 100, 77.6, 59.2, 37.0]",100,2.96,2ème Ligne,2L,50,Basse,True,Basse,True,11,79.2,,,,,,,,,,,,0.0,,,,,,
lnr_1446,1446,mohamed-haouas,https://cdn.lnr.fr/joueur/1446-mohamed-haouas/photo/photoFull.4cb2a4ab19ab443ff7739b68884b2f51b78c1bab,Mohamed Haouas,Montpellier,MHR,FRONT_ROW,1ère ligne,2024-2025,15,498.0,33.2,13.33,,,0.0,,,,0.0,1.29,,,0.0,,,,,lnr,31.0,185.0,127.0,France,94.87179487179486,96.21212121212122,78.9,75.7,0.75,0,100,0,73,30,95,,46.1,→,5,"[44.3, 38.6, 34.0, 76.9, 53.6]",100,2.0,1ère Ligne,1L,75,Haute,False,Moyenne,False,20,84.9,61.5,France,16.0,cluster_1,68.3,54.2,50.0,91.4,50.3,50.9,92.4,0.0,,,,,,
lnr_11734,11734,monty-ioane,https://cdn.lnr.fr/joueur/11734-monty-ioane/photo/photoFull.8e39a4ffde2d58962f9632bb5639326c8c077ac5,Monty Ioane,Lyon,LOU,WINGER,Ailier,2024-2025,12,858.0,71.5,4.38,,,0.0,,,,1.4,1.59,,,1.86,,,,,lnr,30.0,180.0,91.0,Australie,92.3076923076923,68.93939393939394,86.1,79.5,1.0,100,100,43,29,30,87,1.86,11.7,→,5,"[0, 19.9, 18.3, 11.1, 7.9]",100,2.61,Ailier,AIL,100,Haute,False,Bonne,False,1,100.0,82.4,ITALY,17.0,cluster_1,100.0,78.0,50.0,84.6,71.0,83.9,93.1,0.7400000000000005,,,,,,
lnr_938,938,nathan-bollengier,https://cdn.lnr.fr/joueur/938-nathan-bollengier/photo/photoFull.7cb6d3e8fb1a9ef473f9440830017cd30be5f626,N. Bollengier,La Rochelle,LRO,WINGER,Ailier,2024-2025,1,41.0,41.0,0.0,,,0.0,,,,0.0,0.0,,,0.0,,,,,lnr,21.0,179.0,82.0,France,91.7948717948718,62.121212121212125,47.4,55.4,0.5,0,0,0,0,30,82,0.0,8.8,→,3,"[18.4, 11.0, 0]",100,-1.03,Ailier,AIL,50,Basse,True,Basse,True,23,6.2,,,,,,,,,,,,0.0,,,,,,
lnr_1013,1013,noe-della-schiava,https://cdn.lnr.fr/joueur/1013-noe-della-schiava/photo/photoFull.b817331ae7e7f540e8505004318a8073270e5d10,N. Della Schiava,Perpignan,PER,BACK_ROW,3ème ligne,2024-2025,14,823.0,58.8,7.78,,,0.1,,,,0.1,0.29,,,0.0,,,,,lnr,23.0,193.0,95.0,France,98.97435897435898,71.96969696969697,51.8,53.8,1.0,14,19,0,0,34,86,,37.0,↗,4,"[11.8, 100, 37.7, 27.4]",100,-0.16,3ème Ligne,3L,100,Haute,False,Bonne,False,53,1.9,,,,,,,,,,,,0.0,,,,,,
lnr_2596,2596,nathanael-hulleu,https://cdn.lnr.fr/joueur/2596-nathanael-hulleu/photo/photoFull.50e0d211418fb8267083232d5e5561b6e88fe79f,N. Hulleu,Castres,CAS,WINGER,Ailier,2024-2025,11,655.0,59.5,3.18,,,0.0,,,,0.73,0.37,,,1.83,,,,,lnr,24.0,178.0,86.0,France,91.28205128205128,65.15151515151516,64.5,62.0,1.0,52,24,43,12,30,84,1.83,18.9,→,5,"[37.8, 12.4, 25.5, 28.0, 10.1]",100,0.5,Ailier,AIL,100,Haute,False,Moyenne,False,16,37.5,,,,,,,,,,,,0.0,,,,,,
lnr_1784,1784,nemo-gunther-roelofse,https://cdn.lnr.fr/joueur/1784-nemo-gunther-roelofse/photo/photoFull.746d583d9f8a2aa9c322b15ebadc8acc096151d2,N. Roelofse,Perpignan,PER,FRONT_ROW,1ère ligne,2024-2025,8,215.0,26.9,7.07,,,0.37,,,,0.0,0.0,,,0.0,,,,,lnr,29.0,182.0,120.0,Afrique du Sud,93.33333333333331,90.9090909090909,64.9,65.2,0.6,0,0,0,9,47,91,,17.4,↘,5,"[10.7, 50.4, 30.9, 28.6, 0]",100,2.96,1ère Ligne,1L,60,Moyenne,True,Basse,False,94,25.8,,,,,,,,,,,,0.0,,,,,,
lnr_965,965,nikolozi-sutidze,https://cdn.lnr.fr/joueur/965-nikolozi-sutidze/photo/photoFull.7cb6d3e8fb1a9ef473f9440830017cd30be5f626,N. Sutidze,La Rochelle,LRO,FRONT_ROW,1ère ligne,2024-2025,9,381.0,42.3,9.45,,,0.42,,,,0.0,0.0,,,1.05,,,,,lnr,21.0,180.0,104.0,Géorgie,92.3076923076923,78.78787878787878,64.9,64.5,0.75,0,0,26,33,49,81,,33.0,↗,5,"[0, 22.6, 46.0, 37.7, 47.8]",100,-1.03,1ère Ligne,1L,75,Haute,False,Basse,False,100,21.4,,,,,,,,,,,,0.0,,,,,,
lnr_1805,1805,nadir-megdoud,https://cdn.lnr.fr/joueur/1805-nadir-megdoud/photo/photoFull.66c8481f41dae2c760111c9de7f76f50fdc806b3,Nadir Megdoud,Bayonne,BAY,WINGER,Ailier,2024-2025,5,347.0,69.4,4.84,,,0.23,,,,0.92,1.38,,,0.0,,,,,lnr,28.0,181.0,96.0,France,92.82051282051282,72.72727272727273,80.7,74.5,0.75,66,89,0,36,49,90,0.0,23.9,→,1,[26.2],100,2.96,Ailier,AIL,75,Haute,False,Basse,False,3,91.7,,,,,,,,,,,,0.0,,,,,,
lnr_12751,12751,naoto-saito,https://cdn.lnr.fr/joueur/12751-naoto-saito/photo/photoFull.2697f7f0cb7b3da001ecdd411641ac7914939acd,Naoto Saito,Toulouse,TLS,SCRUM_HALF,Demi de mêlée,2024-2025,20,645.0,32.2,6.45,,,0.25,,,,0.37,0.25,,,0.62,,,,,lnr,27.0,165.0,75.0,Japon,84.61538461538461,56.81818181818182,65.8,63.9,1.0,58,18,8,49,45,81,0.62,22.6,↗,5,"[0, 0, 0, 18.3, 60.1]",100,2.61,Demi de mêlée,9,100,Haute,False,Moyenne,False,18,29.2,70.5,Japon,11.0,cluster_1,57.4,67.0,50.0,70.3,82.6,65.9,92.1,0.0,,,,,,
lnr_1902,1902,nathan-decron,https://cdn.lnr.fr/joueur/1902-nathan-decron/photo/photoFull.bf4a801945c52387138b3325d9dd3bcf510292ab,Nathan Decron,Pau,PAU,CENTRE,Centre,2024-2025,17,899.0,52.9,7.56,,,0.0,,,,0.36,0.44,,,0.0,,,,,lnr,27.0,184.0,96.0,France,94.35897435897436,72.72727272727273,67.3,68.5,1.0,33,36,0,59,30,87,,51.5,→,5,"[80.2, 64.8, 64.8, 36.7, 67.2]",100,2.61,Centre,CTR,100,Haute,False,Bonne,False,12,72.5,,,,,,,,,,,,0.0,,,,,,
lnr_2502,2502,nelson-epee,https://cdn.lnr.fr/joueur/2502-nelson-epee/photo/photoFull.7ca2942712296b23bc0c05ee5ba8a7306bef7b5e,Nelson Epee,Toulouse,TLS,WINGER,Ailier,2024-2025,9,389.0,43.2,6.79,,,0.0,,,,1.03,0.82,,,2.06,,,,,lnr,,,,,0.0,0.0,72.3,73.1,0.75,74,53,48,63,30,0,2.06,64.4,→,1,[75.7],100,0.0,Ailier,AIL,75,Haute,False,Basse,False,5,83.3,,,,,,,,,,,,0.0,,,,,,
lnr_1888,1888,nicolas-corato,https://cdn.lnr.fr/joueur/1888-nicolas-corato/photo/photoFull.bf7e6b3668f1d7c40821cbfca4c5f267bcf81dfe,Nicolas Corato,Castres,CAS,FRONT_ROW,1ère ligne,2024-2025,16,602.0,37.6,9.97,,,0.0,,,,0.0,0.0,,,0.0,,,,,lnr,27.0,184.0,123.0,France,94.35897435897436,93.18181818181816,65.9,68.3,1.0,0,0,0,39,30,93,,58.5,↘,5,"[37.7, 100, 54.1, 48.6, 70.4]",100,2.61,1ère Ligne,1L,100,Haute,False,Moyenne,False,65,49.2,,,,,,,,,,,,0.0,,,,,,
lnr_12541,12541,nika-abuladze-1,https://cdn.lnr.fr/joueur/12541-nika-abuladze-1/photo/photoFull.51bae4c81f5510244486dd81eab22f315e4675c1,Nika Abuladze,Montpellier,MHR,FRONT_ROW,1ère ligne,2024-2025,7,247.0,35.3,14.9,,,0.0,,,,0.0,0.32,,,0.0,,,,,lnr,29.0,187.0,125.0,Géorgie,95.8974358974359,94.6969696969697,79.1,74.4,0.6,0,34,0,89,30,94,,37.1,↘,5,"[93.8, 47.8, 31.9, 0, 65.9]",100,2.96,1ère Ligne,1L,60,Moyenne,True,Basse,False,27,79.4,72.5,GEORG,10.0,cluster_0,53.1,50.8,50.0,92.1,87.9,50.0,76.4,0.0,,,,,,
lnr_2120,2120,noa-zinzen,https://cdn.lnr.fr/joueur/2120-noa-zinzen/photo/photoFull.63f02d5f7b00d1429cb1de8aa98d311d3cf445ea,Noa Zinzen,Racing 92,R92,BACK_ROW,3ème ligne,2024-2025,3,127.0,42.3,10.71,,,0.63,,,,0.0,0.63,,,0.0,,,,,lnr,21.0,192.0,103.0,France,98.46153846153848,78.03030303030303,68.4,69.8,0.5,0,42,0,29,56,90,,59.0,↘,5,"[47.8, 65.3, 0, 83.4, 100]",100,-1.03,3ème Ligne,3L,50,Basse,True,Basse,True,9,84.9,,,,,,,,,,,,0.0,,,,,,
lnr_13419,13419,nolann-donguy,https://cdn.lnr.fr/joueur/13419-nolann-donguy/photo/photoFull.8b942e992ebb42fdd1ca819c8cb833427c776cef,Nolann Donguy,Racing 92,R92,WINGER,Ailier,2024-2025,2,116.0,58.0,9.66,,,0.0,,,,0.0,0.69,,,0.0,,,,,lnr,19.0,183.0,85.0,France,93.84615384615384,64.39393939393939,57.1,60.8,0.5,0,44,0,100,30,84,0.0,23.4,→,2,"[11.5, 35.4]",100,-1.38,Ailier,AIL,50,Basse,True,Basse,True,18,29.2,,,,,,,,,,,,0.0,,,,,,
lnr_2167,2167,olivier-klemenczak,https://cdn.lnr.fr/joueur/2167-olivier-klemenczak/photo/photoFull.bf4a801945c52387138b3325d9dd3bcf510292ab,O. Klemenczak,Pau,PAU,CENTRE,Centre,2024-2025,4,206.0,51.5,6.21,,,0.0,,,,0.0,0.0,,,0.0,,,,,lnr,,,,,0.0,0.0,47.9,57.4,0.6,0,0,0,41,30,0,,34.0,→,1,[38.6],100,0.0,Centre,CTR,60,Moyenne,True,Basse,True,38,7.5,,,,,,,,,,,,0.0,,,,,,
lnr_366,366,oskar-konstantin-rixen,https://cdn.lnr.fr/joueur/366-oskar-konstantin-rixen/photo/photoFull.22d524affa325bfad2a5469bb23df8603fc2554d,O. Rixen,Clermont,CLR,LOCK,2ème ligne,2024-2025,4,79.0,19.8,14.18,,,0.0,,,,0.0,0.0,,,0.0,,,,,lnr,,,,,0.0,0.0,56.1,63.0,0.5,0,0,0,61,30,0,,50.0,→,0,[],100,0.0,2ème Ligne,2L,50,Basse,True,Basse,True,26,47.9,,,,,,,,,,,,0.0,,,,,,
lnr_2317,2317,oliver-cowie,https://cdn.lnr.fr/joueur/2317-oliver-cowie/photo/photoFull.2eaacbd11c12f10f571df4cbac07c560d1665acd,Oliver Cowie,Toulon,TLN,WINGER,Ailier,2024-2025,3,159.0,53.0,5.53,,,0.5,,,,1.51,0.5,,,0.0,,,,,lnr,19.0,193.0,95.0,France,98.97435897435898,71.96969696969697,83.0,73.5,0.6,100,32,0,45,70,92,0.0,33.1,↗,5,"[25.5, 27.6, 27.6, 48.4, 40.6]",100,-1.38,Ailier,AIL,60,Moyenne,True,Basse,True,4,87.5,,,,,,,,,,,,0.0,,,,,,
lnr_939,939,oscar-jegou,https://cdn.lnr.fr/joueur/939-oscar-jegou/photo/photoFull.7cb6d3e8fb1a9ef473f9440830017cd30be5f626,Oscar Jegou,La Rochelle,LRO,BACK_ROW,3ème ligne,2024-2025,10,604.0,60.4,9.8,,,0.26,,,,0.93,0.26,,,1.99,,,,,lnr,21.0,190.0,90.0,France,97.43589743589745,68.18181818181817,59.7,61.3,1.0,100,17,51,20,41,83,,48.2,↗,5,"[22.9, 34.7, 57.5, 67.4, 62.2]",100,-1.03,3ème Ligne,3L,100,Haute,False,Moyenne,False,42,22.6,,,,,,,,,,,,0.0,,,,,,
lnr_1814,1814,pierre-henri-azagoh-kouadio,https://cdn.lnr.fr/joueur/1814-pierre-henri-azagoh-kouadio/photo/photoFull.0d105085f705532550693973c5545a1d4e020463,P. Azagoh Kouadio,Paris,SFP,LOCK,2ème ligne,2024-2025,14,676.0,48.3,14.2,,,0.12,,,,0.12,0.12,,,0.59,,,,,lnr,26.0,196.0,103.0,France,100.0,78.03030303030303,73.3,75.4,1.0,43,11,42,61,35,96,,69.6,↗,5,"[25.2, 91.9, 90.5, 95.4, 79.0]",100,2.0,2ème Ligne,2L,100,Haute,False,Moyenne,False,8,85.4,,,,,,,,,,,,0.0,,,,,,
lnr_2460,2460,pierre-louis-barassi,https://cdn.lnr.fr/joueur/2460-pierre-louis-barassi/photo/photoFull.a2503fca1a2646233602741328f9c3f7893fa1e1,P. Barassi,Toulouse,TLS,CENTRE,Centre,2024-2025,14,835.0,59.6,8.14,,,0.29,,,,1.05,0.48,,,1.92,,,,,lnr,26.0,187.0,99.0,France,95.8974358974359,75.0,80.6,76.4,1.0,97,39,73,67,42,90,,29.0,↗,5,"[0, 22.5, 16.4, 50.1, 40.3]",100,2.0,Centre,CTR,100,Haute,False,Bonne,False,2,97.5,,,,,,,,,,,,0.0,,,,,,
lnr_398,398,pietro-ceccarelli,https://cdn.lnr.fr/joueur/398-pietro-ceccarelli/photo/photoFull.746d583d9f8a2aa9c322b15ebadc8acc096151d2,P. Ceccarelli,Perpignan,PER,FRONT_ROW,1ère ligne,2024-2025,23,615.0,26.7,8.33,,,0.13,,,,0.0,0.0,,,0.0,,,,,lnr,33.0,184.0,115.0,France,94.35897435897436,87.12121212121212,61.2,61.8,1.0,0,0,0,22,36,88,,37.6,↗,5,"[11.7, 11.7, 64.2, 51.0, 45.0]",100,0.5,1ère Ligne,1L,100,Haute,False,Moyenne,False,112,11.9,77.0,ITALY,25.0,cluster_1,52.2,50.9,50.0,86.4,89.3,50.0,87.9,0.2,,,,,,
lnr_1377,1377,paolo-garbisi,https://cdn.lnr.fr/joueur/1377-paolo-garbisi/photo/photoFull.2eaacbd11c12f10f571df4cbac07c560d1665acd,Paolo Garbisi,Toulon,TLN,FLY_HALF,Demi d'ouverture,2024-2025,16,943.0,58.9,6.02,,,0.0,,,,0.08,0.34,,,1.7,,,,,lnr,24.0,183.0,97.0,Italie,93.84615384615384,73.48484848484848,56.6,55.8,1.0,6,25,12,53,30,95,1.7,18.9,↘,5,"[26.0, 13.7, 32.6, 24.3, 11.8]",100,0.5,Ouvreur,10,100,Haute,False,Bonne,False,20,17.4,76.7,ITALY,23.0,cluster_1,71.7,77.1,78.4,90.8,73.7,70.0,88.4,0.1700000000000003,,,,,,
lnr_2645,2645,pascal-cotet,https://cdn.lnr.fr/joueur/2645-pascal-cotet/photo/photoFull.1d6a32f7ce4a12d423552fb50b73687ec52ba345,Pascal Cotet,Bayonne,BAY,FRONT_ROW,1ère ligne,2024-2025,9,414.0,46.0,7.92,,,0.0,,,,0.0,0.19,,,0.0,,,,,lnr,31.0,184.0,123.0,France,94.35897435897436,93.18181818181816,62.1,63.2,0.75,0,20,0,18,30,93,,26.1,↘,5,"[0, 64.2, 39.4, 19.7, 26.0]",100,2.0,1ère Ligne,1L,75,Haute,False,Moyenne,False,106,16.7,,,,,,,,,,,,0.0,,,,,,
lnr_1103,1103,patrick-sobela,https://cdn.lnr.fr/joueur/1103-patrick-sobela/photo/photoFull.746d583d9f8a2aa9c322b15ebadc8acc096151d2,Patrick Sobela,Perpignan,PER,BACK_ROW,3ème ligne,2024-2025,14,630.0,45.0,12.32,,,0.76,,,,0.0,0.51,,,0.0,,,,,lnr,,,,,0.0,0.0,68.8,68.8,1.0,0,34,0,47,62,0,,50.0,→,0,[],100,0.0,3ème Ligne,3L,100,Haute,False,Moyenne,False,12,78.3,,,,,,,,,,,,0.0,,,,,,
lnr_415,415,paul-abadie,https://cdn.lnr.fr/joueur/415-paul-abadie/photo/photoFull.af05d90330b88b7be458e288b68ca734babbf81c,Paul Abadie,Paris,SFP,SCRUM_HALF,Demi de mêlée,2024-2025,1,243.0,,5.6,,,0.66,,,,0.33,0.33,,,0.0,,,,,lnr,30.0,176.0,88.0,France,90.25641025641026,66.66666666666666,73.2,73.2,0.6,51,24,0,35,70,92,0.0,52.1,↗,5,"[53.6, 34.9, 37.3, 50.4, 89.7]",100,2.61,Demi de mêlée,9,60,Moyenne,True,Basse,True,3,91.7,,,,,,,,,,,,0.0,,,,,,
lnr_1802,1802,paul-alo-emile,https://cdn.lnr.fr/joueur/1802-paul-alo-emile/photo/photoFull.0d105085f705532550693973c5545a1d4e020463,Paul Alo Emile,Paris,SFP,FRONT_ROW,1ère ligne,2024-2025,17,919.0,54.1,8.71,,,0.09,,,,0.0,0.0,,,0.87,,,,,lnr,33.0,180.0,132.0,Australie,92.3076923076923,100.0,63.4,65.2,1.0,0,0,22,26,34,98,,53.0,↗,5,"[66.8, 60.1, 100, 58.0, 39.4]",100,0.5,1ère Ligne,1L,100,Haute,False,Bonne,False,94,25.8,,,,,,,,,,,,0.0,,,,,,
lnr_687,687,paul-jedrasiak,https://cdn.lnr.fr/joueur/687-paul-jedrasiak/photo/photoFull.50e0d211418fb8267083232d5e5561b6e88fe79f,Paul Jedrasiak,Castres,CAS,LOCK,2ème ligne,2024-2025,10,417.0,41.7,13.62,,,0.19,,,,0.0,0.19,,,0.0,,,,,lnr,32.0,,121.0,France,0.0,91.66666666666666,59.4,67.3,0.75,0,17,0,56,37,14,,46.8,↗,5,"[11.8, 50.0, 45.6, 60.9, 65.3]",100,1.26,2ème Ligne,2L,75,Haute,False,Moyenne,False,25,50.0,77.7,France,10.0,cluster_1,73.3,76.2,50.0,84.1,79.4,61.0,82.4,0.2700000000000003,,,,,,
lnr_2461,2461,peato-mauvaka,https://cdn.lnr.fr/joueur/2461-peato-mauvaka/photo/photoFull.a2503fca1a2646233602741328f9c3f7893fa1e1,Peato Mauvaka,Toulouse,TLS,FRONT_ROW,1ère ligne,2024-2025,9,402.0,44.7,9.75,,,0.2,,,,0.0,0.8,,,4.98,,,,,lnr,28.0,184.0,112.0,France,94.35897435897436,84.84848484848484,72.5,75.6,0.75,0,85,100,37,39,86,,74.1,↗,4,"[62.8, 61.9, 95.7, 100]",100,2.96,1ère Ligne,1L,75,Haute,False,Moyenne,False,21,84.1,73.1,France,20.0,cluster_1,69.6,57.6,50.0,92.4,70.7,75.9,83.3,0.0,,,,,,
lnr_1757,1757,peniasi-dakuwaqa,https://cdn.lnr.fr/joueur/1757-peniasi-dakuwaqa/photo/photoFull.af05d90330b88b7be458e288b68ca734babbf81c,Peniasi Dakuwaqa,Paris,SFP,FULLBACK,Arrière,2024-2025,13,927.0,71.3,4.66,,,0.0,,,,1.21,0.78,,,2.59,,,,,lnr,,,,,0.0,0.0,74.5,71.0,1.0,98,54,50,82,30,0,2.59,28.5,↗,5,"[12.4, 6.0, 28.8, 36.0, 43.9]",100,0.0,Arrière,ARR,100,Haute,False,Bonne,False,2,94.7,,,,,,,,,,,,0.0,,,,,,
lnr_279,279,pierre-bochaton,https://cdn.lnr.fr/joueur/279-pierre-bochaton/photo/photoFull.9db3e1c64b0fa647759e691550b9e8351884f243,Pierre Bochaton,Bordeaux,BOR,LOCK,2ème ligne,2024-2025,17,948.0,55.8,13.25,,,0.17,,,,0.17,0.42,,,0.0,,,,,lnr,23.0,197.0,103.0,France,100.0,78.03030303030303,71.9,71.0,1.0,61,37,0,53,37,97,,46.0,↗,5,"[54.3, 35.4, 58.0, 51.8, 57.6]",100,-0.16,2ème Ligne,2L,100,Haute,False,Bonne,False,13,74.0,,,,,,,,,,,,0.0,,,,,,
lnr_999,999,pierre-bourgarit,https://cdn.lnr.fr/joueur/999-pierre-bourgarit/photo/photoFull.7cb6d3e8fb1a9ef473f9440830017cd30be5f626,Pierre Bourgarit,La Rochelle,LRO,FRONT_ROW,1ère ligne,2024-2025,9,422.0,46.9,10.81,,,0.95,,,,0.76,0.0,,,2.84,,,,,lnr,27.0,184.0,108.0,France,94.35897435897436,81.81818181818183,81.0,77.2,0.75,100,0,70,47,70,84,,46.7,→,4,"[54.7, 62.9, 42.2, 57.7]",100,2.61,1ère Ligne,1L,75,Haute,False,Moyenne,False,14,88.9,73.1,France,7.0,cluster_1,76.0,56.6,50.0,70.3,81.1,70.1,88.7,0.0,,,,,,
lnr_11813,11813,pierre-castillon,https://cdn.lnr.fr/joueur/11813-pierre-castillon/photo/photoFull.409fb64e5ca518486c03e07b8c688aa07f237184,Pierre Castillon,Bayonne,BAY,FRONT_ROW,1ère ligne,2024-2025,13,357.0,27.5,12.1,,,0.0,,,,0.0,0.22,,,0.0,,,,,lnr,21.0,185.0,104.0,France,94.87179487179486,78.78787878787878,66.2,73.0,0.75,0,23,0,60,30,81,,97.2,↗,5,"[39.4, 90.5, 100, 46.2, 100]",100,-1.03,1ère Ligne,1L,75,Haute,False,Basse,False,32,75.4,,,,,,,,,,,,0.0,,,,,,
lnr_637,637,pierre-colonna,https://cdn.lnr.fr/joueur/637-pierre-colonna/photo/photoFull.50e0d211418fb8267083232d5e5561b6e88fe79f,Pierre Colonna,Castres,CAS,FRONT_ROW,1ère ligne,2024-2025,13,382.0,29.4,11.1,,,0.0,,,,0.42,0.21,,,2.09,,,,,lnr,23.0,188.0,113.0,France,96.4102564102564,85.60606060606061,68.8,68.1,0.75,100,22,52,50,30,87,,41.2,↗,5,"[42.7, 41.2, 23.6, 62.1, 52.0]",100,-0.16,1ère Ligne,1L,75,Haute,False,Basse,False,67,47.6,,,,,,,,,,,,0.0,,,,,,
lnr_2329,2329,pierre-damond,https://cdn.lnr.fr/joueur/2329-pierre-damond/photo/photoFull.2eaacbd11c12f10f571df4cbac07c560d1665acd,Pierre Damond,Toulon,TLN,FRONT_ROW,1ère ligne,2024-2025,4,93.0,23.2,12.04,,,0.0,,,,0.0,0.0,,,0.0,,,,,lnr,21.0,181.0,103.0,France,92.82051282051282,78.03030303030303,64.5,66.4,0.5,0,0,0,60,30,80,,42.9,↗,5,"[43.2, 43.2, 70.2, 100, 7.2]",100,-1.03,1ère Ligne,1L,50,Basse,True,Basse,True,82,34.9,,,,,,,,,,,,0.0,,,,,,
lnr_2456,2456,pierre-fouyssac,https://cdn.lnr.fr/joueur/2456-pierre-fouyssac/photo/photoFull.b5e9990d9a31ede8327da9bafe6aeb896ea144f3,Pierre Fouyssac,Clermont,CLR,WINGER,Ailier,2024-2025,13,558.0,42.9,7.31,,,0.29,,,,0.72,0.43,,,3.58,,,,,lnr,30.0,189.0,101.0,France,96.92307692307692,76.51515151515152,75.4,72.4,0.75,52,28,84,70,54,95,3.58,34.3,↘,4,"[57.8, 39.3, 33.3, 36.3]",100,2.61,Ailier,AIL,75,Haute,False,Moyenne,False,6,79.2,,,,,,,,,,,,0.0,,,,,,
lnr_2660,2660,pierre-huguet,https://cdn.lnr.fr/joueur/2660-pierre-huguet/photo/photoFull.0d105085f705532550693973c5545a1d4e020463,Pierre Huguet,Paris,SFP,BACK_ROW,3ème ligne,2024-2025,6,351.0,58.5,13.68,,,0.0,,,,0.0,0.0,,,0.0,,,,,lnr,,,,,0.0,0.0,54.0,58.0,0.75,0,0,0,61,30,0,,50.0,→,0,[],100,0.0,3ème Ligne,3L,75,Haute,False,Basse,False,49,9.4,,,,,,,,,,,,0.0,,,,,,
lnr_1415,1415,pierre-lucas,https://cdn.lnr.fr/joueur/1415-pierre-lucas/photo/photoFull.63f02d5f7b00d1429cb1de8aa98d311d3cf445ea,Pierre Lucas,Montpellier,MHR,CENTRE,Centre,2024-2025,1,40.0,40.0,2.0,,,0.0,,,,2.0,0.0,,,0.0,,,,,lnr,,,,,0.0,0.0,58.0,64.0,0.5,100,0,0,0,30,0,,50.0,→,0,[],100,0.0,Centre,CTR,50,Basse,True,Basse,True,22,47.5,,,,,,,,,,,,0.0,,,,,,
lnr_990,990,pierre-popelin,https://cdn.lnr.fr/joueur/990-pierre-popelin/photo/photoFull.86467e8a06c363e5a424f16ec190ee71bb293d95,Pierre Popelin,Castres,CAS,FULLBACK,Arrière,2024-2025,8,341.0,42.6,4.93,,,0.23,,,,0.23,1.41,,,4.93,,,,,lnr,29.0,181.0,87.0,France,92.82051282051282,65.9090909090909,86.9,76.6,0.75,19,98,95,90,70,91,4.93,10.7,→,5,"[0, 25.5, 16.2, 5.9, 8.0]",100,2.96,Arrière,ARR,75,Haute,False,Basse,False,1,100.0,,,,,,,,,,,,0.0,,,,,,
lnr_1952,1952,posolo-tuilagi,https://cdn.lnr.fr/joueur/1952-posolo-tuilagi/photo/photoFull.14f86258177c199d0ec3ee9450197974d20d92b1,Posolo Tuilagi,Perpignan,PER,BACK_ROW,3ème ligne,2024-2025,11,425.0,38.6,9.79,,,0.94,,,,0.0,0.38,,,0.94,,,,,lnr,20.0,192.0,145.0,Samoa,98.46153846153848,100.0,71.3,70.1,0.75,0,26,24,19,69,99,,48.2,↗,5,"[5.9, 34.7, 46.5, 40.6, 90.5]",100,-1.25,3ème Ligne,3L,75,Haute,False,Moyenne,False,8,86.8,,,,,,,,,,,,0.0,,,,,,
lnr_986,986,quentin-lespiaucq,https://cdn.lnr.fr/joueur/986-quentin-lespiaucq/photo/photoFull.7cb6d3e8fb1a9ef473f9440830017cd30be5f626,Quentin Lespiaucq,La Rochelle,LRO,FRONT_ROW,1ère ligne,2024-2025,19,676.0,35.6,11.72,,,0.24,,,,0.0,0.83,,,4.14,,,,,lnr,30.0,180.0,102.0,France,92.3076923076923,77.27272727272727,75.9,73.4,1.0,0,89,100,57,41,80,,35.0,↗,5,"[19.1, 47.8, 11.7, 38.6, 56.5]",100,2.61,1ère Ligne,1L,100,Haute,False,Moyenne,False,31,76.2,,,,,,,,,,,,0.0,,,,,,
lnr_2499,2499,richard-tamanui-arnold,https://cdn.lnr.fr/joueur/2499-richard-tamanui-arnold/photo/photoFull.58e6e4b7761b3420a57c37233cfce5ad6a1e7fad,R. Arnold,Toulouse,TLS,LOCK,2ème ligne,2024-2025,12,456.0,38.0,9.3,,,0.35,,,,0.0,0.7,,,0.0,,,,,lnr,,,,,0.0,0.0,53.7,61.8,0.75,0,62,0,19,43,0,,50.0,→,0,[],100,0.0,2ème Ligne,2L,75,Haute,False,Moyenne,False,36,26.0,71.7,Australie,48.0,cluster_1,63.2,57.2,50.0,87.4,74.9,55.3,84.6,0.0,,,,,,
lnr_106,106,raffaele-costa-storti,https://cdn.lnr.fr/joueur/106-raffaele-costa-storti/photo/photoFull.083427b872f5930b5c6cd547e5c37bca8decebc1,R. Costa Storti,Paris,SFP,FULLBACK,Arrière,2024-2025,2,160.0,80.0,4.0,,,0.0,,,,1.5,0.0,,,2.5,,,,,lnr,,,,,0.0,0.0,68.0,68.8,0.6,100,0,48,64,30,0,2.5,50.0,→,0,[],100,0.0,Arrière,ARR,60,Moyenne,True,Basse,True,5,78.9,73.0,PORT,10.0,cluster_0,61.1,69.4,50.0,91.2,93.2,73.2,85.2,0.0,,,,,,
lnr_1223,1223,romain-latterrade,https://cdn.lnr.fr/joueur/1223-romain-latterrade/photo/photoFull.6fc701688372b38c2cd93e972d93fc323ab7f457,R. Latterrade,Bordeaux,BOR,FRONT_ROW,1ère ligne,2024-2025,15,501.0,33.4,11.98,,,0.48,,,,0.0,0.64,,,1.6,,,,,lnr,,,,,0.0,0.0,64.7,66.0,0.75,0,68,40,59,52,0,,50.0,→,0,[],100,0.0,1ère Ligne,1L,75,Haute,False,Moyenne,False,89,29.8,,,,,,,,,,,,0.0,,,,,,
lnr_2443,2443,rodrigue-neti,https://cdn.lnr.fr/joueur/2443-rodrigue-neti/photo/photoFull.a2503fca1a2646233602741328f9c3f7893fa1e1,R. Neti,Toulouse,TLS,FRONT_ROW,1ère ligne,2024-2025,22,942.0,42.8,6.62,,,0.0,,,,0.0,0.17,,,0.42,,,,,lnr,29.0,185.0,121.0,France,94.87179487179486,91.66666666666666,60.0,59.1,1.0,0,18,10,5,30,92,,21.0,↘,5,"[29.8, 40.6, 13.7, 17.0, 23.1]",100,2.96,1ère Ligne,1L,100,Haute,False,Bonne,False,118,7.1,,,,,,,,,,,,0.0,,,,,,
lnr_1093,1093,romain-taofifenua,https://cdn.lnr.fr/joueur/1093-romain-taofifenua/photo/photoFull.8b942e992ebb42fdd1ca819c8cb833427c776cef,R. Taofifenua,Racing 92,R92,LOCK,2ème ligne,2024-2025,19,839.0,44.2,10.87,,,0.67,,,,0.1,1.33,,,1.91,,,,,lnr,34.0,,138.0,France,0.0,100.0,63.8,62.7,1.0,36,100,100,32,56,15,,30.6,→,5,"[36.8, 36.2, 20.3, 23.1, 47.8]",100,-0.16,2ème Ligne,2L,100,Haute,False,Bonne,False,27,45.8,73.1,France,35.0,cluster_1,66.2,74.1,50.0,90.6,69.4,62.7,85.2,0.0,,,,,,
lnr_2381,2381,rayan-rebbadj,https://cdn.lnr.fr/joueur/2381-rayan-rebbadj/photo/photoFull.26dec662e84c737005260a65b33966bd7438db17,Rayan Rebbadj,Toulon,TLN,CENTRE,Centre,2024-2025,6,345.0,57.5,6.49,,,0.0,,,,0.46,0.0,,,1.16,,,,,lnr,25.0,190.0,93.0,France,97.43589743589745,70.45454545454545,61.1,61.9,0.75,43,0,44,45,30,86,,22.6,↘,4,"[36.8, 5.9, 0, 47.1]",100,1.26,Centre,CTR,75,Haute,False,Basse,False,26,37.5,,,,,,,,,,,,0.0,,,,,,
lnr_1940,1940,reece-hewat,https://cdn.lnr.fr/joueur/1940-reece-hewat/photo/photoFull.b948a9307d0771aeee5c40d614c45938eb2eb700,Reece Hewat,Pau,PAU,BACK_ROW,3ème ligne,2024-2025,11,462.0,42.0,17.49,,,0.35,,,,0.17,0.69,,,1.73,,,,,lnr,27.0,191.0,106.0,Australie,97.94871794871794,80.3030303030303,80.6,76.0,0.75,23,46,44,100,45,92,,38.2,↗,5,"[18.3, 19.9, 19.9, 58.3, 59.3]",100,2.61,3ème Ligne,3L,75,Haute,False,Moyenne,False,1,100.0,,,,,,,,,,,,0.0,,,,,,
lnr_993,993,remi-bourdeau,https://cdn.lnr.fr/joueur/993-remi-bourdeau/photo/photoFull.df70eb994b7734bdf40e01b850e18c98079124f9,Remi Bourdeau,Bayonne,BAY,BACK_ROW,3ème ligne,2024-2025,6,255.0,42.5,14.43,,,0.31,,,,0.63,0.31,,,0.0,,,,,lnr,,,,,0.0,0.0,65.7,67.4,0.6,85,21,0,69,43,0,,50.0,→,0,[],100,0.0,3ème Ligne,3L,60,Moyenne,True,Basse,False,15,73.6,,,,,,,,,,,,0.0,,,,,,
lnr_5847,5847,robert-simmons-1,https://cdn.lnr.fr/joueur/5847-robert-simmons-1/photo/photoFull.b5e9990d9a31ede8327da9bafe6aeb896ea144f3,Robert Simmons,Clermont,CLR,LOCK,2ème ligne,2024-2025,13,792.0,60.9,7.27,,,0.2,,,,0.1,0.2,,,0.51,,,,,lnr,35.0,,115.0,Australie,0.0,87.12121212121212,45.5,48.7,1.0,36,18,36,1,38,13,,36.9,→,5,"[29.3, 28.9, 59.2, 41.2, 41.9]",100,-0.67,2ème Ligne,2L,100,Haute,False,Moyenne,False,46,6.2,73.6,Australie,67.0,cluster_1,66.3,54.0,50.0,87.1,78.1,57.8,87.3,0.0,,,,,,
lnr_12001,12001,robin-couly,https://cdn.lnr.fr/joueur/12001-robin-couly/photo/photoFull.58be6a2ad681cc5ced7d547fac090a3dc6591f6f,Robin Couly,Racing 92,R92,FRONT_ROW,1ère ligne,2024-2025,7,312.0,44.6,16.15,,,0.0,,,,0.0,0.0,,,0.0,,,,,lnr,,,,,0.0,0.0,62.5,68.7,0.75,0,0,0,100,30,0,,76.4,→,1,[90.5],100,0.0,1ère Ligne,1L,75,Haute,False,Basse,False,63,50.4,,,,,,,,,,,,0.0,,,,,,
lnr_2737,2737,romain-gardrat,https://cdn.lnr.fr/joueur/2737-romain-gardrat/photo/photoFull.9db3e1c64b0fa647759e691550b9e8351884f243,Romain Gardrat,Bordeaux,BOR,BACK_ROW,3ème ligne,2024-2025,1,60.0,60.0,12.0,,,0.0,,,,0.0,0.0,,,0.0,,,,,lnr,,,,,0.0,0.0,50.8,57.8,0.5,0,0,0,43,30,0,,12.5,→,2,"[36.2, 0]",100,0.0,3ème Ligne,3L,50,Basse,True,Basse,True,50,7.5,,,,,,,,,,,,0.0,,,,,,
lnr_2436,2436,romain-ntamack,https://cdn.lnr.fr/joueur/2436-romain-ntamack/photo/photoFull.a2503fca1a2646233602741328f9c3f7893fa1e1,Romain Ntamack,Toulouse,TLS,FLY_HALF,Demi d'ouverture,2024-2025,12,722.0,60.2,6.2,,,0.11,,,,0.33,0.66,,,4.32,,,,,lnr,25.0,186.0,91.0,France,95.3846153846154,68.93939393939394,67.1,65.6,1.0,26,49,30,56,41,94,4.32,24.0,↘,5,"[49.1, 36.7, 35.4, 13.7, 21.6]",100,1.26,Ouvreur,10,100,Haute,False,Moyenne,False,6,78.3,83.0,France,36.0,cluster_1,77.4,82.2,86.8,91.6,76.4,80.6,93.0,0.8,,,,,,
lnr_1891,1891,romain-ruffenach,https://cdn.lnr.fr/joueur/1891-romain-ruffenach/photo/photoFull.66c8481f41dae2c760111c9de7f76f50fdc806b3,Romain Ruffenach,Pau,PAU,FRONT_ROW,1ère ligne,2024-2025,19,702.0,36.9,6.95,,,0.68,,,,0.0,0.11,,,1.71,,,,,lnr,,,,,0.0,0.0,53.3,53.3,1.0,0,12,42,8,61,0,,50.0,→,0,[],100,0.0,1ère Ligne,1L,100,Haute,False,Moyenne,False,126,0.8,,,,,,,,,,,,0.0,,,,,,
lnr_1804,1804,ryan-chapuis,https://cdn.lnr.fr/joueur/1804-ryan-chapuis/photo/photoFull.0d105085f705532550693973c5545a1d4e020463,Ryan Chapuis,Paris,SFP,BACK_ROW,3ème ligne,2024-2025,14,610.0,43.6,10.75,,,0.39,,,,0.0,0.26,,,0.0,,,,,lnr,27.0,190.0,105.0,France,97.43589743589745,79.54545454545455,65.4,66.8,1.0,0,17,0,30,46,91,,49.3,↘,5,"[47.1, 100, 57.6, 0, 82.0]",100,2.61,3ème Ligne,3L,100,Haute,False,Moyenne,False,22,60.4,,,,,,,,,,,,0.0,,,,,,
lnr_921,921,regis-montagne,https://cdn.lnr.fr/joueur/921-regis-montagne/photo/photoFull.b5e9990d9a31ede8327da9bafe6aeb896ea144f3,Régis Montagne,Clermont,CLR,FRONT_ROW,1ère ligne,2024-2025,22,839.0,38.1,11.16,,,0.19,,,,0.0,0.19,,,0.48,,,,,lnr,24.0,186.0,132.0,France,95.3846153846154,100.0,71.2,69.4,1.0,0,20,12,51,39,98,,36.5,↗,5,"[41.4, 28.2, 30.3, 42.9, 50.8]",100,0.5,1ère Ligne,1L,100,Haute,False,Bonne,False,62,51.6,,,,,,,,,,,,0.0,,,,,,
lnr_994,994,remi-picquette,https://cdn.lnr.fr/joueur/994-remi-picquette/photo/photoFull.bf4a801945c52387138b3325d9dd3bcf510292ab,Rémi Picquette,Pau,PAU,LOCK,2ème ligne,2024-2025,19,957.0,50.4,9.53,,,0.17,,,,0.17,0.5,,,1.25,,,,,lnr,30.0,,117.0,France,0.0,88.63636363636364,55.5,56.3,1.0,61,44,88,21,37,13,,28.2,→,5,"[55.3, 10.1, 15.8, 37.7, 36.2]",100,2.61,2ème Ligne,2L,100,Haute,False,Bonne,False,41,16.7,,,,,,,,,,,,0.0,,,,,,
lnr_1889,1889,remi-seneca,https://cdn.lnr.fr/joueur/1889-remi-seneca/photo/photoFull.bf4a801945c52387138b3325d9dd3bcf510292ab,Rémi Seneca,Pau,PAU,FRONT_ROW,1ère ligne,2024-2025,12,422.0,35.2,11.75,,,0.0,,,,0.0,0.0,,,0.0,,,,,lnr,30.0,185.0,113.0,France,94.87179487179486,85.60606060606061,68.6,72.3,0.75,0,0,0,57,30,87,,67.8,↗,5,"[81.0, 39.4, 83.9, 100, 56.5]",100,2.61,1ère Ligne,1L,75,Haute,False,Moyenne,False,36,72.2,,,,,,,,,,,,0.0,,,,,,
lnr_1736,1736,sergo-abramishvili,https://cdn.lnr.fr/joueur/1736-sergo-abramishvili/photo/photoFull.af05d90330b88b7be458e288b68ca734babbf81c,S. Abramishvili,Paris,SFP,FRONT_ROW,1ère ligne,2024-2025,10,432.0,43.2,11.85,,,0.19,,,,0.0,0.0,,,1.85,,,,,lnr,21.0,184.0,105.0,Géorgie,94.35897435897436,79.54545454545455,67.0,67.8,0.75,0,0,46,58,39,82,,50.2,↗,5,"[62.8, 33.0, 85.3, 68.7, 45.4]",100,-1.03,1ère Ligne,1L,75,Haute,False,Moyenne,False,72,43.7,,,,,,,,,,,,0.0,,,,,,
lnr_669,669,sebastien-bezy,https://cdn.lnr.fr/joueur/669-sebastien-bezy/photo/photoFull.b5e9990d9a31ede8327da9bafe6aeb896ea144f3,S. Bezy,Clermont,CLR,SCRUM_HALF,Demi de mêlée,2024-2025,25,936.0,37.4,7.09,,,0.26,,,,0.34,0.68,,,0.85,,,,,lnr,33.0,174.0,76.0,France,89.23076923076924,57.57575757575758,71.1,68.0,1.0,53,49,10,59,46,84,0.85,25.1,↘,5,"[100, 50.4, 58.8, 9.8, 0]",100,0.5,Demi de mêlée,9,100,Haute,False,Bonne,False,10,62.5,68.2,France,8.0,cluster_1,52.1,60.8,50.0,80.4,97.6,50.7,95.1,0.0,,,,,,
lnr_426,426,setareki-bituniyata,https://cdn.lnr.fr/joueur/426-setareki-bituniyata/photo/photoFull.6fc701688372b38c2cd93e972d93fc323ab7f457,S. Bituniyata,Toulouse,TLS,WINGER,Ailier,2024-2025,5,239.0,47.8,8.03,,,0.0,,,,1.34,1.67,,,1.67,,,,,lnr,,,,,0.0,0.0,82.9,77.8,0.6,96,100,39,80,30,0,1.67,50.0,→,0,[],100,0.0,Ailier,AIL,60,Moyenne,True,Basse,False,2,95.8,,,,,,,,,,,,0.0,,,,,,
lnr_908,908,steeve-blanc-mappaz,https://cdn.lnr.fr/joueur/908-steeve-blanc-mappaz/photo/photoFull.55223152d2bdf719adae33c3f4ef18c348eed132,S. Blanc Mappaz,Lyon,LOU,BACK_ROW,3ème ligne,2024-2025,18,906.0,50.3,13.51,,,0.09,,,,0.18,0.35,,,0.0,,,,,lnr,,,,,0.0,0.0,58.2,58.2,1.0,24,23,0,59,34,0,,50.0,→,0,[],100,0.0,3ème Ligne,3L,100,Haute,False,Bonne,False,46,13.2,,,,,,,,,,,,0.0,,,,,,
lnr_12612,12612,soumaila-camara,https://cdn.lnr.fr/joueur/12612-soumaila-camara/photo/photoFull.7379d926936176d3eaa666ae7f05a48b45011660,S. Camara,Racing 92,R92,BACK_ROW,3ème ligne,2024-2025,1,41.0,41.0,19.51,,,0.0,,,,0.0,0.0,,,0.0,,,,,lnr,21.0,187.0,101.0,France,95.8974358974359,76.51515151515152,65.3,67.2,0.5,0,0,0,100,30,88,,47.7,↘,5,"[100, 46.3, 32.1, 41.2, 68.7]",100,-1.03,3ème Ligne,3L,50,Basse,True,Basse,True,17,69.8,74.5,France,17.0,cluster_1,77.2,96.8,50.0,93.2,60.7,65.1,87.6,0.0,,,,,,
lnr_2397,2397,santiago-chocobares,https://cdn.lnr.fr/joueur/2397-santiago-chocobares/photo/photoFull.a2503fca1a2646233602741328f9c3f7893fa1e1,S. Chocobares,Toulouse,TLS,CENTRE,Centre,2024-2025,12,796.0,66.3,8.04,,,0.1,,,,0.5,0.6,,,1.51,,,,,lnr,26.0,188.0,100.0,Argentine,96.4102564102564,75.75757575757575,72.2,69.0,1.0,46,49,57,66,34,90,,23.8,→,5,"[6.3, 33.9, 34.7, 19.0, 28.8]",100,2.0,Centre,CTR,100,Haute,False,Moyenne,False,11,75.0,62.8,Argentine,20.0,cluster_1,58.2,57.3,50.0,87.9,90.9,54.6,94.1,0.0,,,,,,
lnr_11803,11803,shingirai-dylan-masimba-manyarara,https://cdn.lnr.fr/joueur/11803-shingirai-dylan-masimba-manyarara/photo/photoFull.8b942e992ebb42fdd1ca819c8cb833427c776cef,S. Manyarara,Racing 92,R92,BACK_ROW,3ème ligne,2024-2025,4,185.0,46.2,22.49,,,0.0,,,,0.43,0.0,,,2.16,,,,,lnr,21.0,185.0,100.0,Zimbabwe,94.87179487179486,75.75757575757575,67.0,68.8,0.6,58,0,55,100,30,87,,56.3,↗,5,"[39.7, 79.4, 49.3, 100, 46.9]",100,-1.03,3ème Ligne,3L,60,Moyenne,True,Basse,True,12,78.3,,,,,,,,,,,,0.0,,,,,,
lnr_1100,1100,sebastien-taofifenua,https://cdn.lnr.fr/joueur/1100-sebastien-taofifenua/photo/photoFull.6fc701688372b38c2cd93e972d93fc323ab7f457,S. Taofifenua,Lyon,LOU,FRONT_ROW,1ère ligne,2024-2025,13,514.0,39.5,13.54,,,0.0,,,,0.16,0.16,,,1.56,,,,,lnr,,,,,0.0,0.0,59.5,62.1,0.75,40,17,39,75,30,0,,50.0,→,0,[],100,0.0,1ère Ligne,1L,75,Haute,False,Moyenne,False,110,13.5,,,,,,,,,,,,0.0,,,,,,
lnr_1850,1850,siate-folau-tokolahi,https://cdn.lnr.fr/joueur/1850-siate-folau-tokolahi/photo/photoFull.bf4a801945c52387138b3325d9dd3bcf510292ab,S. Tokolahi,Pau,PAU,FRONT_ROW,1ère ligne,2024-2025,6,324.0,54.0,10.86,,,0.0,,,,0.0,0.25,,,0.0,,,,,lnr,33.0,179.0,123.0,Tonga,91.7948717948718,93.18181818181816,67.3,68.7,0.75,0,27,0,48,30,92,,51.4,↘,5,"[15.8, 87.1, 20.7, 45.4, 90.5]",100,0.5,1ère Ligne,1L,75,Haute,False,Basse,False,63,50.4,,,,,,,,,,,,0.0,,,,,,
lnr_2446,2446,selevasio-tolofua,https://cdn.lnr.fr/joueur/2446-selevasio-tolofua/photo/photoFull.b5e9990d9a31ede8327da9bafe6aeb896ea144f3,S. Tolofua,Toulon,TLN,CENTRE,Centre,2024-2025,14,525.0,37.5,12.34,,,0.3,,,,0.61,1.22,,,0.76,,,,,lnr,27.0,186.0,116.0,France,95.3846153846154,87.87878787878788,86.9,81.5,0.75,56,100,29,100,43,97,,52.1,↗,5,"[54.3, 47.8, 98.9, 68.7, 42.3]",100,2.61,Centre,CTR,75,Haute,False,Moyenne,False,1,100.0,,,,,,,,,,,,0.0,,,,,,
lnr_2424,2424,sialevailea-tolofua,https://cdn.lnr.fr/joueur/2424-sialevailea-tolofua/photo/photoFull.a2503fca1a2646233602741328f9c3f7893fa1e1,S. Tolofua,Toulouse,TLS,BACK_ROW,3ème ligne,2024-2025,1,40.0,40.0,16.0,,,0.0,,,,0.0,0.0,,,10.0,,,,,lnr,,,,,0.0,0.0,58.5,64.2,0.5,0,0,100,86,30,0,,50.0,→,0,[],100,0.0,3ème Ligne,3L,50,Basse,True,Basse,True,34,37.7,,,,,,,,,,,,0.0,,,,,,
lnr_12357,12357,setareki-turagacoke,https://cdn.lnr.fr/joueur/12357-setareki-turagacoke/photo/photoFull.af05d90330b88b7be458e288b68ca734babbf81c,S. Turagacoke,Paris,SFP,LOCK,2ème ligne,2024-2025,7,133.0,19.0,9.02,,,1.2,,,,0.0,0.6,,,0.0,,,,,lnr,,,,,0.0,0.0,60.5,65.3,0.5,0,53,0,16,70,0,,50.0,→,0,[],100,0.0,2ème Ligne,2L,50,Basse,True,Basse,True,22,56.2,,,,,,,,,,,,0.0,,,,,,
lnr_2023,2023,sacha-lotrian,https://cdn.lnr.fr/joueur/2023-sacha-lotrian/photo/photoFull.b5e9990d9a31ede8327da9bafe6aeb896ea144f3,Sacha Lotrian,Clermont,CLR,FRONT_ROW,1ère ligne,2024-2025,10,440.0,44.0,10.0,,,0.0,,,,0.0,0.36,,,0.0,,,,,lnr,24.0,180.0,100.0,France,92.3076923076923,75.75757575757575,63.6,64.7,0.75,0,38,0,39,30,78,,36.3,↘,5,"[68.7, 33.6, 27.3, 36.2, 47.8]",100,0.5,1ère Ligne,1L,75,Haute,False,Moyenne,False,98,23.0,,,,,,,,,,,,0.0,,,,,,
lnr_8958,8958,samuel-simmonds-1,https://cdn.lnr.fr/joueur/8958-samuel-simmonds-1/photo/photoFull.8e39a4ffde2d58962f9632bb5639326c8c077ac5,Samuel Simmonds,Montpellier,MHR,BACK_ROW,3ème ligne,2024-2025,17,717.0,42.2,10.6,,,0.11,,,,0.22,0.45,,,1.12,,,,,lnr,,,,,0.0,0.0,53.8,58.7,1.0,30,30,29,28,35,0,,59.7,↘,5,"[100, 63.1, 48.4, 88.4, 62.2]",100,0.0,3ème Ligne,3L,100,Haute,False,Moyenne,False,46,13.2,79.9,Angleterre,19.0,cluster_1,74.8,80.2,50.0,93.5,82.9,87.6,50.0,0.4900000000000005,,,,,,
lnr_1794,1794,sekou-macalou,https://cdn.lnr.fr/joueur/1794-sekou-macalou/photo/photoFull.af05d90330b88b7be458e288b68ca734babbf81c,Sekou Macalou,Paris,SFP,BACK_ROW,3ème ligne,2024-2025,17,921.0,54.2,6.69,,,1.39,,,,0.78,0.78,,,3.91,,,,,lnr,29.0,198.0,108.0,France,100.0,81.81818181818183,77.4,74.2,1.0,100,52,100,0,70,94,,30.5,↘,5,"[53.0, 68.1, 17.6, 14.7, 39.9]",100,2.96,3ème Ligne,3L,100,Haute,False,Bonne,False,2,98.1,69.0,France,17.0,cluster_1,61.8,62.0,50.0,88.4,77.5,61.9,82.2,0.0,,,,,,
lnr_966,966,simeli-daunivucu,https://cdn.lnr.fr/joueur/966-simeli-daunivucu/photo/photoFull.7cb6d3e8fb1a9ef473f9440830017cd30be5f626,Simeli Daunivucu,La Rochelle,LRO,WINGER,Ailier,2024-2025,7,216.0,30.9,8.15,,,0.37,,,,0.74,0.37,,,0.0,,,,,lnr,20.0,180.0,85.0,Fidji,92.3076923076923,64.39393939393939,71.8,69.0,0.6,53,24,0,82,61,84,0.0,39.8,→,5,"[21.6, 50.4, 23.6, 32.1, 70.1]",100,-1.25,Ailier,AIL,60,Moyenne,True,Basse,False,8,70.8,,,,,,,,,,,,0.0,,,,,,
lnr_12342,12342,simon-daroque,https://cdn.lnr.fr/joueur/12342-simon-daroque/photo/photoFull.2697f7f0cb7b3da001ecdd411641ac7914939acd,Simon Daroque,Toulouse,TLS,SCRUM_HALF,Demi de mêlée,2024-2025,5,133.0,26.6,7.22,,,0.0,,,,0.6,0.6,,,3.01,,,,,lnr,,,,,0.0,0.0,64.7,67.3,0.5,93,43,37,62,30,0,3.01,50.0,→,0,[],100,0.0,Demi de mêlée,9,50,Basse,True,Basse,True,11,58.3,,,,,,,,,,,,0.0,,,,,,
lnr_940,940,simon-huchet,https://cdn.lnr.fr/joueur/940-simon-huchet/photo/photoFull.7cb6d3e8fb1a9ef473f9440830017cd30be5f626,Simon Huchet,La Rochelle,LRO,LOCK,2ème ligne,2024-2025,4,163.0,40.8,18.16,,,0.0,,,,0.0,0.0,,,0.0,,,,,lnr,,,,,0.0,0.0,64.4,66.0,0.6,0,0,0,95,30,0,,39.7,→,3,"[19.9, 76.9, 36.2]",100,0.0,2ème Ligne,2L,60,Moyenne,True,Basse,True,20,60.4,,,,,,,,,,,,0.0,,,,,,
lnr_533,533,simon-meka,https://cdn.lnr.fr/joueur/533-simon-meka/photo/photoFull.50e0d211418fb8267083232d5e5561b6e88fe79f,Simon Meka,Castres,CAS,LOCK,2ème ligne,2024-2025,3,72.0,24.0,26.67,,,0.0,,,,0.0,0.0,,,0.0,,,,,lnr,25.0,193.0,110.0,France,98.97435897435898,83.33333333333334,78.5,75.1,0.5,0,0,0,100,30,96,,57.3,→,3,"[51.0, 36.7, 96.2]",100,1.26,2ème Ligne,2L,50,Basse,True,Basse,True,9,83.3,,,,,,,,,,,,0.0,,,,,,
lnr_311,311,sipili-falatea,https://cdn.lnr.fr/joueur/311-sipili-falatea/photo/photoFull.9db3e1c64b0fa647759e691550b9e8351884f243,Sipili Falatea,Bordeaux,BOR,FRONT_ROW,1ère ligne,2024-2025,18,728.0,40.4,9.12,,,0.0,,,,0.22,0.77,,,1.65,,,,,lnr,27.0,183.0,115.0,France,93.84615384615384,87.12121212121212,69.8,69.6,1.0,54,82,41,30,30,88,,43.3,↗,5,"[36.2, 62.1, 91.1, 27.3, 44.7]",100,2.61,1ère Ligne,1L,100,Haute,False,Moyenne,False,59,53.6,68.6,France,11.0,cluster_1,71.7,70.1,50.0,85.1,61.6,69.2,81.5,0.0,,,,,,
lnr_13364,13364,suliasi-vunivalu,https://cdn.lnr.fr/joueur/13364-suliasi-vunivalu/photo/photoFull.01e7e4177db166b370a81655ed844dbb271b4fe2,Suliasi Vunivalu,La Rochelle,LRO,WINGER,Ailier,2024-2025,2,73.0,36.5,6.58,,,0.0,,,,0.0,0.0,,,0.0,,,,,lnr,29.0,192.0,99.0,Fidji,98.46153846153848,75.0,55.5,62.8,0.5,0,0,0,60,30,94,0.0,22.9,↗,4,"[22.2, 38.1, 32.2, 14.4]",100,2.96,Ailier,AIL,50,Basse,True,Basse,True,15,41.7,,,,,,,,,,,,0.0,,,,,,
lnr_2363,2363,swan-rebbadj,https://cdn.lnr.fr/joueur/2363-swan-rebbadj/photo/photoFull.2eaacbd11c12f10f571df4cbac07c560d1665acd,Swan Rebbadj,Toulon,TLN,LOCK,2ème ligne,2024-2025,9,338.0,37.6,13.25,,,0.71,,,,0.0,0.0,,,0.0,,,,,lnr,30.0,,115.0,France,0.0,87.12121212121212,64.9,66.6,0.75,0,0,0,53,57,13,,38.8,↘,5,"[57.6, 56.5, 100, 9.5, 33.0]",100,2.61,2ème Ligne,2L,75,Haute,False,Basse,False,19,62.5,,,,,,,,,,,,0.0,,,,,,
lnr_1982,1982,tristan-labouteley,https://cdn.lnr.fr/joueur/1982-tristan-labouteley/photo/photoFull.66c8481f41dae2c760111c9de7f76f50fdc806b3,T. Labouteley,Perpignan,PER,LOCK,2ème ligne,2024-2025,12,779.0,64.9,9.35,,,0.0,,,,0.0,0.0,,,0.0,,,,,lnr,,,,,0.0,0.0,46.1,46.1,1.0,0,0,0,19,30,0,,50.0,→,0,[],100,0.0,2ème Ligne,2L,100,Haute,False,Moyenne,False,48,2.1,,,,,,,,,,,,0.0,,,,,,
lnr_1769,1769,thibaut-robert-motassi-dibongue,https://cdn.lnr.fr/joueur/1769-thibaut-robert-motassi-dibongue/photo/photoFull.af05d90330b88b7be458e288b68ca734babbf81c,T. Motassi Dibongue,Paris,SFP,SCRUM_HALF,Demi de mêlée,2024-2025,13,188.0,14.5,8.94,,,0.85,,,,0.43,0.0,,,2.13,,,,,lnr,20.0,175.0,79.0,France,89.74358974358975,59.84848484848485,70.1,67.0,0.6,67,0,26,90,70,86,2.13,29.4,↘,5,"[49.5, 33.9, 63.3, 37.9, 10.1]",100,-1.25,Demi de mêlée,9,60,Moyenne,True,Basse,False,12,52.1,,,,,,,,,,,,0.0,,,,,,
lnr_2486,2486,theo-ntamack-muyenga,https://cdn.lnr.fr/joueur/2486-theo-ntamack-muyenga/photo/photoFull.a2503fca1a2646233602741328f9c3f7893fa1e1,T. Ntamack Muyenga,Toulouse,TLS,BACK_ROW,3ème ligne,2024-2025,18,725.0,40.3,12.03,,,0.11,,,,0.33,1.99,,,1.66,,,,,lnr,22.0,193.0,103.0,France,98.97435897435898,78.03030303030303,67.9,67.0,1.0,45,100,43,43,35,91,,39.8,↘,5,"[91.4, 37.3, 96.2, 19.4, 30.9]",100,-0.67,3ème Ligne,3L,100,Haute,False,Moyenne,False,20,63.2,,,,,,,,,,,,0.0,,,,,,
lnr_903,903,tomaakino-taufa,https://cdn.lnr.fr/joueur/903-tomaakino-taufa/photo/photoFull.9db3e1c64b0fa647759e691550b9e8351884f243,T. Taufa,Bordeaux,BOR,FRONT_ROW,1ère ligne,2024-2025,13,242.0,18.6,11.57,,,0.33,,,,0.0,0.33,,,1.65,,,,,lnr,30.0,180.0,145.0,Tonga,92.3076923076923,100.0,77.3,71.7,0.6,0,35,41,55,45,99,,23.7,↘,4,"[84.5, 0, 12.9, 29.8]",100,2.61,1ère Ligne,1L,60,Moyenne,True,Basse,False,43,66.3,,,,,,,,,,,,0.0,,,,,,
lnr_1976,1976,tristan-james-tedder,https://cdn.lnr.fr/joueur/1976-tristan-james-tedder/photo/photoFull.746d583d9f8a2aa9c322b15ebadc8acc096151d2,T. Tedder,Racing 92,R92,FLY_HALF,Demi d'ouverture,2024-2025,11,515.0,46.8,3.73,,,0.0,,,,0.47,0.78,,,7.46,,,,,lnr,28.0,180.0,78.0,Autriche,92.3076923076923,59.09090909090909,68.7,65.5,0.75,37,58,52,27,30,88,7.46,8.7,→,5,"[2.6, 11.8, 11.8, 4.6, 7.2]",100,2.96,Ouvreur,10,75,Haute,False,Moyenne,False,4,87.0,,,,,,,,,,,,0.0,,,,,,
lnr_987,987,teddy-thomas,https://cdn.lnr.fr/joueur/987-teddy-thomas/photo/photoFull.a2503fca1a2646233602741328f9c3f7893fa1e1,Teddy Thomas,La Rochelle,LRO,WINGER,Ailier,2024-2025,15,903.0,60.2,5.49,,,0.09,,,,0.71,0.8,,,3.1,,,,,lnr,31.0,185.0,94.0,France,94.87179487179486,71.21212121212122,72.1,68.6,1.0,51,51,72,45,37,90,3.1,13.3,↗,5,"[0, 17.7, 24.6, 23.6, 2.2]",100,2.0,Ailier,AIL,100,Haute,False,Bonne,False,10,62.5,84.5,France,26.0,cluster_1,92.7,81.0,50.0,83.7,78.4,95.1,95.8,0.95,,,,,,
lnr_2674,2674,tevita-tatafu,https://cdn.lnr.fr/joueur/2674-tevita-tatafu/photo/photoFull.1d6a32f7ce4a12d423552fb50b73687ec52ba345,Tevita Tatafu,Bayonne,BAY,FRONT_ROW,1ère ligne,2024-2025,13,549.0,42.2,6.41,,,0.15,,,,0.29,0.15,,,1.46,,,,,lnr,22.0,183.0,133.0,Tonga,93.84615384615384,100.0,61.3,62.5,0.75,72,16,36,2,37,98,,33.5,→,5,"[23.6, 52.7, 21.6, 34.4, 46.7]",100,-0.67,1ère Ligne,1L,75,Haute,False,Moyenne,False,109,14.3,67.5,Japon,26.0,cluster_1,52.2,51.0,50.0,65.6,93.6,62.4,69.6,0.0,,,,,,
lnr_2405,2405,thibaud-flament,https://cdn.lnr.fr/joueur/2405-thibaud-flament/photo/photoFull.a2503fca1a2646233602741328f9c3f7893fa1e1,Thibaud Flament,Toulouse,TLS,LOCK,2ème ligne,2024-2025,17,879.0,51.7,7.1,,,0.09,,,,0.09,0.64,,,0.91,,,,,lnr,27.0,,116.0,France,0.0,87.87878787878788,49.5,52.2,1.0,32,56,64,0,33,13,,32.0,↘,5,"[39.9, 21.0, 30.9, 47.8, 34.7]",100,2.61,2ème Ligne,2L,100,Haute,False,Bonne,False,44,10.4,76.6,France,15.0,cluster_1,90.8,66.9,50.0,90.2,68.6,100.0,80.2,0.1599999999999994,,,,,,
lnr_1101,1101,thibaut-regard,https://cdn.lnr.fr/joueur/1101-thibaut-regard/photo/photoFull.8e39a4ffde2d58962f9632bb5639326c8c077ac5,Thibaut Regard,Lyon,LOU,CENTRE,Centre,2024-2025,7,310.0,44.3,7.48,,,0.0,,,,0.26,0.0,,,1.29,,,,,lnr,31.0,180.0,95.0,France,92.3076923076923,71.96969696969697,60.8,62.9,0.75,24,0,49,58,30,86,,30.5,↗,4,"[1.6, 48.6, 27.5, 43.2]",100,2.0,Centre,CTR,75,Haute,False,Basse,False,23,45.0,,,,,,,,,,,,0.0,,,,,,
lnr_984,984,thierry-paiva,https://cdn.lnr.fr/joueur/984-thierry-paiva/photo/photoFull.af05d90330b88b7be458e288b68ca734babbf81c,Thierry Paiva,La Rochelle,LRO,FRONT_ROW,1ère ligne,2024-2025,10,317.0,31.7,13.88,,,0.76,,,,0.0,0.25,,,2.52,,,,,lnr,29.0,184.0,115.0,France,94.35897435897436,87.12121212121212,85.9,80.9,0.75,0,27,62,79,65,88,,51.2,↗,5,"[22.1, 77.1, 83.9, 100, 10.1]",100,2.96,1ère Ligne,1L,75,Haute,False,Basse,False,3,98.4,,,,,,,,,,,,0.0,,,,,,
lnr_2415,2415,thomas-alary,https://cdn.lnr.fr/joueur/2415-thomas-alary/photo/photoFull.a2503fca1a2646233602741328f9c3f7893fa1e1,Thomas Alary,Toulouse,TLS,FULLBACK,Arrière,2024-2025,2,70.0,35.0,4.57,,,0.0,,,,0.0,0.0,,,0.0,,,,,lnr,18.0,191.0,92.0,France,97.94871794871794,69.6969696969697,53.3,58.6,0.5,0,0,0,80,30,96,0.0,18.0,→,1,[19.0],100,-1.45,Arrière,ARR,50,Basse,True,Basse,True,15,26.3,,,,,,,,,,,,0.0,,,,,,
lnr_1004,1004,thomas-berjon,https://cdn.lnr.fr/joueur/1004-thomas-berjon/photo/photoFull.7cb6d3e8fb1a9ef473f9440830017cd30be5f626,Thomas Berjon,La Rochelle,LRO,SCRUM_HALF,Demi de mêlée,2024-2025,21,688.0,32.8,5.7,,,0.0,,,,0.23,0.7,,,1.16,,,,,lnr,27.0,171.0,76.0,France,87.6923076923077,57.57575757575758,65.6,64.6,1.0,36,50,14,36,30,83,1.16,30.0,↘,5,"[44.3, 38.3, 19.3, 29.3, 39.4]",100,2.61,Demi de mêlée,9,100,Haute,False,Moyenne,False,17,33.3,,,,,,,,,,,,0.0,,,,,,
lnr_1445,1445,thomas-darmon,https://cdn.lnr.fr/joueur/1445-thomas-darmon/photo/photoFull.4cb2a4ab19ab443ff7739b68884b2f51b78c1bab,Thomas Darmon,Montpellier,MHR,FLY_HALF,Demi d'ouverture,2024-2025,15,841.0,56.1,8.85,,,0.29,,,,0.19,0.57,,,0.0,,,,,lnr,26.0,181.0,88.0,France,92.82051282051282,66.66666666666666,69.0,65.7,1.0,15,42,0,86,60,92,0.0,17.5,→,5,"[20.3, 17.0, 68.7, 15.8, 0]",100,2.0,Ouvreur,10,100,Haute,False,Bonne,False,3,91.3,,,,,,,,,,,,0.0,,,,,,
lnr_320,320,thomas-jolmes,https://cdn.lnr.fr/joueur/320-thomas-jolmes/photo/photoFull.bf4a801945c52387138b3325d9dd3bcf510292ab,Thomas Jolmes,Pau,PAU,LOCK,2ème ligne,2024-2025,18,712.0,39.6,8.88,,,0.11,,,,0.0,0.22,,,0.56,,,,,lnr,29.0,,117.0,France,0.0,88.63636363636364,50.5,56.6,1.0,0,19,40,15,34,13,,63.1,↗,5,"[91.9, 36.7, 100, 100, 45.4]",100,2.96,2ème Ligne,2L,100,Haute,False,Moyenne,False,39,19.8,,,,,,,,,,,,0.0,,,,,,
lnr_1707,1707,thomas-laclayat,https://cdn.lnr.fr/joueur/1707-thomas-laclayat/photo/photoFull.bf4a801945c52387138b3325d9dd3bcf510292ab,Thomas Laclayat,Racing 92,R92,FRONT_ROW,1ère ligne,2024-2025,19,759.0,39.9,8.54,,,0.42,,,,0.0,0.0,,,0.53,,,,,lnr,27.0,176.0,125.0,France,90.25641025641026,94.6969696969697,68.9,66.4,1.0,0,0,13,24,49,93,,22.8,↘,5,"[55.9, 55.9, 30.0, 7.6, 16.4]",100,2.61,1ère Ligne,1L,100,Haute,False,Moyenne,False,82,34.9,,,,,,,,,,,,0.0,,,,,,
lnr_2429,2429,thomas-lacombre,https://cdn.lnr.fr/joueur/2429-thomas-lacombre/photo/photoFull.a2503fca1a2646233602741328f9c3f7893fa1e1,Thomas Lacombre,Toulouse,TLS,FRONT_ROW,1ère ligne,2024-2025,12,406.0,33.8,9.85,,,0.39,,,,0.0,0.59,,,1.97,,,,,lnr,20.0,174.0,106.0,France,89.23076923076924,80.3030303030303,69.1,67.9,0.75,0,63,49,38,48,81,,41.3,↘,5,"[100, 46.0, 41.8, 48.7, 30.9]",100,-1.25,1ère Ligne,1L,75,Haute,False,Moyenne,False,69,45.2,,,,,,,,,,,,0.0,,,,,,
lnr_88,88,thomas-vincent,https://cdn.lnr.fr/joueur/88-thomas-vincent/photo/photoFull.2a93bdb165edd2cd19ea2b2a060be0a3b3011911,Thomas Vincent,Montpellier,MHR,FLY_HALF,Demi d'ouverture,2024-2025,11,607.0,55.2,4.74,,,0.4,,,,0.13,0.0,,,4.88,,,,,lnr,25.0,185.0,82.0,France,94.87179487179486,62.121212121212125,64.1,62.9,1.0,10,0,34,39,70,91,4.88,27.6,↘,5,"[27.3, 53.3, 22.9, 19.9, 35.3]",100,1.26,Ouvreur,10,100,Haute,False,Moyenne,False,9,65.2,,,,,,,,,,,,0.0,,,,,,
lnr_543,543,theo-chabouni,https://cdn.lnr.fr/joueur/543-theo-chabouni/photo/photoFull.bf7e6b3668f1d7c40821cbfca4c5f267bcf81dfe,Théo Chabouni,Castres,CAS,FULLBACK,Arrière,2024-2025,19,962.0,50.6,3.24,,,0.08,,,,0.25,0.42,,,0.83,,,,,lnr,,,,,0.0,0.0,58.0,55.5,1.0,20,29,16,43,48,0,0.83,8.9,↘,5,"[2.6, 19.6, 20.3, 0, 4.3]",100,0.0,Arrière,ARR,100,Haute,False,Bonne,False,18,10.5,,,,,,,,,,,,0.0,,,,,,
lnr_11320,11320,theo-giral-1,https://cdn.lnr.fr/joueur/11320-theo-giral-1/photo/photoFull.fb26dc620384a6249e4f25079e745b2cf06fe9f6,Théo Giral,Clermont,CLR,FLY_HALF,Demi d'ouverture,2024-2025,5,89.0,17.8,3.6,,,0.0,,,,0.0,0.0,,,2.7,,,,,lnr,,,,,0.0,0.0,47.8,58.9,0.5,0,0,19,26,30,0,2.7,50.0,→,0,[],100,0.0,Ouvreur,10,50,Basse,True,Basse,True,17,30.4,,,,,,,,,,,,0.0,,,,,,
lnr_203,203,tiaan-jacobs,https://cdn.lnr.fr/joueur/203-tiaan-jacobs/photo/photoFull.9db3e1c64b0fa647759e691550b9e8351884f243,Tiaan Jacobs,Bordeaux,BOR,LOCK,2ème ligne,2024-2025,3,80.0,26.7,19.0,,,1.0,,,,0.0,0.0,,,0.0,,,,,lnr,20.0,193.0,107.0,Afrique du Sud,98.97435897435898,81.06060606060606,87.5,76.3,0.5,0,0,0,100,68,96,,50.9,↗,5,"[82.7, 44.3, 41.9, 47.8, 75.2]",100,-1.25,2ème Ligne,2L,50,Basse,True,Basse,True,6,89.6,,,,,,,,,,,,0.0,,,,,,
lnr_1987,1987,tom-ecochard,https://cdn.lnr.fr/joueur/1987-tom-ecochard/photo/photoFull.746d583d9f8a2aa9c322b15ebadc8acc096151d2,Tom Ecochard,Perpignan,PER,SCRUM_HALF,Demi de mêlée,2024-2025,19,989.0,52.1,5.82,,,0.0,,,,0.24,0.49,,,0.57,,,,,lnr,32.0,173.0,85.0,France,88.71794871794872,64.39393939393939,61.7,60.6,1.0,37,35,7,38,30,89,0.57,24.6,↗,5,"[31.5, 31.5, 94.8, 13.7, 0.5]",100,1.26,Demi de mêlée,9,100,Haute,False,Bonne,False,21,16.7,,,,,,,,,,,,0.0,,,,,,
lnr_11890,11890,tomasi-seru,https://cdn.lnr.fr/joueur/11890-tomasi-seru/photo/photoFull.673b50508ed570af2802365a4be2390538bb645a,Tomasi Seru,La Rochelle,LRO,CENTRE,Centre,2024-2025,1,40.0,40.0,6.0,,,0.0,,,,0.0,2.0,,,0.0,,,,,lnr,,,,,0.0,0.0,59.5,64.8,0.5,0,100,0,38,30,0,,50.0,→,0,[],100,0.0,Centre,CTR,50,Basse,True,Basse,True,20,51.2,,,,,,,,,,,,0.0,,,,,,
lnr_550,550,tyler-ardron,https://cdn.lnr.fr/joueur/550-tyler-ardron/photo/photoFull.bf7e6b3668f1d7c40821cbfca4c5f267bcf81dfe,Tyler Ardron,Castres,CAS,LOCK,2ème ligne,2024-2025,12,758.0,63.2,9.39,,,0.11,,,,0.0,0.42,,,1.06,,,,,lnr,33.0,197.0,108.0,Canada,100.0,81.81818181818183,62.1,64.2,1.0,0,37,75,19,34,97,,53.8,↗,5,"[54.3, 45.8, 34.5, 100, 51.0]",100,0.5,2ème Ligne,2L,100,Haute,False,Moyenne,False,24,52.1,,,,,,,,,,,,0.0,,,,,,
lnr_309,309,ugo-boniface,https://cdn.lnr.fr/joueur/309-ugo-boniface/photo/photoFull.9db3e1c64b0fa647759e691550b9e8351884f243,Ugo Boniface,Bordeaux,BOR,FRONT_ROW,1ère ligne,2024-2025,20,731.0,36.5,10.94,,,0.66,,,,0.22,0.98,,,1.09,,,,,lnr,26.0,190.0,125.0,France,97.43589743589745,94.6969696969697,84.4,79.3,1.0,54,100,27,49,60,94,,28.2,↘,5,"[84.2, 55.5, 37.3, 13.7, 19.9]",100,2.0,1ère Ligne,1L,100,Haute,False,Moyenne,False,6,95.6,,,,,,,,,,,,0.0,,,,,,
lnr_983,983,uini-atonio,https://cdn.lnr.fr/joueur/983-uini-atonio/photo/photoFull.7cb6d3e8fb1a9ef473f9440830017cd30be5f626,Uini Atonio,La Rochelle,LRO,FRONT_ROW,1ère ligne,2024-2025,16,734.0,45.9,5.01,,,0.0,,,,0.0,0.11,,,0.0,,,,,lnr,35.0,196.0,145.0,Nouvelle Zélande,100.0,100.0,56.5,54.7,1.0,0,12,0,0,30,100,,13.7,→,3,"[3.6, 26.0, 10.1]",100,-0.67,1ère Ligne,1L,100,Haute,False,Moyenne,False,125,1.6,66.8,France,39.0,cluster_1,71.8,57.1,50.0,89.5,61.2,50.5,87.8,0.0,,,,,,
lnr_950,950,ultan-dillane,https://cdn.lnr.fr/joueur/950-ultan-dillane/photo/photoFull.7cb6d3e8fb1a9ef473f9440830017cd30be5f626,Ultan Dillane,La Rochelle,LRO,LOCK,2ème ligne,2024-2025,13,612.0,47.1,13.99,,,0.0,,,,0.26,0.0,,,0.65,,,,,lnr,31.0,198.0,115.0,Irlande,100.0,87.12121212121212,72.5,71.0,1.0,93,0,46,59,30,98,,34.8,→,5,"[34.0, 41.2, 21.0, 54.1, 39.3]",100,2.0,2ème Ligne,2L,100,Haute,False,Moyenne,False,15,70.8,79.5,Irlande,19.0,cluster_1,79.7,50.0,50.0,89.5,85.3,73.6,89.9,0.4499999999999999,,,,,,
lnr_2414,2414,valentin-delpy,https://cdn.lnr.fr/joueur/2414-valentin-delpy/photo/photoFull.a97287bb803b4a1d8c8c4ddb0d569a833c424553,V. Delpy,Toulouse,TLS,FLY_HALF,Demi d'ouverture,2024-2025,13,136.0,10.5,11.18,,,0.0,,,,0.0,0.0,,,32.94,,,,,lnr,21.0,185.0,89.0,France,94.87179487179486,67.42424242424242,61.5,62.6,0.5,0,0,100,100,30,93,32.94,21.9,→,4,"[22.6, 17.9, 9.2, 37.3]",100,-1.03,Ouvreur,10,50,Basse,True,Basse,True,11,56.5,,,,,,,,,,,,0.0,,,,,,
lnr_1424,1424,vincent-giudicelli,https://cdn.lnr.fr/joueur/1424-vincent-giudicelli/photo/photoFull.1d6a32f7ce4a12d423552fb50b73687ec52ba345,V. Giudicelli,Bayonne,BAY,FRONT_ROW,1ère ligne,2024-2025,7,231.0,33.0,15.93,,,0.35,,,,0.0,0.0,,,0.0,,,,,lnr,27.0,184.0,102.0,France,94.35897435897436,77.27272727272727,81.2,75.5,0.6,0,0,0,99,46,80,,40.4,↘,5,"[100, 27.5, 53.7, 83.9, 9.5]",100,2.61,1ère Ligne,1L,60,Moyenne,True,Basse,False,22,82.9,,,,,,,,,,,,0.0,,,,,,
lnr_2017,2017,vakhtang-jintcharadze,https://cdn.lnr.fr/joueur/2017-vakhtang-jintcharadze/photo/photoFull.28a7076c5091624b9d043c9f795307457230f77f,V. Jintcharadze,Perpignan,PER,FRONT_ROW,1ère ligne,2024-2025,2,52.0,26.0,6.15,,,0.0,,,,0.0,0.0,,,0.0,,,,,lnr,25.0,187.0,116.0,Géorgie,95.8974358974359,87.87878787878788,55.7,67.1,0.5,0,0,0,0,30,89,,67.3,→,2,"[68.3, 87.1]",100,1.26,1ère Ligne,1L,50,Basse,True,Basse,True,77,39.3,,,,,,,,,,,,0.0,,,,,,
lnr_2009,2009,victor-montgaillard,https://cdn.lnr.fr/joueur/2009-victor-montgaillard/photo/photoFull.b817331ae7e7f540e8505004318a8073270e5d10,V. Montgaillard,Perpignan,PER,FRONT_ROW,1ère ligne,2024-2025,10,325.0,32.5,13.78,,,0.49,,,,0.25,0.74,,,3.69,,,,,lnr,22.0,181.0,108.0,France,92.82051282051282,81.81818181818183,82.5,77.2,0.75,62,79,91,78,53,83,,50.2,↘,5,"[100, 94.7, 62.1, 40.1, 34.7]",100,-0.67,1ère Ligne,1L,75,Haute,False,Basse,False,14,88.9,,,,,,,,,,,,0.0,,,,,,
lnr_10999,10999,valentin-simutoga,https://cdn.lnr.fr/joueur/10999-valentin-simutoga/photo/photoFull.28a7076c5091624b9d043c9f795307457230f77f,V. Simutoga,Lyon,LOU,FRONT_ROW,1ère ligne,2024-2025,2,44.0,22.0,7.27,,,0.0,,,,0.0,0.0,,,0.0,,,,,lnr,22.0,184.0,125.0,France,94.35897435897436,94.6969696969697,57.1,63.3,0.5,0,0,0,11,30,94,,40.7,↗,5,"[5.6, 33.3, 55.5, 56.5, 50.0]",100,-0.67,1ère Ligne,1L,50,Basse,True,Basse,True,105,17.5,,,,,,,,,,,,0.0,,,,,,
lnr_450,450,vano-karkadze,https://cdn.lnr.fr/joueur/450-vano-karkadze/photo/photoFull.c13853c24f9a438203d2dc57b45e48161a549ae5,Vano Karkadze,Montpellier,MHR,FRONT_ROW,1ère ligne,2024-2025,7,207.0,29.6,10.05,,,0.77,,,,0.0,0.0,,,1.93,,,,,lnr,,,,,0.0,0.0,60.5,70.1,0.6,0,0,48,40,66,0,,50.0,→,0,[],100,0.0,1ère Ligne,1L,60,Moyenne,True,Basse,False,102,19.8,80.0,GEORG,7.0,cluster_0,54.4,50.3,50.0,93.5,100.0,56.0,99.0,0.5,,,,,,
lnr_3063,3063,victor-hannoun,https://cdn.lnr.fr/joueur/3063-victor-hannoun/photo/photoFull.1d6a32f7ce4a12d423552fb50b73687ec52ba345,Victor Hannoun,Bayonne,BAY,WINGER,Ailier,2024-2025,2,160.0,80.0,5.0,,,0.5,,,,0.5,0.5,,,0.0,,,,,lnr,21.0,182.0,85.0,France,93.33333333333331,64.39393939393939,67.3,63.7,0.6,36,32,0,38,70,84,0.0,12.8,→,3,"[13.7, 21.0, 6.0]",100,-1.03,Ailier,AIL,60,Moyenne,True,Basse,True,14,45.8,,,,,,,,,,,,0.0,,,,,,
lnr_1437,1437,vincent-rattez,https://cdn.lnr.fr/joueur/1437-vincent-rattez/photo/photoFull.8e39a4ffde2d58962f9632bb5639326c8c077ac5,Vincent Rattez,Lyon,LOU,CENTRE,Centre,2024-2025,13,823.0,63.3,4.86,,,0.1,,,,1.07,0.1,,,1.94,,,,,lnr,33.0,181.0,89.0,France,92.82051282051282,67.42424242424242,67.9,64.8,1.0,99,8,74,22,34,83,,19.7,→,3,"[39.2, 0, 30.1]",100,0.5,Centre,CTR,100,Haute,False,Bonne,False,20,51.2,68.7,France,9.0,cluster_1,72.5,62.6,50.0,85.0,83.7,70.6,93.8,0.0,,,,,,
lnr_616,616,wayan-de-benedittis,https://cdn.lnr.fr/joueur/616-wayan-de-benedittis/photo/photoFull.55223152d2bdf719adae33c3f4ef18c348eed132,W. De Benedittis,Castres,CAS,FRONT_ROW,1ère ligne,2024-2025,8,40.0,5.0,6.0,,,0.0,,,,0.0,0.0,,,0.0,,,,,lnr,,,,,0.0,0.0,41.5,55.8,0.5,0,0,0,0,30,0,,50.0,→,0,[],100,0.0,1ère Ligne,1L,50,Basse,True,Basse,True,123,2.8,,,,,,,,,,,,0.0,,,,,,
lnr_1245,1245,wame-naituvi,https://cdn.lnr.fr/joueur/1245-wame-naituvi/photo/photoFull.d27019f52768bff9ad76599574dced3c5044bc4f,Wame Naituvi,Racing 92,R92,WINGER,Ailier,2024-2025,7,491.0,70.1,3.26,,,0.0,,,,0.49,0.65,,,1.63,,,,,lnr,28.0,180.0,92.0,Fidji,92.3076923076923,69.6969696969697,64.8,65.0,0.75,35,42,38,13,30,88,1.63,24.4,↘,4,"[39.9, 14.4, 31.0, 25.3]",100,2.96,Ailier,AIL,75,Haute,False,Moyenne,False,13,50.0,,,,,,,,,,,,0.0,,,,,,
lnr_11839,11839,will-rowlands-1,https://cdn.lnr.fr/joueur/11839-will-rowlands-1/photo/photoFull.8b942e992ebb42fdd1ca819c8cb833427c776cef,Will Rowlands,Racing 92,R92,LOCK,2ème ligne,2024-2025,17,900.0,52.9,12.18,,,0.18,,,,0.09,0.18,,,0.0,,,,,lnr,33.0,,125.0,Pays de Galles,0.0,94.6969696969697,56.4,61.6,1.0,32,16,0,43,37,14,,69.7,↗,5,"[53.0, 73.6, 45.4, 83.1, 100]",100,0.5,2ème Ligne,2L,100,Haute,False,Bonne,False,31,37.5,70.3,WALES,23.0,cluster_1,90.7,62.8,50.0,90.0,55.2,83.3,86.7,0.0,,,,,,
lnr_12516,12516,william-collier,https://cdn.lnr.fr/joueur/12516-william-collier/photo/photoFull.bf7e6b3668f1d7c40821cbfca4c5f267bcf81dfe,William Collier,Castres,CAS,FRONT_ROW,1ère ligne,2024-2025,17,920.0,54.1,6.43,,,0.0,,,,0.0,0.09,,,1.3,,,,,lnr,33.0,183.0,120.0,Angleterre,93.84615384615384,90.9090909090909,56.5,57.7,1.0,0,10,32,3,30,91,,36.9,↗,5,"[31.9, 24.7, 8.1, 28.2, 76.9]",100,0.5,1ère Ligne,1L,100,Haute,False,Bonne,False,121,4.8,,,,,,,,,,,,0.0,,,,,,
lnr_3536,3536,xan-mousques,https://cdn.lnr.fr/joueur/3536-xan-mousques/photo/photoFull.9db3e1c64b0fa647759e691550b9e8351884f243,Xan Mousques,Bayonne,BAY,FULLBACK,Arrière,2024-2025,8,495.0,61.9,3.39,,,0.0,,,,1.13,0.0,,,3.23,,,,,lnr,19.0,178.0,89.0,France,91.28205128205128,67.42424242424242,68.5,66.9,0.75,91,0,62,47,30,90,3.23,36.3,↗,5,"[13.7, 7.2, 100, 37.3, 25.1]",100,-1.38,Arrière,ARR,75,Haute,False,Moyenne,False,8,63.2,,,,,,,,,,,,0.0,,,,,,
lnr_1097,1097,xavier-mignot,https://cdn.lnr.fr/joueur/1097-xavier-mignot/photo/photoFull.d303b4e754d5628447799261cf17492ebc23d137,Xavier Mignot,Lyon,LOU,CENTRE,Centre,2024-2025,5,334.0,66.8,5.03,,,0.24,,,,0.72,0.96,,,0.0,,,,,lnr,,,,,0.0,0.0,67.7,68.3,0.75,67,79,0,25,40,0,,50.0,→,0,[],100,0.0,Centre,CTR,75,Haute,False,Basse,False,13,70.0,,,,,,,,,,,,0.0,,,,,,
lnr_1118,1118,yanis-charcosset,https://cdn.lnr.fr/joueur/1118-yanis-charcosset/photo/photoFull.5130516f3d5f5fbc23b3eaab6efe1a2b3082c3df,Y. Charcosset,Lyon,LOU,FRONT_ROW,1ère ligne,2024-2025,11,426.0,38.7,15.4,,,0.0,,,,0.0,0.19,,,3.76,,,,,lnr,,,,,0.0,0.0,62.5,64.4,0.75,0,20,93,94,30,0,,50.0,→,0,[],100,0.0,1ère Ligne,1L,75,Haute,False,Moyenne,False,101,20.6,,,,,,,,,,,,0.0,,,,,,
lnr_338,338,yoram-falatea-moefana,https://cdn.lnr.fr/joueur/338-yoram-falatea-moefana/photo/photoFull.9db3e1c64b0fa647759e691550b9e8351884f243,Y. Falatea Moefana,Bordeaux,BOR,CENTRE,Centre,2024-2025,14,840.0,60.0,9.62,,,0.1,,,,0.57,1.24,,,0.48,,,,,lnr,24.0,182.0,97.0,France,93.33333333333331,73.48484848484848,80.2,75.5,1.0,53,100,18,87,34,88,,27.0,↗,5,"[29.5, 34.7, 57.0, 34.7, 11.8]",100,0.5,Centre,CTR,100,Haute,False,Bonne,False,3,95.0,74.0,France,15.0,cluster_1,73.7,75.5,50.0,88.7,88.9,66.1,87.9,0.0,,,,,,
lnr_327,327,yann-lesgourgues,https://cdn.lnr.fr/joueur/327-yann-lesgourgues/photo/photoFull.df70eb994b7734bdf40e01b850e18c98079124f9,Y. Lesgourgues,Bordeaux,BOR,SCRUM_HALF,Demi de mêlée,2024-2025,18,872.0,48.4,5.87,,,0.09,,,,0.37,0.83,,,0.92,,,,,lnr,,,,,0.0,0.0,65.6,65.6,1.0,58,59,11,39,36,0,0.92,50.0,→,0,[],100,0.0,Demi de mêlée,9,100,Haute,False,Bonne,False,16,37.5,,,,,,,,,,,,0.0,,,,,,
lnr_975,975,yoan-tanga-mangene,https://cdn.lnr.fr/joueur/975-yoan-tanga-mangene/photo/photoFull.af05d90330b88b7be458e288b68ca734babbf81c,Y. Tanga Mangene,Paris,SFP,BACK_ROW,3ème ligne,2024-2025,16,768.0,48.0,10.42,,,0.1,,,,0.31,1.15,,,0.52,,,,,lnr,28.0,185.0,107.0,France,94.87179487179486,81.06060606060606,66.4,68.7,1.0,42,77,13,26,34,91,,58.3,↘,5,"[100, 84.6, 40.8, 63.6, 67.6]",100,2.96,3ème Ligne,3L,100,Haute,False,Moyenne,False,14,75.5,,,,,,,,,,,,0.0,,,,,,
lnr_757,757,yann-peysson,https://cdn.lnr.fr/joueur/757-yann-peysson/photo/photoFull.5130516f3d5f5fbc23b3eaab6efe1a2b3082c3df,Yann Peysson,Castres,CAS,BACK_ROW,3ème ligne,2024-2025,4,177.0,44.2,17.18,,,0.0,,,,0.0,0.0,,,0.0,,,,,lnr,,,,,0.0,0.0,60.8,64.5,0.6,0,0,0,99,30,0,,50.0,→,0,[],100,0.0,3ème Ligne,3L,60,Moyenne,True,Basse,True,31,42.5,,,,,,,,,,,,0.0,,,,,,
lnr_2477,2477,yannick-youyoutte,https://cdn.lnr.fr/joueur/2477-yannick-youyoutte/photo/photoFull.6fc701688372b38c2cd93e972d93fc323ab7f457,Yannick Youyoutte,Toulon,TLN,LOCK,2ème ligne,2024-2025,7,227.0,32.4,19.74,,,0.0,,,,0.0,0.35,,,0.0,,,,,lnr,,,,,0.0,0.0,67.4,68.4,0.6,0,31,0,100,30,0,,50.0,→,0,[],100,0.0,2ème Ligne,2L,60,Moyenne,True,Basse,False,16,68.8,,,,,,,,,,,,0.0,,,,,,
lnr_11002,11002,yerim-fall,https://cdn.lnr.fr/joueur/11002-yerim-fall/photo/photoFull.b5e9990d9a31ede8327da9bafe6aeb896ea144f3,Yerim Fall,Clermont,CLR,CENTRE,Centre,2024-2025,4,308.0,77.0,4.16,,,0.0,,,,0.52,0.52,,,1.3,,,,,lnr,21.0,178.0,90.0,France,91.28205128205128,68.18181818181817,60.8,60.0,0.75,48,43,49,13,30,83,,16.4,↗,4,"[2.6, 9.2, 27.5, 18.3]",100,-1.03,Centre,CTR,75,Haute,False,Basse,True,32,22.5,,,,,,,,,,,,0.0,,,,,,
lnr_2628,2628,yohan-orabe,https://cdn.lnr.fr/joueur/2628-yohan-orabe/photo/photoFull.1d6a32f7ce4a12d423552fb50b73687ec52ba345,Yohan Orabe,Bayonne,BAY,FULLBACK,Arrière,2024-2025,8,467.0,58.4,2.91,,,0.17,,,,1.2,0.69,,,0.86,,,,,lnr,22.0,182.0,83.0,France,93.33333333333331,62.87878787878788,73.4,67.8,0.75,97,48,17,33,69,90,0.86,16.6,↘,5,"[29.5, 14.4, 0, 24.2, 20.9]",100,-0.67,Arrière,ARR,75,Haute,False,Moyenne,False,6,73.7,,,,,,,,,,,,0.0,,,,,,
lnr_1917,1917,youri-delhommel,https://cdn.lnr.fr/joueur/1917-youri-delhommel/photo/photoFull.bf4a801945c52387138b3325d9dd3bcf510292ab,Youri Delhommel,Pau,PAU,FRONT_ROW,1ère ligne,2024-2025,23,949.0,41.3,13.66,,,0.51,,,,0.0,0.08,,,0.0,,,,,lnr,29.0,181.0,101.0,France,92.82051282051282,76.51515151515152,79.3,77.6,1.0,0,9,0,76,54,79,,46.0,↘,5,"[58.6, 100, 43.2, 43.2, 47.8]",100,2.96,1ère Ligne,1L,100,Haute,False,Bonne,False,11,91.3,,,,,,,,,,,,0.0,,,,,,
lnr_306,306,zaccharie-affane,https://cdn.lnr.fr/joueur/306-zaccharie-affane/photo/photoFull.480357f8a58841fb619d15da8c0313b4686e9846,Z. Affane,Bordeaux,BOR,FRONT_ROW,1ère ligne,2024-2025,2,73.0,36.5,15.34,,,0.0,,,,0.0,0.0,,,0.0,,,,,lnr,,,,,0.0,0.0,61.1,65.6,0.5,0,0,0,93,30,0,,50.0,→,0,[],100,0.0,1ère Ligne,1L,50,Basse,True,Basse,True,91,28.6,,,,,,,,,,,,0.0,,,,,,
lnr_595,595,aurelien-azar,https://cdn.lnr.fr/joueur/595-aurelien-azar/photo/photoFull.50e0d211418fb8267083232d5e5561b6e88fe79f,A. Azar,Castres,CAS,FRONT_ROW,1ère ligne,2025-2026,8,452.0,56.5,7.79,,,0.53,,,,0.18,0.0,,,0.0,,,,,lnr,31.0,188.0,126.0,France,95.91836734693877,96.92307692307692,66.4,65.6,0.877,71,0,5,11,34,83,,29.2,↘,5,"[33.3, 45.9, 39.5, 1.4, 46.3]",100,2.0,1ère Ligne,1L,88,Haute,False,Moyenne,False,74,53.2,,,,,,,,,,,,0.0,97.6,9.0,0.0,0.0,0.0,0.0
lnr_1427,1427,alexandre-becognee,https://cdn.lnr.fr/joueur/1427-alexandre-becognee/photo/photoFull.4cb2a4ab19ab443ff7739b68884b2f51b78c1bab,A. Becognee,Montpellier,MHR,BACK_ROW,3ème ligne,2025-2026,16,936.0,58.5,12.91,,,0.43,,,,0.0,0.09,,,1.28,,,,,lnr,,,,,0.0,0.0,62.3,63.3,1.0,0,10,57,62,64,0,,49.2,↘,5,"[43.9, 45.8, 16.1, 49.3, 89.7]",80,0.0,3ème Ligne,3L,100,Haute,False,Bonne,False,63,34.0,,,,,,,,,,,,0.0,93.8,16.0,1.0,0.0,0.0,0.26
lnr_2001,2001,alivereti-uqueqe-duguivalu,https://cdn.lnr.fr/joueur/2001-alivereti-uqueqe-duguivalu/photo/photoFull.746d583d9f8a2aa9c322b15ebadc8acc096151d2,A. Duguivalu,Perpignan,PER,CENTRE,Centre,2025-2026,15,960.0,64.0,6.75,,,0.17,,,,0.5,0.92,,,0.83,,,,,lnr,28.0,180.0,85.0,Fidji,91.83673469387756,65.38461538461539,72.6,74.2,1.0,48,70,21,62,33,80,,62.7,↗,5,"[35.4, 21.0, 21.0, 51.7, 100]",100,2.96,Centre,CTR,100,Haute,False,Bonne,False,7,91.9,,,,,,,,,,,,0.0,58.6,14.0,0.0,0.0,0.0,0.17
lnr_2609,2609,arnaud-erbinartegaray,https://cdn.lnr.fr/joueur/2609-arnaud-erbinartegaray/photo/photoFull.1d6a32f7ce4a12d423552fb50b73687ec52ba345,A. Erbinartegaray,Bayonne,BAY,FULLBACK,Arrière,2025-2026,11,846.0,76.9,4.63,,,0.0,,,,0.66,0.57,,,0.47,,,,,lnr,25.0,185.0,88.0,France,94.3877551020408,67.6923076923077,60.1,59.0,1.0,61,40,5,79,10,91,0.02,25.9,↗,5,"[17.0, 13.2, 39.3, 5.2, 47.8]",80,1.26,Arrière,ARR,100,Haute,False,Bonne,False,20,37.1,,,,,,,,,,,,0.0,8.8,11.0,1.0,0.0,0.0,0.09
lnr_1876,1876,alexandre-etchebehere,https://cdn.lnr.fr/joueur/1876-alexandre-etchebehere/photo/photoFull.898f17fc321e93c44a41fc398624fc9b3c5eca55,A. Etchebehere,Pau,PAU,FRONT_ROW,1ère ligne,2025-2026,4,163.0,40.8,15.71,,,0.0,,,,0.0,0.0,,,0.0,,,,,lnr,21.0,178.0,108.0,France,90.81632653061224,83.07692307692308,61.5,63.8,0.613,0,0,5,95,0,41,,37.6,↘,5,"[21.6, 82.1, 81.7, 26.8, 26.8]",100,-1.03,1ère Ligne,1L,61,Moyenne,True,Basse,True,88,44.6,,,,,,,,,,,,0.0,92.5,5.0,0.0,0.0,0.0,0.0
lnr_663,663,alexandre-fischer,https://cdn.lnr.fr/joueur/663-alexandre-fischer/photo/photoFull.1d6a32f7ce4a12d423552fb50b73687ec52ba345,A. Fischer,Bayonne,BAY,BACK_ROW,3ème ligne,2025-2026,13,721.0,55.5,9.65,,,0.33,,,,0.44,0.55,,,1.66,,,,,lnr,28.0,188.0,107.0,France,95.91836734693877,82.3076923076923,71.2,69.4,1.0,80,62,75,21,66,92,,32.1,↘,5,"[26.2, 59.9, 31.4, 52.3, 21.6]",100,2.96,3ème Ligne,3L,100,Haute,False,Moyenne,False,31,67.6,,,,,,,,,,,,0.0,57.1,12.0,0.0,0.0,0.0,0.33
lnr_11764,11764,alvaro-garcia-albo,https://cdn.lnr.fr/joueur/11764-alvaro-garcia-albo/photo/photoFull.af05d90330b88b7be458e288b68ca734babbf81c,A. Garcia Albo,Paris,SFP,FRONT_ROW,1ère ligne,2025-2026,8,293.0,36.6,12.01,,,0.0,,,,0.0,0.0,,,1.37,,,,,lnr,22.0,180.0,120.0,Espagne,91.83673469387756,92.3076923076923,60.6,65.6,0.743,0,0,49,61,29,65,,62.5,↗,5,"[55.3, 51.0, 37.1, 52.9, 100]",100,-0.67,1ère Ligne,1L,74,Moyenne,True,Basse,False,74,53.2,,,,,,,,,,,,0.0,93.8,8.0,0.0,0.0,0.0,0.27
lnr_13648,13648,alvaro-garcia-iandolino,https://cdn.lnr.fr/joueur/13648-alvaro-garcia-iandolino/photo/photoFull.409fb64e5ca518486c03e07b8c688aa07f237184,A. Garcia Iandolino,Bayonne,BAY,LOCK,2ème ligne,2025-2026,2,40.0,20.0,10.0,,,0.0,,,,0.0,0.0,,,0.0,,,,,lnr,20.0,198.0,116.0,Italie,100.0,89.23076923076924,50.6,58.3,0.527,0,0,5,35,0,94,,26.8,→,2,"[78.7, 0]",100,-1.25,2ème Ligne,2L,53,Basse,True,Basse,True,47,33.3,,,,,,,,,,,,0.0,,,0.0,0.0,0.0,0.0
lnr_1028,1028,alexandre-kaddouri,https://cdn.lnr.fr/joueur/1028-alexandre-kaddouri/photo/photoFull.01e7e4177db166b370a81655ed844dbb271b4fe2,A. Kaddouri,La Rochelle,LRO,FRONT_ROW,1ère ligne,2025-2026,12,589.0,49.1,8.01,,,0.81,,,,0.0,0.54,,,0.0,,,,,lnr,22.0,189.0,114.0,France,96.42857142857144,87.6923076923077,60.1,57.7,0.991,0,61,5,14,38,63,,20.9,↘,5,"[9.5, 58.0, 38.1, 17.6, 9.4]",60,-0.67,1ère Ligne,1L,99,Haute,False,Moyenne,False,132,16.6,,,,,,,,,,,,0.0,3.7,13.0,2.0,0.0,0.0,0.0
lnr_935,935,aleksandre-kuntelia,https://cdn.lnr.fr/joueur/935-aleksandre-kuntelia/photo/photoFull.7cb6d3e8fb1a9ef473f9440830017cd30be5f626,A. Kuntelia,La Rochelle,LRO,FRONT_ROW,1ère ligne,2025-2026,19,785.0,41.3,9.07,,,0.0,,,,0.0,0.2,,,0.51,,,,,lnr,23.0,197.0,135.0,Géorgie,100.0,100.0,60.1,59.8,1.0,0,22,18,26,11,100,,34.5,↗,5,"[19.0, 38.6, 71.3, 50.4, 20.7]",80,-0.16,1ère Ligne,1L,100,Haute,False,Moyenne,False,121,23.6,,,,,,,,,,,,0.0,96.3,21.0,1.0,0.0,0.0,0.1
lnr_1544,1544,alivereti-loaloa,https://cdn.lnr.fr/joueur/1544-alivereti-loaloa/photo/photoFull.b5e9990d9a31ede8327da9bafe6aeb896ea144f3,A. Loaloa,Clermont,CLR,CENTRE,Centre,2025-2026,12,901.0,75.1,8.97,,,0.8,,,,0.36,1.15,,,0.44,,,,,lnr,25.0,182.0,101.0,Fidji,92.85714285714286,77.6923076923077,80.8,76.9,1.0,35,87,11,95,46,90,,33.6,→,5,"[14.4, 51.7, 56.3, 53.7, 19.0]",100,1.26,Centre,CTR,100,Haute,False,Bonne,False,2,98.6,,,,,,,,,,,,0.0,35.2,13.0,0.0,0.0,0.0,0.09
lnr_11791,11791,ave-jonathan-maalo,https://cdn.lnr.fr/joueur/11791-ave-jonathan-maalo/photo/photoFull.8e39a4ffde2d58962f9632bb5639326c8c077ac5,A. Maalo,Lyon,LOU,FRONT_ROW,1ère ligne,2025-2026,2,45.0,22.5,8.89,,,0.0,,,,0.0,0.0,,,0.0,,,,,lnr,22.0,189.0,132.0,Nouvelle Zélande,96.42857142857144,100.0,58.5,63.9,0.53,0,0,5,24,0,94,,42.8,→,2,"[95.4, 17.0]",100,-0.67,1ère Ligne,1L,53,Basse,True,Basse,True,87,45.2,,,,,,,,,,,,0.0,,,0.0,0.0,0.0,0.0
lnr_1400,1400,alexander-masibaka,https://cdn.lnr.fr/joueur/1400-alexander-masibaka/photo/photoFull.4cb2a4ab19ab443ff7739b68884b2f51b78c1bab,A. Masibaka,Montpellier,MHR,BACK_ROW,3ème ligne,2025-2026,14,377.0,26.9,15.49,,,0.42,,,,0.64,0.42,,,3.18,,,,,lnr,24.0,186.0,115.0,Australie,94.89795918367348,88.46153846153845,82.5,77.5,0.814,95,47,95,94,85,96,,43.4,→,5,"[76.9, 13.7, 72.6, 18.3, 67.2]",100,0.5,3ème Ligne,3L,81,Haute,False,Basse,False,8,92.0,,,,,,,,,,,,0.0,0.0,9.0,0.0,0.0,0.0,0.64
lnr_12629,12629,alexander-james-moon,https://cdn.lnr.fr/joueur/12629-alexander-james-moon/photo/photoFull.409fb64e5ca518486c03e07b8c688aa07f237184,A. Moon,Bayonne,BAY,LOCK,2ème ligne,2025-2026,9,441.0,49.0,9.8,,,0.0,,,,0.0,0.18,,,0.0,,,,,lnr,29.0,,127.0,Grande-Bretagne,0.0,97.6923076923077,49.5,54.3,0.868,0,15,5,32,0,13,,29.8,↗,5,"[32.1, 23.6, 30.9, 63.3, 17.4]",100,2.96,2ème Ligne,2L,87,Haute,False,Moyenne,False,60,14.5,,,,,,,,,,,,0.0,96.7,9.0,0.0,0.0,0.0,0.0
lnr_696,696,alivereti-raka,https://cdn.lnr.fr/joueur/696-alivereti-raka/photo/photoFull.b5e9990d9a31ede8327da9bafe6aeb896ea144f3,A. Raka,Clermont,CLR,WINGER,Ailier,2025-2026,5,304.0,60.8,1.58,,,0.26,,,,1.05,0.79,,,5.26,,,,,lnr,31.0,189.0,94.0,Fidji,96.42857142857144,72.3076923076923,74.9,68.6,0.753,72,58,50,0,81,88,0.0099999999999997,6.8,→,5,"[3.0, 13.7, 14.0, 9.7, 0]",100,2.0,Ailier,AIL,75,Haute,False,Basse,False,8,82.9,,,,,,,,,,,,0.0,64.0,4.0,0.0,0.0,0.0,1.05
lnr_2462,2462,alexandre-roumat,https://cdn.lnr.fr/joueur/2462-alexandre-roumat/photo/photoFull.a2503fca1a2646233602741328f9c3f7893fa1e1,A. Roumat,Toulouse,TLS,BACK_ROW,3ème ligne,2025-2026,17,983.0,57.8,8.06,,,0.16,,,,0.08,0.65,,,1.63,,,,,lnr,28.0,198.0,110.0,France,100.0,84.61538461538461,64.4,64.7,1.0,15,73,73,1,55,95,,37.8,↗,5,"[21.6, 22.9, 12.3, 48.7, 66.6]",100,2.96,3ème Ligne,3L,100,Haute,False,Bonne,False,56,40.4,,,,,,,,,,,,0.0,48.9,16.0,0.0,0.0,0.0,0.33
lnr_1124,1124,alexandre-tchaptchet-noutcha,https://cdn.lnr.fr/joueur/1124-alexandre-tchaptchet-noutcha/photo/photoFull.eff1aa9b4a9f2b351be13ae3eed38b31d19c422e,A. Tchaptchet Noutcha,Lyon,LOU,FULLBACK,Arrière,2025-2026,7,399.0,57.0,3.41,,,0.0,,,,0.2,0.6,,,0.0,,,,,lnr,24.0,171.0,79.0,France,87.24489795918367,60.76923076923077,52.5,53.4,0.832,18,42,5,46,0,84,0.0,7.6,↘,5,"[38.0, 0, 7.9, 8.3, 0]",100,0.5,Arrière,ARR,83,Haute,False,Basse,False,28,12.9,,,,,,,,,,,,0.0,30.8,6.0,0.0,0.0,0.0,0.0
lnr_384,384,abraham-papalii,https://cdn.lnr.fr/joueur/384-abraham-papalii/photo/photoFull.bf7e6b3668f1d7c40821cbfca4c5f267bcf81dfe,Abraham Papalii,Castres,CAS,LOCK,2ème ligne,2025-2026,11,532.0,48.4,8.12,,,0.0,,,,0.15,1.35,,,1.5,,,,,lnr,32.0,194.0,126.0,Nouvelle Zélande,98.9795918367347,96.92307692307692,62.6,62.1,0.943,55,95,86,8,51,96,,32.1,↘,5,"[25.9, 57.0, 24.8, 37.3, 36.4]",80,1.26,2ème Ligne,2L,94,Haute,False,Moyenne,False,42,40.6,,,,,,,,,,,,0.0,67.6,12.0,1.0,0.0,0.0,0.3
lnr_9642,9642,adam-coleman,https://cdn.lnr.fr/joueur/9642-adam-coleman/photo/photoFull.9db3e1c64b0fa647759e691550b9e8351884f243,Adam Coleman,Bordeaux,BOR,LOCK,2ème ligne,2025-2026,8,444.0,55.5,11.53,,,0.18,,,,0.18,0.72,,,0.0,,,,,lnr,34.0,,122.0,Australie,0.0,93.84615384615384,60.5,62.4,0.87,66,61,5,57,12,11,,42.6,↗,5,"[35.3, 28.9, 72.6, 36.3, 56.5]",100,-0.16,2ème Ligne,2L,87,Haute,False,Moyenne,False,41,42.0,66.6,Australie,53.0,cluster_1,74.9,66.5,50.0,90.3,50.1,78.9,88.5,0.0,70.2,8.0,0.0,0.0,0.0,0.0
lnr_2989,2989,adam-vargas,https://cdn.lnr.fr/joueur/2989-adam-vargas/photo/photoFull.bf7e6b3668f1d7c40821cbfca4c5f267bcf81dfe,Adam Vargas,Castres,CAS,WINGER,Ailier,2025-2026,9,703.0,78.1,5.01,,,0.11,,,,0.8,0.57,,,1.14,,,,,lnr,25.0,180.0,80.0,France,91.83673469387756,61.53846153846154,64.2,62.9,1.0,55,42,5,50,26,79,0.0,27.0,→,5,"[26.2, 34.7, 15.1, 32.5, 34.7]",100,1.26,Ailier,AIL,100,Haute,False,Moyenne,False,23,46.3,,,,,,,,,,,,0.0,42.0,10.0,0.0,0.0,0.0,0.23
lnr_591,591,adrea-cocagi,https://cdn.lnr.fr/joueur/591-adrea-cocagi/photo/photoFull.50e0d211418fb8267083232d5e5561b6e88fe79f,Adrea Cocagi,Castres,CAS,CENTRE,Centre,2025-2026,8,510.0,63.8,9.88,,,0.31,,,,0.0,0.47,,,0.0,,,,,lnr,32.0,185.0,109.0,Fidji,94.3877551020408,83.84615384615385,68.7,69.1,0.925,0,36,5,95,33,95,,47.6,↗,5,"[29.8, 65.9, 45.8, 52.5, 64.2]",100,1.26,Centre,CTR,92,Haute,False,Moyenne,False,22,71.6,,,,,,,,,,,,0.0,100.0,9.0,0.0,0.0,0.0,0.0
lnr_12202,12202,adrien-drault,https://cdn.lnr.fr/joueur/12202-adrien-drault/photo/photoFull.dcb886cd35479c542abefe5a2fb2ff29300d8c42,Adrien Drault,Bordeaux,BOR,CENTRE,Centre,2025-2026,4,174.0,43.5,7.36,,,0.0,,,,0.46,0.0,,,2.3,,,,,lnr,19.0,182.0,85.0,France,92.85714285714286,65.38461538461539,60.4,62.1,0.624,44,0,58,73,39,80,,30.0,→,3,"[47.0, 13.3, 41.2]",100,-1.38,Centre,CTR,62,Moyenne,True,Basse,True,50,33.1,,,,,,,,,,,,0.0,94.2,3.0,0.0,0.0,0.0,0.46
lnr_596,596,adrien-seguret,https://cdn.lnr.fr/joueur/596-adrien-seguret/photo/photoFull.7cb6d3e8fb1a9ef473f9440830017cd30be5f626,Adrien Seguret,Castres,CAS,CENTRE,Centre,2025-2026,12,269.0,22.4,5.65,,,0.0,,,,0.0,0.3,,,0.0,,,,,lnr,27.0,182.0,95.0,France,92.85714285714286,73.07692307692307,55.4,61.1,0.719,0,23,5,43,0,86,,37.0,↗,5,"[16.7, 57.5, 39.3, 32.1, 51.5]",100,2.61,Centre,CTR,72,Moyenne,True,Basse,False,55,27.0,,,,,,,,,,,,0.0,94.5,13.0,0.0,0.0,0.0,0.0
lnr_2388,2388,adrien-warion,https://cdn.lnr.fr/joueur/2388-adrien-warion/photo/photoFull.b817331ae7e7f540e8505004318a8073270e5d10,Adrien Warion,Perpignan,PER,LOCK,2ème ligne,2025-2026,12,672.0,56.0,13.69,,,0.24,,,,0.0,0.48,,,0.0,,,,,lnr,25.0,,107.0,France,0.0,82.3076923076923,63.1,64.8,1.0,0,41,5,88,16,7,,50.9,↗,5,"[81.7, 36.2, 100, 39.9, 54.7]",100,1.26,2ème Ligne,2L,100,Haute,False,Moyenne,False,28,60.1,,,,,,,,,,,,0.0,94.6,13.0,0.0,0.0,0.0,0.0
lnr_646,646,alex-newsome,https://cdn.lnr.fr/joueur/646-alex-newsome/photo/photoFull.b5e9990d9a31ede8327da9bafe6aeb896ea144f3,Alex Newsome,Clermont,CLR,FULLBACK,Arrière,2025-2026,12,808.0,67.3,2.87,,,0.1,,,,0.4,0.79,,,2.48,,,,,lnr,31.0,189.0,93.0,Australie,96.42857142857144,71.53846153846153,66.0,62.5,1.0,37,56,5,32,75,94,0.0,10.9,↗,5,"[0, 9.2, 19.4, 0, 15.7]",100,2.0,Arrière,ARR,100,Haute,False,Bonne,False,10,71.0,,,,,,,,,,,,0.0,43.3,12.0,0.0,0.0,0.0,0.5
lnr_2769,2769,alexis-bernadet,https://cdn.lnr.fr/joueur/2769-alexis-bernadet/photo/photoFull.4cb2a4ab19ab443ff7739b68884b2f51b78c1bab,Alexis Bernadet,Montpellier,MHR,SCRUM_HALF,Demi de mêlée,2025-2026,7,320.0,45.7,5.25,,,0.0,,,,0.25,0.75,,,2.5,,,,,lnr,24.0,180.0,79.0,France,91.83673469387756,60.76923076923077,61.0,62.9,0.767,25,37,5,36,50,75,0.0,35.2,↗,5,"[11.8, 9.2, 31.2, 24.7, 72.4]",100,0.5,Demi de mêlée,9,77,Haute,False,Basse,False,18,57.5,,,,,,,,,,,,0.0,39.0,7.0,0.0,0.0,0.0,0.5
lnr_1126,1126,alfred-parisien,https://cdn.lnr.fr/joueur/1126-alfred-parisien/photo/photoFull.eff1aa9b4a9f2b351be13ae3eed38b31d19c422e,Alfred Parisien,Lyon,LOU,CENTRE,Centre,2025-2026,10,425.0,42.5,5.27,,,0.0,,,,0.0,0.19,,,0.0,,,,,lnr,25.0,182.0,91.0,France,92.85714285714286,70.0,52.4,54.6,0.854,0,14,5,37,0,84,,18.3,↗,5,"[7.2, 0, 23.6, 22.9, 26.0]",100,1.26,Centre,CTR,85,Haute,False,Moyenne,False,69,7.4,,,,,,,,,,,,0.0,98.8,7.0,0.0,0.0,0.0,0.0
lnr_12480,12480,andro-dvali,https://cdn.lnr.fr/joueur/12480-andro-dvali/photo/photoFull.b817331ae7e7f540e8505004318a8073270e5d10,Andro Dvali,Perpignan,PER,BACK_ROW,3ème ligne,2025-2026,2,48.0,24.0,10.0,,,0.0,,,,0.0,0.0,,,0.0,,,,,lnr,20.0,188.0,95.0,Géorgie,95.91836734693877,73.07692307692307,49.9,59.2,0.532,0,0,5,25,0,85,,37.3,→,2,"[12.9, 63.3]",100,-1.25,3ème Ligne,3L,53,Basse,True,Basse,True,77,19.1,,,,,,,,,,,,0.0,,,0.0,0.0,0.0,0.0
lnr_2565,2565,andy-bordelai,https://cdn.lnr.fr/joueur/2565-andy-bordelai/photo/photoFull.1d6a32f7ce4a12d423552fb50b73687ec52ba345,Andy Bordelai,Bayonne,BAY,FRONT_ROW,1ère ligne,2025-2026,14,758.0,54.1,9.92,,,0.0,,,,0.11,0.11,,,0.0,,,,,lnr,26.0,186.0,115.0,France,94.89795918367348,88.46153846153845,53.6,55.6,1.0,43,12,5,36,0,62,,42.8,↘,5,"[47.8, 57.8, 25.0, 62.3, 49.4]",60,2.0,1ère Ligne,1L,100,Haute,False,Moyenne,False,145,8.3,,,,,,,,,,,,0.0,96.5,15.0,2.0,0.0,0.0,0.0
lnr_1148,1148,andy-timo,https://cdn.lnr.fr/joueur/1148-andy-timo/photo/photoFull.ade0f6f93f0ef3b0e9d733ad892f7d43c8f670fd,Andy Timo,Paris,SFP,BACK_ROW,3ème ligne,2025-2026,5,130.0,26.0,1.23,,,0.0,,,,0.62,0.0,,,0.0,,,,,lnr,21.0,192.0,95.0,France,97.95918367346938,73.07692307692307,46.2,54.7,0.587,95,0,5,0,0,86,,20.1,↗,5,"[0, 8.5, 6.3, 29.9, 33.9]",100,-1.03,3ème Ligne,3L,59,Basse,True,Basse,True,89,6.4,,,,,,,,,,,,0.0,0.0,6.0,0.0,0.0,0.0,0.0
lnr_2483,2483,ange-capuozzo,https://cdn.lnr.fr/joueur/2483-ange-capuozzo/photo/photoFull.a2503fca1a2646233602741328f9c3f7893fa1e1,Ange Capuozzo,Toulouse,TLS,SCRUM_HALF,Demi de mêlée,2025-2026,6,341.0,56.8,3.52,,,0.0,,,,1.64,0.23,,,7.04,,,,,lnr,26.0,177.0,79.0,France,90.3061224489796,60.76923076923077,65.3,71.5,0.784,95,1,5,3,57,69,0.0,13.2,↘,5,"[9.2, 17.1, 9.4, 13.1, 14.6]",100,2.0,Demi de mêlée,9,78,Haute,False,Basse,False,17,60.0,82.2,ITALY,10.0,cluster_1,100.0,82.2,50.0,79.7,70.6,92.6,90.4,0.7200000000000002,58.3,6.0,0.0,0.0,0.0,1.41
lnr_2195,2195,anthime-hemery,https://cdn.lnr.fr/joueur/2195-anthime-hemery/photo/photoFull.b5e9990d9a31ede8327da9bafe6aeb896ea144f3,Anthime Hemery,Clermont,CLR,BACK_ROW,3ème ligne,2025-2026,14,598.0,42.7,11.91,,,0.54,,,,0.27,0.54,,,0.67,,,,,lnr,25.0,189.0,110.0,France,96.42857142857144,84.61538461538461,73.1,70.8,0.998,49,60,30,49,53,93,,36.8,↘,5,"[69.5, 43.5, 39.1, 38.8, 38.3]",80,1.26,3ème Ligne,3L,100,Haute,False,Moyenne,False,27,72.3,,,,,,,,,,,,0.0,3.6,12.0,1.0,0.0,0.0,0.13
lnr_2454,2454,anthony-jelonch,https://cdn.lnr.fr/joueur/2454-anthony-jelonch/photo/photoFull.a2503fca1a2646233602741328f9c3f7893fa1e1,Anthony Jelonch,Toulouse,TLS,BACK_ROW,3ème ligne,2025-2026,9,586.0,65.1,9.69,,,0.0,,,,0.55,0.82,,,2.05,,,,,lnr,29.0,193.0,108.0,France,98.46938775510203,83.07692307692308,65.2,66.5,0.988,95,92,92,22,55,93,,39.0,↗,5,"[22.9, 19.1, 41.9, 62.1, 47.8]",80,2.96,3ème Ligne,3L,99,Haute,False,Moyenne,False,54,43.6,77.8,France,26.0,cluster_1,74.1,92.8,50.0,87.9,75.4,66.0,86.5,0.2799999999999997,22.7,10.0,1.0,0.0,0.0,0.41
lnr_1646,1646,antoine-aucagne,https://cdn.lnr.fr/joueur/1646-antoine-aucagne/photo/photoFull.b817331ae7e7f540e8505004318a8073270e5d10,Antoine Aucagne,Perpignan,PER,FLY_HALF,Demi d'ouverture,2025-2026,3,135.0,45.0,2.96,,,0.0,,,,0.59,0.0,,,4.15,,,,,lnr,26.0,184.0,80.0,France,93.87755102040816,61.53846153846154,55.5,60.1,0.59,60,0,42,20,0,62,4.15,15.1,→,3,"[54.6, 0, 6.9]",100,2.0,Ouvreur,10,59,Basse,True,Basse,True,20,48.7,,,,,,,,,,,,0.0,31.3,3.0,0.0,0.0,0.0,0.0
lnr_12477,12477,antoine-deliance,https://cdn.lnr.fr/joueur/12477-antoine-deliance/photo/photoFull.927f14763f41272d69deff95784a28a1a65adb71,Antoine Deliance,Lyon,LOU,BACK_ROW,3ème ligne,2025-2026,2,160.0,80.0,12.5,,,0.0,,,,0.0,0.0,,,0.0,,,,,lnr,21.0,192.0,99.0,France,97.95918367346938,76.15384615384615,54.3,61.2,0.61,0,0,5,57,0,88,,45.2,→,2,"[55.0, 50.4]",100,-1.03,3ème Ligne,3L,61,Moyenne,True,Basse,True,70,26.6,,,,,,,,,,,,0.0,,,0.0,0.0,0.0,0.0
lnr_2449,2449,antoine-dupont,https://cdn.lnr.fr/joueur/2449-antoine-dupont/photo/photoFull.a2503fca1a2646233602741328f9c3f7893fa1e1,Antoine Dupont,Toulouse,TLS,SCRUM_HALF,Demi de mêlée,2025-2026,4,186.0,46.5,4.73,,,0.0,,,,1.72,3.01,,,4.3,,,,,lnr,29.0,175.0,85.0,France,89.28571428571429,65.38461538461539,79.4,82.9,0.636,95,95,5,27,57,74,0.0,37.7,↗,5,"[7.6, 55.9, 28.6, 32.8, 61.3]",80,2.96,Demi de mêlée,9,64,Moyenne,True,Basse,True,2,97.5,93.4,France,48.0,cluster_1,96.4,100.0,50.0,91.5,75.7,93.6,93.1,1.8400000000000003,31.2,5.0,1.0,0.0,0.0,0.86
lnr_8861,8861,antoine-frisch,https://cdn.lnr.fr/joueur/8861-antoine-frisch/photo/photoFull.2eaacbd11c12f10f571df4cbac07c560d1665acd,Antoine Frisch,Toulon,TLN,FLY_HALF,Demi d'ouverture,2025-2026,2,107.0,53.5,5.23,,,0.0,,,,1.5,3.74,,,3.74,,,,,lnr,29.0,188.0,99.0,France,95.91836734693877,76.15384615384615,85.1,76.1,0.571,95,95,5,59,57,97,0.0,30.0,→,3,"[28.3, 41.2, 30.9]",100,2.96,Ouvreur,10,57,Basse,True,Basse,True,2,97.4,,,,,,,,,,,,0.0,41.8,3.0,0.0,0.0,0.0,0.75
lnr_2150,2150,antoine-gibert,https://cdn.lnr.fr/joueur/2150-antoine-gibert/photo/photoFull.8b942e992ebb42fdd1ca819c8cb833427c776cef,Antoine Gibert,Racing 92,R92,CENTRE,Centre,2025-2026,13,549.0,42.2,2.48,,,0.0,,,,0.29,0.29,,,10.78,,,,,lnr,28.0,177.0,76.0,France,90.3061224489796,58.46153846153847,53.1,54.0,0.958,28,22,95,0,0,74,,19.0,↗,5,"[3.8, 9.3, 0, 5.2, 50.4]",100,2.96,Centre,CTR,96,Haute,False,Moyenne,False,72,4.1,,,,,,,,,,,,0.0,82.9,11.0,0.0,0.0,0.0,0.0
lnr_997,997,antoine-hastoy,https://cdn.lnr.fr/joueur/997-antoine-hastoy/photo/photoFull.7cb6d3e8fb1a9ef473f9440830017cd30be5f626,Antoine Hastoy,La Rochelle,LRO,FLY_HALF,Demi d'ouverture,2025-2026,15,967.0,64.5,3.97,,,0.0,,,,0.5,0.5,,,8.85,,,,,lnr,,,,,0.0,0.0,51.8,49.5,1.0,51,40,81,37,24,0,8.0,17.1,↗,5,"[20.4, 0, 29.7, 12.4, 22.9]",0,0.0,Ouvreur,10,100,Haute,False,Bonne,False,38,2.6,,,,,,,,,,,,0.0,17.6,14.0,1.0,0.0,1.0,0.17
lnr_593,593,antoine-tichit,https://cdn.lnr.fr/joueur/593-antoine-tichit/photo/photoFull.50e0d211418fb8267083232d5e5561b6e88fe79f,Antoine Tichit,Castres,CAS,FRONT_ROW,1ère ligne,2025-2026,10,303.0,30.3,8.18,,,0.0,,,,0.0,0.0,,,0.0,,,,,lnr,36.0,187.0,115.0,France,95.40816326530611,88.46153846153845,49.6,54.6,0.752,0,0,5,16,0,63,,27.3,↗,5,"[26.0, 12.9, 0, 19.4, 62.1]",100,-1.03,1ère Ligne,1L,75,Haute,False,Basse,False,147,7.0,,,,,,,,,,,,0.0,94.2,9.0,0.0,0.0,0.0,0.0
lnr_1077,1077,arno-botha,https://cdn.lnr.fr/joueur/1077-arno-botha/photo/photoFull.8e39a4ffde2d58962f9632bb5639326c8c077ac5,Arno Botha,Lyon,LOU,BACK_ROW,3ème ligne,2025-2026,11,570.0,51.8,13.75,,,0.0,,,,0.0,0.28,,,0.0,,,,,lnr,34.0,190.0,108.0,Afrique du Sud,96.93877551020408,83.07692307692308,59.7,63.1,0.975,0,31,5,72,0,93,,59.1,↗,5,"[82.5, 81.0, 68.7, 90.0, 47.8]",100,-0.16,3ème Ligne,3L,98,Haute,False,Moyenne,False,65,31.9,,,,,,,,,,,,0.0,96.9,11.0,0.0,0.0,0.0,0.0
lnr_690,690,arthur-iturria,https://cdn.lnr.fr/joueur/690-arthur-iturria/photo/photoFull.1d6a32f7ce4a12d423552fb50b73687ec52ba345,Arthur Iturria,Bayonne,BAY,LOCK,2ème ligne,2025-2026,14,793.0,56.6,9.58,,,0.3,,,,0.0,0.5,,,1.01,,,,,lnr,31.0,198.0,112.0,France,100.0,86.15384615384616,65.3,64.9,1.0,0,42,58,29,55,93,,35.8,↗,5,"[27.9, 36.7, 41.2, 39.1, 46.2]",100,2.0,2ème Ligne,2L,100,Haute,False,Moyenne,False,27,62.3,70.8,France,17.0,cluster_1,70.8,68.7,50.0,85.8,68.3,68.1,90.2,0.0,53.2,15.0,0.0,0.0,0.0,0.2
lnr_1037,1037,arthur-mathiron,https://cdn.lnr.fr/joueur/1037-arthur-mathiron/photo/photoFull.8e39a4ffde2d58962f9632bb5639326c8c077ac5,Arthur Mathiron,Lyon,LOU,CENTRE,Centre,2025-2026,4,171.0,42.8,5.61,,,0.0,,,,0.0,0.0,,,0.0,,,,,lnr,22.0,182.0,92.0,France,92.85714285714286,70.76923076923077,49.6,54.6,0.621,0,0,5,43,0,84,,8.8,↘,4,"[36.7, 0, 9.2, 2.6]",100,-0.67,Centre,CTR,62,Moyenne,True,Basse,True,69,7.4,,,,,,,,,,,,0.0,82.5,3.0,0.0,0.0,0.0,0.0
lnr_2441,2441,arthur-retiere,https://cdn.lnr.fr/joueur/2441-arthur-retiere/photo/photoFull.9db3e1c64b0fa647759e691550b9e8351884f243,Arthur Retiere,Bordeaux,BOR,WINGER,Demi de mêlée,2025-2026,10,311.0,31.1,5.66,,,0.51,,,,1.29,2.57,,,3.86,,,,,lnr,28.0,173.0,80.0,France,88.26530612244898,61.53846153846154,87.3,81.1,0.759,88,95,50,62,91,77,0.0099999999999997,45.3,↗,5,"[17.5, 12.9, 0, 100, 45.0]",100,2.96,Ailier,AIL,76,Haute,False,Basse,False,1,100.0,,,,,,,,,,,,0.0,0.6,5.0,0.0,0.0,0.0,0.77
lnr_250,250,auguste-cadot,https://cdn.lnr.fr/joueur/250-auguste-cadot/photo/photoFull.4cb2a4ab19ab443ff7739b68884b2f51b78c1bab,Auguste Cadot,Montpellier,MHR,FLY_HALF,Demi d'ouverture,2025-2026,12,863.0,71.9,4.63,,,0.37,,,,0.56,0.74,,,0.46,,,,,lnr,24.0,181.0,91.0,France,92.3469387755102,70.0,60.3,58.9,1.0,57,59,5,48,51,65,0.01,21.0,↗,5,"[0, 10.5, 17.0, 23.3, 35.7]",100,0.5,Ouvreur,10,100,Haute,False,Bonne,False,25,36.8,,,,,,,,,,,,0.0,44.3,11.0,0.0,0.0,0.0,0.09
lnr_12492,12492,axel-guillaud,https://cdn.lnr.fr/joueur/12492-axel-guillaud/photo/photoFull.c014f51db1da0b1217b367d4a2b9e8cf48e92c3e,Axel Guillaud,Clermont,CLR,FULLBACK,Arrière,2025-2026,4,231.0,57.8,0.69,,,0.0,,,,1.04,0.0,,,1.73,,,,,lnr,19.0,189.0,86.0,France,96.42857142857144,66.15384615384615,57.3,56.8,0.681,95,0,5,0,38,92,0.0,3.3,→,3,"[9.8, 0, 0.6]",100,-1.38,Arrière,ARR,68,Moyenne,True,Basse,True,25,22.6,,,,,,,,,,,,0.0,37.3,3.0,0.0,0.0,0.0,0.35
lnr_2336,2336,aymeric-luc,https://cdn.lnr.fr/joueur/2336-aymeric-luc/photo/photoFull.bf4a801945c52387138b3325d9dd3bcf510292ab,Aymeric Luc,Pau,PAU,SCRUM_HALF,Demi de mêlée,2025-2026,9,444.0,49.3,3.24,,,0.18,,,,0.36,0.36,,,0.9,,,,,lnr,28.0,180.0,80.0,France,91.83673469387756,61.53846153846154,60.6,60.1,0.87,36,10,5,0,42,77,1.1102230246251563e-16,14.4,↗,5,"[0, 7.3, 26.2, 26.2, 7.6]",100,2.96,Demi de mêlée,9,87,Haute,False,Moyenne,False,27,35.0,,,,,,,,,,,,0.0,40.0,9.0,0.0,0.0,0.0,0.18
lnr_12438,12438,benjamin-bertrand,https://cdn.lnr.fr/joueur/12438-benjamin-bertrand/photo/photoFull.a2503fca1a2646233602741328f9c3f7893fa1e1,B. Bertrand,Toulouse,TLS,FRONT_ROW,1ère ligne,2025-2026,8,306.0,38.2,8.37,,,0.78,,,,0.52,0.0,,,1.31,,,,,lnr,22.0,180.0,128.0,France,91.83673469387756,98.46153846153848,71.7,68.9,0.755,95,0,47,18,66,79,,34.9,↘,5,"[71.1, 39.1, 22.6, 41.2, 39.4]",100,-0.67,1ère Ligne,1L,76,Haute,False,Basse,False,44,72.6,,,,,,,,,,,,0.0,0.0,8.0,0.0,0.0,0.0,0.26
lnr_2171,2171,baptiste-chouzenoux,https://cdn.lnr.fr/joueur/2171-baptiste-chouzenoux/photo/photoFull.1d6a32f7ce4a12d423552fb50b73687ec52ba345,B. Chouzenoux,Bayonne,BAY,BACK_ROW,3ème ligne,2025-2026,5,211.0,42.2,7.58,,,0.0,,,,0.0,0.76,,,0.0,,,,,lnr,32.0,,107.0,France,0.0,82.3076923076923,54.9,58.9,0.661,0,85,5,0,0,58,,19.0,↗,5,"[17.0, 0, 53.6, 25.5, 9.2]",100,1.26,3ème Ligne,3L,66,Moyenne,True,Basse,False,79,16.0,,,,,,,,,,,,0.0,48.5,5.0,0.0,0.0,0.0,0.0
lnr_633,633,baptiste-cope,https://cdn.lnr.fr/joueur/633-baptiste-cope/photo/photoFull.50e0d211418fb8267083232d5e5561b6e88fe79f,B. Cope,Castres,CAS,BACK_ROW,3ème ligne,2025-2026,11,378.0,34.4,18.2,,,0.42,,,,0.21,0.21,,,0.0,,,,,lnr,24.0,186.0,102.0,France,94.89795918367348,78.46153846153847,75.7,73.2,0.815,38,23,5,95,28,89,,44.8,↘,5,"[32.1, 94.4, 49.1, 40.9, 50.8]",100,0.5,3ème Ligne,3L,82,Haute,False,Basse,False,18,81.9,,,,,,,,,,,,0.0,43.1,10.0,0.0,0.0,0.0,0.0
lnr_1106,1106,baptiste-couilloud,https://cdn.lnr.fr/joueur/1106-baptiste-couilloud/photo/photoFull.8e39a4ffde2d58962f9632bb5639326c8c077ac5,B. Couilloud,Lyon,LOU,SCRUM_HALF,Demi de mêlée,2025-2026,8,450.0,56.2,4.98,,,0.18,,,,1.42,1.07,,,2.67,,,,,lnr,28.0,176.0,82.0,France,89.79591836734694,63.07692307692307,76.1,73.0,0.875,95,58,5,31,77,71,0.0199999999999995,31.1,→,5,"[19.7, 49.5, 14.4, 21.6, 53.0]",100,2.96,Demi de mêlée,9,88,Haute,False,Moyenne,False,3,95.0,75.9,France,14.0,cluster_1,68.6,67.8,50.0,95.3,89.1,66.7,93.0,0.0900000000000005,0.0,8.0,0.0,0.0,0.0,0.53
lnr_606,606,baptiste-delaporte,https://cdn.lnr.fr/joueur/606-baptiste-delaporte/photo/photoFull.50e0d211418fb8267083232d5e5561b6e88fe79f,B. Delaporte,Castres,CAS,BACK_ROW,3ème ligne,2025-2026,12,840.0,70.0,12.86,,,0.29,,,,0.0,0.19,,,0.48,,,,,lnr,29.0,190.0,110.0,France,96.93877551020408,84.61538461538461,66.6,66.8,1.0,0,21,22,61,33,94,,44.0,↘,5,"[48.4, 82.5, 59.6, 35.1, 47.0]",80,2.96,3ème Ligne,3L,100,Haute,False,Bonne,False,45,52.7,,,,,,,,,,,,0.0,99.3,12.0,1.0,0.0,0.0,0.1
lnr_712,712,bautista-delguy,https://cdn.lnr.fr/joueur/712-bautista-delguy/photo/photoFull.b5e9990d9a31ede8327da9bafe6aeb896ea144f3,B. Delguy,Clermont,CLR,WINGER,Ailier,2025-2026,12,907.0,75.6,3.18,,,0.0,,,,0.62,0.44,,,0.88,,,,,lnr,28.0,183.0,84.0,Argentine,93.36734693877553,64.61538461538461,59.9,60.0,1.0,42,32,5,15,12,81,0.0,16.9,↘,5,"[26.2, 34.7, 0, 19.6, 19.0]",100,2.96,Ailier,AIL,100,Haute,False,Bonne,False,32,24.4,70.6,Argentine,49.0,cluster_1,77.3,53.5,50.0,85.0,89.8,74.2,91.4,0.0,19.6,13.0,0.0,0.0,0.0,0.18
lnr_267,267,baptiste-erdocio,https://cdn.lnr.fr/joueur/267-baptiste-erdocio/photo/photoFull.2a93bdb165edd2cd19ea2b2a060be0a3b3011911,B. Erdocio,Montpellier,MHR,FRONT_ROW,1ère ligne,2025-2026,17,643.0,37.8,12.81,,,0.25,,,,0.0,0.25,,,0.62,,,,,lnr,26.0,175.0,115.0,France,89.28571428571429,88.46153846153845,67.5,68.2,1.0,0,28,22,70,29,51,,48.0,↘,5,"[0, 100, 9.5, 36.2, 76.9]",100,2.0,1ère Ligne,1L,100,Haute,False,Moyenne,False,48,70.1,,,,,,,,,,,,0.0,92.0,17.0,0.0,0.0,0.0,0.12
lnr_241,241,baptiste-germain,https://cdn.lnr.fr/joueur/241-baptiste-germain/photo/photoFull.1d6a32f7ce4a12d423552fb50b73687ec52ba345,B. Germain,Bayonne,BAY,SCRUM_HALF,Demi de mêlée,2025-2026,13,704.0,54.2,6.48,,,0.23,,,,0.11,0.57,,,4.32,,,,,lnr,25.0,174.0,82.0,France,88.77551020408163,63.07692307692307,68.4,65.7,1.0,11,24,58,60,88,67,1.4700000000000006,22.9,↘,5,"[18.3, 22.9, 28.3, 22.0, 27.5]",100,1.26,Demi de mêlée,9,100,Haute,False,Moyenne,False,11,72.5,,,,,,,,,,,,0.0,50.0,13.0,0.0,0.0,0.0,0.57
lnr_2362,2362,beka-gigashvili,https://cdn.lnr.fr/joueur/2362-beka-gigashvili/photo/photoFull.2eaacbd11c12f10f571df4cbac07c560d1665acd,B. Gigashvili,Toulon,TLN,FRONT_ROW,1ère ligne,2025-2026,11,468.0,42.5,15.73,,,0.0,,,,0.0,0.17,,,0.85,,,,,lnr,34.0,179.0,116.0,Géorgie,91.3265306122449,89.23076923076924,65.3,67.5,0.89,0,19,30,95,18,57,,61.8,↗,5,"[83.9, 34.4, 100, 39.2, 82.0]",80,-0.16,1ère Ligne,1L,89,Haute,False,Moyenne,False,55,65.6,75.2,GEORG,34.0,cluster_0,57.0,51.8,50.0,87.6,82.9,55.9,88.9,0.0200000000000002,96.6,13.0,1.0,0.0,0.0,0.17
lnr_2633,2633,baptiste-heguy,https://cdn.lnr.fr/joueur/2633-baptiste-heguy/photo/photoFull.1d6a32f7ce4a12d423552fb50b73687ec52ba345,B. Heguy,Bayonne,BAY,BACK_ROW,3ème ligne,2025-2026,13,656.0,50.5,10.12,,,0.12,,,,0.12,0.24,,,0.0,,,,,lnr,27.0,196.0,104.0,France,100.0,80.0,59.3,60.1,1.0,22,27,5,27,8,91,,34.6,→,5,"[51.0, 49.7, 45.4, 29.7, 36.7]",100,2.61,3ème Ligne,3L,100,Haute,False,Moyenne,False,73,22.9,,,,,,,,,,,,0.0,94.3,13.0,0.0,0.0,0.0,0.0
lnr_11297,11297,baptiste-jauneau,https://cdn.lnr.fr/joueur/11297-baptiste-jauneau/photo/photoFull.b5e9990d9a31ede8327da9bafe6aeb896ea144f3,B. Jauneau,Clermont,CLR,SCRUM_HALF,Demi de mêlée,2025-2026,15,849.0,56.6,7.54,,,0.28,,,,0.75,0.94,,,2.83,,,,,lnr,22.0,178.0,81.0,France,90.81632653061224,62.30769230769231,74.1,70.3,1.0,74,49,5,80,94,74,0.0,26.1,↘,5,"[49.0, 38.3, 49.5, 24.7, 13.4]",100,-0.67,Demi de mêlée,9,100,Haute,False,Bonne,False,6,87.5,,,,,,,,,,,,0.0,27.9,16.0,0.0,0.0,0.0,0.57
lnr_862,862,barnabe-massa,https://cdn.lnr.fr/joueur/862-barnabe-massa/photo/photoFull.b5e9990d9a31ede8327da9bafe6aeb896ea144f3,B. Massa,Clermont,CLR,FRONT_ROW,1ère ligne,2025-2026,17,855.0,50.3,10.39,,,0.56,,,,0.19,0.37,,,2.81,,,,,lnr,21.0,180.0,101.0,France,91.83673469387756,77.6923076923077,60.6,61.6,1.0,75,42,95,42,92,31,,47.8,↘,5,"[46.2, 64.2, 42.3, 36.2, 74.5]",80,-1.03,1ère Ligne,1L,100,Haute,False,Bonne,False,107,31.8,,,,,,,,,,,,0.0,42.3,18.0,1.0,0.0,0.0,0.56
lnr_11912,11912,barnabe-mechentel,https://cdn.lnr.fr/joueur/11912-barnabe-mechentel/photo/photoFull.26dec662e84c737005260a65b33966bd7438db17,B. Mechentel,Toulon,TLN,FULLBACK,Arrière,2025-2026,2,89.0,44.5,3.6,,,0.0,,,,0.0,0.9,,,0.0,,,,,lnr,21.0,,,France,0.0,0.0,48.3,56.4,0.559,0,63,5,52,0,0,0.0,22.2,→,2,"[4.6, 37.7]",100,-1.03,Arrière,ARR,56,Basse,True,Basse,True,26,19.4,,,,,,,,,,,,0.0,,,0.0,0.0,0.0,0.0
lnr_1806,1806,baptiste-pesenti,https://cdn.lnr.fr/joueur/1806-baptiste-pesenti/photo/photoFull.0d105085f705532550693973c5545a1d4e020463,B. Pesenti,Paris,SFP,BACK_ROW,3ème ligne,2025-2026,16,902.0,56.4,12.77,,,0.0,,,,0.0,0.35,,,0.89,,,,,lnr,28.0,195.0,118.0,France,99.48979591836736,90.76923076923076,62.3,67.1,1.0,0,39,40,60,24,98,,75.7,↗,5,"[36.2, 100, 70.9, 91.7, 98.5]",80,2.96,3ème Ligne,3L,100,Haute,False,Bonne,False,41,56.4,,,,,,,,,,,,0.0,97.3,17.0,1.0,0.0,0.0,0.18
lnr_1584,1584,beka-shvangiradze,https://cdn.lnr.fr/joueur/1584-beka-shvangiradze/photo/photoFull.8e39a4ffde2d58962f9632bb5639326c8c077ac5,B. Shvangiradze,Lyon,LOU,BACK_ROW,3ème ligne,2025-2026,7,300.0,42.9,13.6,,,0.8,,,,0.27,0.27,,,0.0,,,,,lnr,23.0,191.0,104.0,Géorgie,97.44897959183672,80.0,78.2,75.8,0.75,49,30,5,70,38,91,,57.8,↗,5,"[63.7, 17.6, 76.3, 54.7, 90.5]",100,-0.16,3ème Ligne,3L,75,Haute,False,Basse,False,12,88.3,,,,,,,,,,,,0.0,63.4,7.0,0.0,0.0,0.0,0.0
lnr_340,340,benjamin-tameifuna,https://cdn.lnr.fr/joueur/340-benjamin-tameifuna/photo/photoFull.9db3e1c64b0fa647759e691550b9e8351884f243,B. Tameifuna,Bordeaux,BOR,FRONT_ROW,1ère ligne,2025-2026,8,316.0,39.5,6.84,,,0.76,,,,0.25,1.01,,,1.27,,,,,lnr,34.0,188.0,151.0,Nouvelle Zélande,95.91836734693877,100.0,76.9,71.3,0.763,95,95,45,0,65,98,,24.9,↗,5,"[19.7, 0, 33.9, 54.1, 18.3]",100,-0.16,1ère Ligne,1L,76,Haute,False,Basse,False,26,83.4,76.7,TONGA,21.0,cluster_0,61.9,50.5,50.0,90.9,77.6,57.5,92.2,0.1700000000000003,0.0,9.0,0.0,0.0,0.0,0.25
lnr_11937,11937,baptiste-jules-tilloles,https://cdn.lnr.fr/joueur/11937-baptiste-jules-tilloles/photo/photoFull.409fb64e5ca518486c03e07b8c688aa07f237184,B. Tilloles,Bayonne,BAY,SCRUM_HALF,Demi de mêlée,2025-2026,9,242.0,26.9,2.64,,,0.0,,,,0.33,0.66,,,0.0,,,,,lnr,19.0,178.0,81.0,France,90.81632653061224,62.30769230769231,51.5,56.6,0.692,33,30,5,0,0,74,0.0,28.9,↗,5,"[0, 0, 13.3, 41.8, 56.5]",100,-1.38,Demi de mêlée,9,69,Moyenne,True,Basse,False,36,12.5,,,,,,,,,,,,0.0,39.1,7.0,0.0,0.0,0.0,0.0
lnr_594,594,benjamin-urdapilleta,https://cdn.lnr.fr/joueur/594-benjamin-urdapilleta/photo/photoFull.8e4baacb1e4028932730f35f463fa6d426c8d70f,B. Urdapilleta,Perpignan,PER,FLY_HALF,Demi d'ouverture,2025-2026,8,496.0,62.0,8.55,,,0.16,,,,0.0,0.81,,,8.87,,,,,lnr,40.0,176.0,76.0,Italie,89.79591836734694,58.46153846153847,60.8,60.3,0.913,0,65,90,95,34,32,8.87,28.6,↗,5,"[33.3, 22.1, 22.1, 39.3, 34.5]",100,-1.48,Ouvreur,10,91,Haute,False,Moyenne,False,18,55.3,67.1,Argentine,14.0,cluster_1,59.6,60.1,61.1,89.3,97.2,54.7,88.0,0.0,43.8,10.0,0.0,0.0,0.0,0.0
lnr_335,335,bastien-vergnes-taillefer,https://cdn.lnr.fr/joueur/335-bastien-vergnes-taillefer/photo/photoFull.9db3e1c64b0fa647759e691550b9e8351884f243,B. Vergnes Taillefer,Bordeaux,BOR,BACK_ROW,3ème ligne,2025-2026,17,807.0,47.5,13.88,,,0.1,,,,0.3,0.5,,,1.49,,,,,lnr,28.0,194.0,111.0,France,98.9795918367347,85.38461538461539,71.8,73.3,1.0,55,56,67,74,47,95,,60.8,↗,5,"[44.8, 84.5, 47.8, 100, 62.2]",100,2.96,3ème Ligne,3L,100,Haute,False,Bonne,False,17,83.0,,,,,,,,,,,,0.0,40.5,17.0,0.0,0.0,0.0,0.3
lnr_11845,11845,benjamin-white,https://cdn.lnr.fr/joueur/11845-benjamin-white/photo/photoFull.26dec662e84c737005260a65b33966bd7438db17,B. White,Toulon,TLN,SCRUM_HALF,Demi de mêlée,2025-2026,9,333.0,37.0,6.49,,,0.24,,,,0.0,0.24,,,0.0,,,,,lnr,27.0,180.0,87.0,Grande-Bretagne,91.83673469387756,66.92307692307692,59.1,64.2,0.778,0,2,5,60,33,88,0.0,28.3,↗,5,"[2.0, 17.0, 36.4, 36.4, 38.0]",80,2.61,Demi de mêlée,9,78,Haute,False,Basse,False,25,40.0,74.5,SCOT,13.0,cluster_1,65.9,67.7,50.0,96.1,80.1,68.5,76.1,0.0,36.8,10.0,1.0,0.0,0.0,0.0
lnr_2352,2352,baptiste-serin,https://cdn.lnr.fr/joueur/2352-baptiste-serin/photo/photoFull.2eaacbd11c12f10f571df4cbac07c560d1665acd,Baptiste Serin,Toulon,TLN,SCRUM_HALF,Demi de mêlée,2025-2026,14,721.0,51.5,7.66,,,0.44,,,,0.44,0.78,,,2.0,,,,,lnr,31.0,182.0,83.0,France,92.85714285714286,63.84615384615384,75.0,71.8,1.0,44,39,36,82,60,82,0.8999999999999999,24.9,↘,5,"[52.2, 27.6, 27.6, 30.3, 19.3]",100,2.0,Demi de mêlée,9,100,Haute,False,Moyenne,False,4,92.5,78.7,France,47.0,cluster_1,63.0,78.3,62.6,92.2,84.2,67.1,96.7,0.3700000000000003,12.4,16.0,0.0,0.0,0.0,0.22
lnr_1432,1432,bastien-chalureau,https://cdn.lnr.fr/joueur/1432-bastien-chalureau/photo/photoFull.4cb2a4ab19ab443ff7739b68884b2f51b78c1bab,Bastien Chalureau,Montpellier,MHR,LOCK,2ème ligne,2025-2026,15,645.0,43.0,9.43,,,0.0,,,,0.0,0.99,,,0.0,,,,,lnr,34.0,,118.0,France,0.0,90.76923076923076,50.7,55.0,1.0,0,84,5,27,0,10,,53.6,↗,5,"[25.4, 58.6, 0, 97.3, 81.2]",100,-0.16,2ème Ligne,2L,100,Haute,False,Moyenne,False,56,20.3,,,,,,,,,,,,0.0,68.6,12.0,0.0,0.0,0.0,0.0
lnr_1970,1970,bastien-chinarro,https://cdn.lnr.fr/joueur/1970-bastien-chinarro/photo/photoFull.14f86258177c199d0ec3ee9450197974d20d92b1,Bastien Chinarro,Perpignan,PER,LOCK,2ème ligne,2025-2026,9,471.0,52.3,10.02,,,0.17,,,,0.34,0.34,,,1.7,,,,,lnr,22.0,196.0,95.0,France,100.0,73.07692307692307,67.8,66.2,0.892,95,29,95,36,69,88,,32.9,↘,5,"[32.1, 32.1, 22.1, 22.1, 58.0]",100,-0.67,2ème Ligne,2L,89,Haute,False,Moyenne,False,23,67.4,,,,,,,,,,,,0.0,99.3,9.0,0.0,0.0,0.0,0.34
lnr_1893,1893,beka-gorgadze,https://cdn.lnr.fr/joueur/1893-beka-gorgadze/photo/photoFull.bf4a801945c52387138b3325d9dd3bcf510292ab,Beka Gorgadze,Pau,PAU,BACK_ROW,3ème ligne,2025-2026,12,890.0,74.2,12.58,,,0.81,,,,0.09,0.63,,,0.9,,,,,lnr,30.0,189.0,110.0,Géorgie,96.42857142857144,84.61538461538461,81.8,79.6,1.0,16,70,40,58,62,93,,49.6,↘,5,"[66.8, 66.8, 66.8, 66.8, 41.2]",80,2.61,3ème Ligne,3L,100,Haute,False,Bonne,False,6,94.7,75.8,GEORG,43.0,cluster_0,80.3,62.2,50.0,87.3,78.2,70.3,86.1,0.0799999999999997,45.0,14.0,1.0,0.0,0.0,0.18
lnr_1127,1127,beka-saginadze,https://cdn.lnr.fr/joueur/1127-beka-saginadze/photo/photoFull.eff1aa9b4a9f2b351be13ae3eed38b31d19c422e,Beka Saginadze,Lyon,LOU,LOCK,2ème ligne,2025-2026,8,355.0,44.4,9.46,,,0.45,,,,0.0,0.23,,,0.0,,,,,lnr,27.0,191.0,110.0,Géorgie,97.44897959183672,84.61538461538461,61.9,62.9,0.796,0,19,5,28,31,90,,31.5,↘,5,"[17.0, 62.8, 18.8, 5.9, 59.6]",80,2.61,2ème Ligne,2L,80,Haute,False,Basse,False,38,44.9,70.9,GEORG,30.0,cluster_0,50.0,50.0,50.0,68.5,100.0,53.0,85.9,0.0,92.8,8.0,1.0,0.0,0.0,0.0
lnr_12335,12335,blair-kinghorn-1,https://cdn.lnr.fr/joueur/12335-blair-kinghorn-1/photo/photoFull.2697f7f0cb7b3da001ecdd411641ac7914939acd,Blair Kinghorn,Toulouse,TLS,FULLBACK,Arrière,2025-2026,12,790.0,65.8,1.42,,,0.0,,,,0.41,1.42,,,4.25,,,,,lnr,29.0,193.0,107.0,Ecosse,98.46938775510203,82.3076923076923,65.0,69.8,1.0,38,95,95,0,0,98,4.25,6.7,↘,5,"[17.7, 0, 4.8, 6.5, 4.6]",100,2.96,Arrière,ARR,100,Haute,False,Moyenne,False,12,64.5,81.4,SCOT,45.0,cluster_1,88.2,83.3,57.8,86.2,78.7,86.6,89.0,0.6400000000000006,41.6,13.0,0.0,0.0,0.0,0.0
lnr_2389,2389,bruce-devaux,https://cdn.lnr.fr/joueur/2389-bruce-devaux/photo/photoFull.b817331ae7e7f540e8505004318a8073270e5d10,Bruce Devaux,Perpignan,PER,FRONT_ROW,1ère ligne,2025-2026,16,647.0,40.4,8.16,,,0.12,,,,0.0,0.0,,,0.0,,,,,lnr,29.0,183.0,108.0,France,93.36734693877553,83.07692307692308,50.5,53.7,1.0,0,0,5,16,8,46,,42.3,→,5,"[58.3, 58.3, 56.5, 50.0, 38.4]",80,2.96,1ère Ligne,1L,100,Haute,False,Moyenne,False,151,4.5,,,,,,,,,,,,0.0,90.0,18.0,1.0,0.0,0.0,0.0
lnr_169,169,clement-bitz,https://cdn.lnr.fr/joueur/169-clement-bitz/photo/photoFull.28a7076c5091624b9d043c9f795307457230f77f,C. Bitz,Montauban,MTB,BACK_ROW,3ème ligne,2025-2026,10,448.0,44.8,8.93,,,0.0,,,,0.36,0.18,,,0.0,,,,,lnr,31.0,195.0,113.0,France,99.48979591836736,86.92307692307692,55.0,56.7,0.873,65,20,5,12,0,96,,21.6,↘,5,"[55.5, 39.3, 13.7, 7.6, 26.0]",100,2.0,3ème Ligne,3L,87,Haute,False,Moyenne,False,87,8.0,,,,,,,,,,,,0.0,90.0,10.0,0.0,0.0,0.0,0.0
lnr_286,286,corentin-coularis,https://cdn.lnr.fr/joueur/286-corentin-coularis/photo/photoFull.7260593a1939529b8f58882fcd9327e3deee5c0d,C. Coularis,Montauban,MTB,BACK_ROW,3ème ligne,2025-2026,2,89.0,44.5,12.58,,,0.0,,,,0.0,0.9,,,0.0,,,,,lnr,23.0,191.0,107.0,France,97.44897959183672,82.3076923076923,62.5,65.5,0.559,0,95,5,58,0,92,,41.3,→,3,"[65.0, 34.7, 47.8]",100,-0.16,3ème Ligne,3L,56,Basse,True,Basse,True,49,48.4,,,,,,,,,,,,0.0,100.0,3.0,0.0,0.0,0.0,0.0
lnr_1562,1562,christian-guetang-ambadiang,https://cdn.lnr.fr/joueur/1562-christian-guetang-ambadiang/photo/photoFull.50e0d211418fb8267083232d5e5561b6e88fe79f,C. Guetang Ambadiang,Castres,CAS,WINGER,Ailier,2025-2026,11,858.0,78.0,5.31,,,0.28,,,,0.75,0.93,,,2.8,,,,,lnr,27.0,189.0,107.0,Cameroun,96.42857142857144,82.3076923076923,70.2,66.9,1.0,51,68,5,56,65,96,0.0,21.5,↘,5,"[19.0, 44.5, 31.4, 18.3, 16.4]",80,2.61,Ailier,AIL,100,Haute,False,Bonne,False,13,70.7,,,,,,,,,,,,0.0,24.7,11.0,1.0,0.0,0.0,0.56
lnr_969,969,charles-kante-samba,https://cdn.lnr.fr/joueur/969-charles-kante-samba/photo/photoFull.7cb6d3e8fb1a9ef473f9440830017cd30be5f626,C. Kante Samba,La Rochelle,LRO,LOCK,2ème ligne,2025-2026,13,619.0,47.6,7.63,,,0.0,,,,0.0,0.26,,,0.0,,,,,lnr,21.0,,115.0,France,0.0,88.46153846153845,40.0,41.5,1.0,0,22,5,1,0,9,,22.5,↘,5,"[18.0, 50.0, 25.3, 15.8, 22.9]",80,-1.03,2ème Ligne,2L,100,Haute,False,Moyenne,False,69,1.4,,,,,,,,,,,,0.0,96.2,13.0,1.0,0.0,0.0,0.0
lnr_12590,12590,christian-luaki,https://cdn.lnr.fr/joueur/12590-christian-luaki/photo/photoFull.a0e82b9d66818bb583b591a1b9ef632bcba4a524,C. Luaki,La Rochelle,LRO,FRONT_ROW,1ère ligne,2025-2026,4,51.0,12.8,17.25,,,1.57,,,,0.0,0.0,,,0.0,,,,,lnr,21.0,187.0,124.0,France,95.40816326530611,95.3846153846154,82.3,77.4,0.534,0,0,5,95,38,78,,72.9,→,3,"[87.1, 13.7, 100]",100,-1.03,1ère Ligne,1L,53,Basse,True,Basse,True,6,96.8,,,,,,,,,,,,0.0,,,0.0,0.0,0.0,0.0
lnr_11823,11823,corentin-mezou,https://cdn.lnr.fr/joueur/11823-corentin-mezou/photo/photoFull.26dec662e84c737005260a65b33966bd7438db17,C. Mezou,Toulon,TLN,FRONT_ROW,1ère ligne,2025-2026,7,274.0,39.1,7.59,,,0.0,,,,0.0,0.29,,,0.0,,,,,lnr,20.0,,107.0,France,0.0,82.3076923076923,46.5,54.4,0.724,0,33,5,9,0,31,,37.7,↗,5,"[4.4, 27.8, 71.8, 36.9, 47.8]",100,-1.25,1ère Ligne,1L,72,Moyenne,True,Basse,False,149,5.7,,,,,,,,,,,,0.0,91.3,8.0,0.0,0.0,0.0,0.0
lnr_694,694,cristian-ojovan,https://cdn.lnr.fr/joueur/694-cristian-ojovan/photo/photoFull.b5e9990d9a31ede8327da9bafe6aeb896ea144f3,C. Ojovan,Clermont,CLR,FRONT_ROW,1ère ligne,2025-2026,17,743.0,43.7,10.12,,,0.11,,,,0.0,0.11,,,0.0,,,,,lnr,29.0,183.0,120.0,Moldavie,93.36734693877553,92.3076923076923,59.9,60.5,1.0,0,12,5,39,7,67,,36.9,↘,5,"[57.5, 33.6, 46.9, 30.9, 46.9]",80,2.96,1ère Ligne,1L,100,Haute,False,Moyenne,False,117,26.1,,,,,,,,,,,,0.0,86.5,18.0,1.0,0.0,0.0,0.0
lnr_2430,2430,celian-pouzelgues,https://cdn.lnr.fr/joueur/2430-celian-pouzelgues/photo/photoFull.a2503fca1a2646233602741328f9c3f7893fa1e1,C. Pouzelgues,Toulouse,TLS,CENTRE,Centre,2025-2026,5,228.0,45.6,5.26,,,0.35,,,,0.7,0.7,,,3.51,,,,,lnr,22.0,190.0,93.0,France,96.93877551020408,71.53846153846153,74.6,68.3,0.678,67,53,88,37,94,86,,17.7,→,5,"[2.0, 40.6, 44.3, 28.8, 0]",100,-0.67,Centre,CTR,68,Moyenne,True,Basse,False,26,66.2,,,,,,,,,,,,0.0,0.0,5.0,0.0,0.0,0.0,0.7
lnr_11240,11240,carlu-johann-sadie,https://cdn.lnr.fr/joueur/11240-carlu-johann-sadie/photo/photoFull.9db3e1c64b0fa647759e691550b9e8351884f243,C. Sadie,Bordeaux,BOR,FRONT_ROW,1ère ligne,2025-2026,19,868.0,45.7,8.48,,,0.18,,,,0.09,0.0,,,0.92,,,,,lnr,28.0,182.0,138.0,Afrique du Sud,92.85714285714286,100.0,66.9,67.1,1.0,35,0,33,19,31,92,,41.7,↗,5,"[71.8, 25.3, 43.2, 63.5, 41.2]",100,2.96,1ère Ligne,1L,100,Haute,False,Bonne,False,58,63.1,,,,,,,,,,,,0.0,93.0,20.0,0.0,0.0,0.0,0.18
lnr_707,707,cheikh-saliou-tiberghien,https://cdn.lnr.fr/joueur/707-cheikh-saliou-tiberghien/photo/photoFull.1d6a32f7ce4a12d423552fb50b73687ec52ba345,C. Tiberghien,Bayonne,BAY,FULLBACK,Arrière,2025-2026,17,970.0,57.1,1.81,,,0.08,,,,0.41,0.33,,,1.48,,,,,lnr,,,,,0.0,0.0,50.5,48.8,1.0,38,23,9,3,43,0,0.2299999999999999,6.8,↗,5,"[0, 0, 6.2, 11.4, 6.3]",80,0.0,Arrière,ARR,100,Haute,False,Bonne,False,30,6.5,,,,,,,,,,,,0.0,32.2,17.0,1.0,0.0,0.0,0.25
lnr_2354,2354,christopher-tolofua,https://cdn.lnr.fr/joueur/2354-christopher-tolofua/photo/photoFull.4cb2a4ab19ab443ff7739b68884b2f51b78c1bab,C. Tolofua,Montpellier,MHR,FRONT_ROW,1ère ligne,2025-2026,16,574.0,35.9,5.85,,,0.42,,,,0.0,0.14,,,5.57,,,,,lnr,32.0,182.0,120.0,France,92.85714285714286,92.3076923076923,60.3,58.6,0.978,0,16,95,0,84,67,,16.3,↗,5,"[19.2, 8.5, 39.4, 3.5, 17.6]",100,1.26,1ère Ligne,1L,98,Haute,False,Moyenne,False,126,20.4,,,,,,,,,,,,0.0,35.4,17.0,0.0,0.0,0.0,1.11
lnr_2165,2165,camille-chat,https://cdn.lnr.fr/joueur/2165-camille-chat/photo/photoFull.8e39a4ffde2d58962f9632bb5639326c8c077ac5,Camille Chat,Lyon,LOU,FRONT_ROW,1ère ligne,2025-2026,12,534.0,44.5,11.39,,,0.15,,,,0.15,0.9,,,1.5,,,,,lnr,30.0,178.0,101.0,France,90.81632653061224,77.6923076923077,63.4,65.9,0.945,59,95,54,54,42,29,,52.1,→,5,"[29.5, 67.0, 50.4, 32.8, 90.5]",100,2.61,1ère Ligne,1L,94,Haute,False,Moyenne,False,70,55.4,72.4,France,37.0,cluster_1,80.0,65.3,50.0,91.8,65.2,64.4,91.6,0.0,63.5,13.0,0.0,0.0,0.0,0.3
lnr_2162,2162,cedate-gomes-sa,https://cdn.lnr.fr/joueur/2162-cedate-gomes-sa/photo/photoFull.8e39a4ffde2d58962f9632bb5639326c8c077ac5,Cedate Gomes Sa,Lyon,LOU,FRONT_ROW,1ère ligne,2025-2026,10,184.0,18.4,13.04,,,0.0,,,,0.0,0.43,,,0.0,,,,,lnr,32.0,185.0,113.0,France,94.3877551020408,86.92307692307692,63.0,69.4,0.634,0,48,5,73,0,57,,66.6,→,5,"[100, 53.2, 47.8, 30.3, 100]",100,1.26,1ère Ligne,1L,63,Moyenne,True,Basse,False,43,73.2,77.7,France,12.0,cluster_1,63.9,56.4,50.0,90.7,83.7,62.8,88.2,0.2700000000000003,38.1,5.0,0.0,0.0,0.0,0.0
lnr_1773,1773,charles-laloi,https://cdn.lnr.fr/joueur/1773-charles-laloi/photo/photoFull.af05d90330b88b7be458e288b68ca734babbf81c,Charles Laloi,Paris,SFP,WINGER,Ailier,2025-2026,5,257.0,51.4,5.29,,,0.31,,,,0.62,0.31,,,0.0,,,,,lnr,22.0,181.0,80.0,France,92.3469387755102,61.53846153846154,58.9,60.2,0.707,42,23,5,55,29,79,0.0,23.6,↗,5,"[13.3, 7.9, 33.9, 39.3, 21.6]",100,-0.67,Ailier,AIL,71,Moyenne,True,Basse,False,29,31.7,,,,,,,,,,,,0.0,61.7,4.0,0.0,0.0,0.0,0.0
lnr_2355,2355,charles-ollivon,https://cdn.lnr.fr/joueur/2355-charles-ollivon/photo/photoFull.2eaacbd11c12f10f571df4cbac07c560d1665acd,Charles Ollivon,Toulon,TLN,BACK_ROW,3ème ligne,2025-2026,9,588.0,65.3,12.79,,,0.0,,,,0.27,1.09,,,0.68,,,,,lnr,32.0,199.0,114.0,France,100.0,87.6923076923077,68.7,68.3,0.99,49,95,31,60,19,97,,38.3,→,5,"[31.4, 32.7, 31.9, 31.9, 64.8]",100,1.26,3ème Ligne,3L,99,Haute,False,Moyenne,False,37,61.7,79.3,France,30.0,cluster_1,93.5,96.5,50.0,91.6,50.0,93.2,89.9,0.4299999999999997,66.4,10.0,0.0,0.0,0.0,0.14
lnr_1700,1700,charlie-cassang,https://cdn.lnr.fr/joueur/1700-charlie-cassang/photo/photoFull.8e39a4ffde2d58962f9632bb5639326c8c077ac5,Charlie Cassang,Lyon,LOU,SCRUM_HALF,Demi de mêlée,2025-2026,14,683.0,48.8,5.15,,,0.0,,,,0.35,0.7,,,1.76,,,,,lnr,31.0,173.0,92.0,France,88.26530612244898,70.76923076923077,61.9,60.0,1.0,35,33,5,35,35,78,0.01,17.2,↘,5,"[46.7, 9.0, 26.2, 19.9, 8.7]",100,2.0,Demi de mêlée,9,100,Haute,False,Moyenne,False,28,32.5,,,,,,,,,,,,0.0,44.6,14.0,0.0,0.0,0.0,0.35
lnr_1843,1843,clement-mondinat,https://cdn.lnr.fr/joueur/1843-clement-mondinat/photo/photoFull.bf4a801945c52387138b3325d9dd3bcf510292ab,Clement Mondinat,Pau,PAU,FLY_HALF,Demi d'ouverture,2025-2026,10,329.0,32.9,1.46,,,0.0,,,,0.49,0.49,,,2.43,,,,,lnr,22.0,178.0,80.0,France,90.81632653061224,61.53846153846154,59.0,57.4,0.774,50,39,5,0,57,43,0.0,4.5,↘,5,"[7.2, 43.4, 0, 0, 0]",100,-0.67,Ouvreur,10,77,Haute,False,Basse,False,29,26.3,,,,,,,,,,,,0.0,30.3,6.0,0.0,0.0,0.0,0.49
lnr_2490,2490,clement-verge,https://cdn.lnr.fr/joueur/2490-clement-verge/photo/photoFull.a2503fca1a2646233602741328f9c3f7893fa1e1,Clement Verge,Toulouse,TLS,LOCK,2ème ligne,2025-2026,16,839.0,52.4,11.06,,,0.1,,,,0.19,0.86,,,0.95,,,,,lnr,24.0,,123.0,France,0.0,94.6153846153846,60.3,62.9,1.0,69,73,55,50,39,12,,58.0,↗,5,"[48.4, 45.3, 74.4, 64.2, 79.8]",80,0.5,2ème Ligne,2L,100,Haute,False,Bonne,False,38,44.9,,,,,,,,,,,,0.0,57.5,16.0,1.0,0.0,0.0,0.19
lnr_1886,1886,clovis-le-bail,https://cdn.lnr.fr/joueur/1886-clovis-le-bail/photo/photoFull.2eaacbd11c12f10f571df4cbac07c560d1665acd,Clovis Le Bail,Toulon,TLN,SCRUM_HALF,Demi de mêlée,2025-2026,6,300.0,50.0,4.0,,,0.0,,,,0.0,0.53,,,0.0,,,,,lnr,30.0,173.0,74.0,France,88.26530612244898,56.92307692307692,53.1,57.0,0.75,0,22,5,13,0,52,0.0,17.2,↘,5,"[41.2, 9.2, 16.2, 20.7, 14.5]",100,2.61,Demi de mêlée,9,75,Haute,False,Basse,False,34,16.2,,,,,,,,,,,,0.0,100.0,4.0,0.0,0.0,0.0,0.0
lnr_531,531,connor-sa,https://cdn.lnr.fr/joueur/531-connor-sa/photo/photoFull.9db3e1c64b0fa647759e691550b9e8351884f243,Connor Sa,Bordeaux,BOR,FRONT_ROW,1ère ligne,2025-2026,10,372.0,37.2,12.04,,,0.22,,,,0.22,0.22,,,2.15,,,,,lnr,24.0,183.0,101.0,Nouvelle Zélande,93.36734693877553,77.6923076923077,61.0,67.2,0.81,87,25,77,61,60,34,,71.2,↗,5,"[41.2, 58.1, 62.6, 51.8, 100]",100,0.5,1ère Ligne,1L,81,Haute,False,Basse,False,64,59.9,77.7,France,12.0,cluster_1,63.9,56.4,50.0,90.7,83.7,62.8,88.2,0.2700000000000003,98.3,8.0,0.0,0.0,0.0,0.43
lnr_2451,2451,cyril-baille,https://cdn.lnr.fr/joueur/2451-cyril-baille/photo/photoFull.a2503fca1a2646233602741328f9c3f7893fa1e1,Cyril Baille,Toulouse,TLS,FRONT_ROW,1ère ligne,2025-2026,10,343.0,34.3,5.83,,,0.0,,,,0.0,0.47,,,0.0,,,,,lnr,32.0,182.0,118.0,France,92.85714285714286,90.76923076923076,51.7,69.0,0.786,0,53,5,0,0,63,,15.3,↘,5,"[22.6, 34.7, 29.7, 5.9, 7.2]",100,1.26,1ère Ligne,1L,79,Haute,False,Basse,False,146,7.6,79.6,France,42.0,cluster_1,94.8,100.0,50.0,93.7,66.4,83.5,88.2,0.4599999999999994,83.4,11.0,0.0,0.0,0.0,0.0
lnr_324,324,cyril-cazeaux,https://cdn.lnr.fr/joueur/324-cyril-cazeaux/photo/photoFull.9db3e1c64b0fa647759e691550b9e8351884f243,Cyril Cazeaux,Bordeaux,BOR,LOCK,2ème ligne,2025-2026,14,730.0,52.1,10.63,,,0.0,,,,0.0,0.44,,,0.55,,,,,lnr,31.0,198.0,117.0,France,100.0,90.0,57.6,59.4,1.0,0,37,32,44,19,95,,44.4,↘,5,"[48.6, 53.0, 43.2, 49.3, 56.5]",80,2.0,2ème Ligne,2L,100,Haute,False,Moyenne,False,45,36.2,,,,,,,,,,,,0.0,100.0,14.0,1.0,0.0,0.0,0.11
lnr_708,708,daniel-bibi-biziwu,https://cdn.lnr.fr/joueur/708-daniel-bibi-biziwu/photo/photoFull.b948a9307d0771aeee5c40d614c45938eb2eb700,D. Bibi Biziwu,Pau,PAU,FRONT_ROW,1ère ligne,2025-2026,8,298.0,37.2,10.47,,,0.0,,,,0.0,0.0,,,0.0,,,,,lnr,24.0,183.0,119.0,France,93.36734693877553,91.53846153846152,53.3,56.9,0.748,0,0,5,43,0,66,,36.0,↘,5,"[29.8, 65.3, 12.9, 72.6, 26.8]",60,0.5,1ère Ligne,1L,75,Moyenne,True,Basse,False,138,12.4,,,,,,,,,,,,0.0,97.6,8.0,2.0,0.0,0.0,0.0
lnr_11474,11474,david-patrick-jackson,https://cdn.lnr.fr/joueur/11474-david-patrick-jackson/photo/photoFull.eff1aa9b4a9f2b351be13ae3eed38b31d19c422e,D. Jackson,Lyon,LOU,FLY_HALF,Demi d'ouverture,2025-2026,8,313.0,39.1,6.13,,,0.26,,,,0.0,0.26,,,9.97,,,,,lnr,34.0,180.0,89.0,Irlande,91.83673469387756,68.46153846153847,59.9,78.6,0.761,0,21,95,74,38,60,9.97,20.1,↘,5,"[11.8, 32.6, 0, 37.7, 21.6]",100,-0.16,Ouvreur,10,76,Haute,False,Basse,False,19,52.6,89.5,Irlande,13.0,cluster_1,82.0,86.9,100.0,85.9,86.1,80.7,96.1,1.45,90.9,6.0,0.0,0.0,0.0,0.0
lnr_2365,2365,dany-priso-mouangue,https://cdn.lnr.fr/joueur/2365-dany-priso-mouangue/photo/photoFull.2eaacbd11c12f10f571df4cbac07c560d1665acd,D. Priso Mouangue,Toulon,TLN,FRONT_ROW,1ère ligne,2025-2026,16,751.0,46.9,10.01,,,0.43,,,,0.0,0.43,,,2.13,,,,,lnr,32.0,182.0,112.0,France,92.85714285714286,86.15384615384616,62.9,62.9,1.0,0,48,76,37,73,52,,39.2,→,5,"[50.4, 32.6, 55.7, 9.9, 67.0]",80,1.26,1ère Ligne,1L,100,Haute,False,Moyenne,False,98,37.9,,,,,,,,,,,,0.0,97.2,19.0,1.0,0.0,0.0,0.43
lnr_11798,11798,david-george-ribbans,https://cdn.lnr.fr/joueur/11798-david-george-ribbans/photo/photoFull.26dec662e84c737005260a65b33966bd7438db17,D. Ribbans,Toulon,TLN,LOCK,2ème ligne,2025-2026,14,972.0,69.4,9.05,,,0.41,,,,0.16,0.58,,,0.82,,,,,lnr,30.0,,126.0,Afrique du Sud,0.0,96.92307692307692,63.8,63.1,1.0,58,49,47,22,56,12,,29.6,↗,5,"[17.6, 36.7, 58.3, 34.7, 22.3]",100,2.61,2ème Ligne,2L,100,Haute,False,Bonne,False,36,48.6,,,,,,,,,,,,0.0,48.0,16.0,0.0,0.0,0.0,0.16
lnr_2151,2151,donovan-taofifenua,https://cdn.lnr.fr/joueur/2151-donovan-taofifenua/photo/photoFull.4cb2a4ab19ab443ff7739b68884b2f51b78c1bab,D. Taofifenua,Montpellier,MHR,FULLBACK,Arrière,2025-2026,10,476.0,47.6,4.54,,,0.0,,,,0.5,0.0,,,1.68,,,,,lnr,27.0,179.0,84.0,France,91.3265306122449,64.61538461538461,62.3,63.0,0.897,46,0,5,77,37,88,0.0,31.8,↗,5,"[32.1, 21.6, 0, 100, 16.4]",100,2.61,Arrière,ARR,90,Haute,False,Moyenne,False,8,77.4,,,,,,,,,,,,0.0,90.9,8.0,0.0,0.0,0.0,0.34
lnr_432,432,daniel-brennan,https://cdn.lnr.fr/joueur/432-daniel-brennan/photo/photoFull.2eaacbd11c12f10f571df4cbac07c560d1665acd,Daniel Brennan,Toulon,TLN,FRONT_ROW,1ère ligne,2025-2026,12,372.0,31.0,10.75,,,0.0,,,,0.0,0.0,,,0.0,,,,,lnr,27.0,192.0,124.0,Irlande,97.95918367346938,95.3846153846154,58.1,59.1,0.81,0,0,5,46,0,81,,27.4,↗,5,"[17.0, 0, 17.6, 100, 0]",60,2.61,1ère Ligne,1L,81,Haute,False,Basse,False,123,22.0,,,,,,,,,,,,0.0,89.8,10.0,2.0,0.0,0.0,0.0
lnr_1870,1870,daniel-robson,https://cdn.lnr.fr/joueur/1870-daniel-robson/photo/photoFull.bf4a801945c52387138b3325d9dd3bcf510292ab,Daniel Robson,Pau,PAU,SCRUM_HALF,Demi de mêlée,2025-2026,10,468.0,46.8,4.27,,,0.0,,,,0.34,0.17,,,1.71,,,,,lnr,34.0,173.0,82.0,Grande-Bretagne,88.26530612244898,63.07692307692307,53.9,54.2,0.89,34,0,5,18,34,65,0.0099999999999997,13.6,↘,5,"[32.2, 32.2, 35.2, 9.0, 0]",100,-0.16,Demi de mêlée,9,89,Haute,False,Moyenne,False,38,7.5,,,,,,,,,,,,0.0,32.7,12.0,0.0,0.0,0.0,0.34
lnr_13764,13764,daniel-tupou,https://cdn.lnr.fr/joueur/13764-daniel-tupou/photo/photoFull.93c400b755c89c669429fd63e6ea322bc44901dd,Daniel Tupou,Racing 92,R92,FRONT_ROW,1ère ligne,2025-2026,6,166.0,27.7,7.23,,,0.48,,,,0.0,0.0,,,12.05,,,,,lnr,29.0,184.0,148.0,Tonga,93.87755102040816,100.0,70.7,72.8,0.616,0,0,95,5,87,94,,54.9,→,2,"[39.9, 81.0]",100,2.96,1ère Ligne,1L,62,Moyenne,True,Basse,False,19,88.2,77.8,Australie,71.0,cluster_1,88.1,73.9,50.0,77.6,69.7,100.0,86.2,0.2799999999999997,,,0.0,0.0,0.0,2.41
lnr_2500,2500,david-ainuu,https://cdn.lnr.fr/joueur/2500-david-ainuu/photo/photoFull.7ca2942712296b23bc0c05ee5ba8a7306bef7b5e,David Ainuu,Toulouse,TLS,FRONT_ROW,1ère ligne,2025-2026,10,401.0,40.1,6.18,,,0.4,,,,0.0,0.0,,,0.0,,,,,lnr,26.0,178.0,122.0,Etats-Unis,90.81632653061224,93.84615384615384,57.9,61.6,0.834,0,0,5,0,25,66,,42.0,↗,5,"[44.7, 30.7, 35.4, 36.2, 70.2]",100,2.0,1ère Ligne,1L,83,Haute,False,Moyenne,False,107,31.8,,,,,,,,,,,,0.0,95.3,11.0,0.0,0.0,0.0,0.0
lnr_1079,1079,demba-bamba,https://cdn.lnr.fr/joueur/1079-demba-bamba/photo/photoFull.8b942e992ebb42fdd1ca819c8cb833427c776cef,Demba Bamba,Racing 92,R92,FRONT_ROW,1ère ligne,2025-2026,17,723.0,42.5,11.73,,,0.22,,,,0.0,0.89,,,0.0,,,,,lnr,28.0,185.0,125.0,France,94.3877551020408,96.15384615384616,69.2,70.4,1.0,0,95,5,57,14,78,,60.5,↗,5,"[52.9, 65.6, 79.4, 64.2, 77.9]",60,2.96,1ère Ligne,1L,100,Haute,False,Moyenne,False,35,78.0,73.9,France,25.0,cluster_1,100.0,78.2,50.0,85.5,58.7,81.7,88.4,0.0,48.9,17.0,2.0,0.0,0.0,0.0
lnr_12570,12570,diego-escobar,https://cdn.lnr.fr/joueur/12570-diego-escobar/photo/photoFull.8b942e992ebb42fdd1ca819c8cb833427c776cef,Diego Escobar,Racing 92,R92,FRONT_ROW,1ère ligne,2025-2026,13,602.0,46.3,13.55,,,0.4,,,,0.13,0.4,,,0.66,,,,,lnr,25.0,176.0,103.0,Chili,89.79591836734694,79.23076923076923,63.5,63.6,1.0,51,45,24,79,39,31,,44.7,↗,5,"[64.6, 23.6, 85.8, 81.6, 20.5]",60,1.26,1ère Ligne,1L,100,Haute,False,Moyenne,False,91,42.4,,,,,,,,,,,,0.0,96.9,12.0,2.0,0.0,0.0,0.13
lnr_12408,12408,diego-jurd,https://cdn.lnr.fr/joueur/12408-diego-jurd/photo/photoFull.01e7e4177db166b370a81655ed844dbb271b4fe2,Diego Jurd,La Rochelle,LRO,FLY_HALF,Demi d'ouverture,2025-2026,6,217.0,36.2,3.69,,,0.0,,,,0.37,1.84,,,6.27,,,,,lnr,19.0,184.0,87.0,France,93.87755102040816,66.92307692307692,63.2,61.3,0.667,38,95,64,32,0,70,6.27,13.5,↘,5,"[0, 56.5, 0, 20.3, 7.2]",100,-1.38,Ouvreur,10,67,Moyenne,True,Basse,False,15,63.2,,,,,,,,,,,,0.0,65.6,3.0,0.0,0.0,0.0,0.0
lnr_13401,13401,diego-mascarenc,https://cdn.lnr.fr/joueur/13401-diego-mascarenc/photo/photoFull.8e4baacb1e4028932730f35f463fa6d426c8d70f,Diego Mascarenc,Perpignan,PER,CENTRE,Centre,2025-2026,1,69.0,69.0,5.8,,,0.0,,,,0.0,0.0,,,5.8,,,,,lnr,18.0,184.0,89.0,France,93.87755102040816,68.46153846153847,55.0,58.8,0.546,0,0,95,46,57,83,,17.5,→,2,"[22.0, 15.8]",100,-1.45,Centre,CTR,55,Basse,True,Basse,True,59,21.6,,,,,,,,,,,,0.0,,,0.0,0.0,0.0,1.16
lnr_1014,1014,dillyn-leyds,https://cdn.lnr.fr/joueur/1014-dillyn-leyds/photo/photoFull.7cb6d3e8fb1a9ef473f9440830017cd30be5f626,Dillyn Leyds,La Rochelle,LRO,FULLBACK,Arrière,2025-2026,13,997.0,76.7,2.17,,,0.16,,,,0.64,0.48,,,2.01,,,,,lnr,,,,,0.0,0.0,60.2,58.8,1.0,59,34,5,13,76,0,0.0099999999999997,22.4,↗,5,"[2.5, 19.0, 13.7, 23.6, 37.3]",100,0.0,Arrière,ARR,100,Haute,False,Bonne,False,22,32.3,65.7,SA,16.0,cluster_1,68.3,57.4,50.0,90.5,90.5,63.1,89.0,0.0,45.5,14.0,0.0,0.0,0.0,0.4
lnr_2501,2501,dimitri-delibes,https://cdn.lnr.fr/joueur/2501-dimitri-delibes/photo/photoFull.7ca2942712296b23bc0c05ee5ba8a7306bef7b5e,Dimitri Delibes,Toulouse,TLS,CENTRE,Centre,2025-2026,11,674.0,61.3,4.27,,,0.36,,,,0.83,0.83,,,3.56,,,,,lnr,27.0,190.0,98.0,France,96.93877551020408,75.38461538461539,79.4,74.8,1.0,80,63,89,20,95,89,,23.2,↘,5,"[33.3, 22.9, 0, 25.5, 38.6]",100,2.61,Centre,CTR,100,Haute,False,Moyenne,False,6,93.2,,,,,,,,,,,,0.0,31.6,9.0,0.0,0.0,0.0,0.71
lnr_2448,2448,dorian-aldegheri,https://cdn.lnr.fr/joueur/2448-dorian-aldegheri/photo/photoFull.a2503fca1a2646233602741328f9c3f7893fa1e1,Dorian Aldegheri,Toulouse,TLS,FRONT_ROW,1ère ligne,2025-2026,11,463.0,42.1,8.29,,,0.0,,,,0.17,0.17,,,0.86,,,,,lnr,32.0,180.0,119.0,France,91.83673469387756,91.53846153846152,54.9,56.9,0.886,67,19,31,17,18,63,,31.7,→,5,"[49.7, 37.7, 33.6, 47.8, 24.4]",80,1.26,1ère Ligne,1L,89,Haute,False,Moyenne,False,138,12.4,59.1,France,9.0,cluster_1,55.9,50.0,50.0,89.5,51.0,55.5,85.5,0.0,97.3,12.0,1.0,0.0,0.0,0.17
lnr_2385,2385,duncan-paiaaua,https://cdn.lnr.fr/joueur/2385-duncan-paiaaua/photo/photoFull.b817331ae7e7f540e8505004318a8073270e5d10,Duncan Paia'aua,Perpignan,PER,CENTRE,Centre,2025-2026,4,276.0,69.0,4.93,,,0.0,,,,0.29,0.29,,,1.45,,,,,lnr,31.0,183.0,92.0,Australie,93.36734693877553,70.76923076923077,59.0,60.4,0.726,28,22,36,31,25,85,,16.3,↗,4,"[10.7, 45.8, 4.6, 13.4]",100,2.0,Centre,CTR,73,Moyenne,True,Basse,True,56,25.7,,,,,,,,,,,,0.0,82.6,4.0,0.0,0.0,0.0,0.29
lnr_2632,2632,eneriko-buliruarua,https://cdn.lnr.fr/joueur/2632-eneriko-buliruarua/photo/photoFull.746d583d9f8a2aa9c322b15ebadc8acc096151d2,E. Buliruarua,Perpignan,PER,CENTRE,Centre,2025-2026,11,688.0,62.5,6.51,,,0.23,,,,0.47,0.47,,,1.74,,,,,lnr,29.0,186.0,106.0,Fidji,94.89795918367348,81.53846153846153,71.8,69.4,1.0,45,36,44,58,54,94,,28.2,↘,5,"[41.2, 43.6, 43.6, 5.2, 37.3]",100,2.96,Centre,CTR,100,Haute,False,Moyenne,False,20,73.6,,,,,,,,,,,,0.0,7.6,13.0,0.0,0.0,0.0,0.35
lnr_12646,12646,edouard-jabea-njocke,https://cdn.lnr.fr/joueur/12646-edouard-jabea-njocke/photo/photoFull.7379d926936176d3eaa666ae7f05a48b45011660,E. Jabea Njocke,Racing 92,R92,FRONT_ROW,1ère ligne,2025-2026,6,158.0,26.3,17.72,,,0.0,,,,0.51,0.0,,,0.0,,,,,lnr,19.0,178.0,118.0,France,90.81632653061224,90.76923076923076,70.4,72.1,0.608,95,0,5,95,0,59,,71.7,→,5,"[80.0, 76.2, 26.0, 95.4, 100]",100,-1.38,1ère Ligne,1L,61,Moyenne,True,Basse,False,22,86.3,,,,,,,,,,,,0.0,97.9,5.0,0.0,0.0,0.0,0.0
lnr_2498,2498,emmanuel-meafou,https://cdn.lnr.fr/joueur/2498-emmanuel-meafou/photo/photoFull.7ca2942712296b23bc0c05ee5ba8a7306bef7b5e,E. Meafou,Toulouse,TLS,LOCK,2ème ligne,2025-2026,7,407.0,58.1,9.04,,,0.59,,,,0.0,1.18,,,1.97,,,,,lnr,27.0,,145.0,France,0.0,100.0,71.9,70.7,0.839,0,95,95,21,95,15,,38.0,→,5,"[43.8, 40.3, 30.6, 51.1, 45.3]",100,2.61,2ème Ligne,2L,84,Haute,False,Moyenne,False,13,82.6,,,,,,,,,,,,0.0,36.7,7.0,0.0,0.0,0.0,0.39
lnr_12628,12628,etuale-manusamoa-tuilagi,https://cdn.lnr.fr/joueur/12628-etuale-manusamoa-tuilagi/photo/photoFull.409fb64e5ca518486c03e07b8c688aa07f237184,E. Tuilagi,Bayonne,BAY,CENTRE,Centre,2025-2026,11,716.0,65.1,5.36,,,0.11,,,,0.56,0.56,,,0.56,,,,,lnr,34.0,185.0,108.0,Grande-Bretagne,94.3877551020408,83.07692307692308,60.7,64.7,1.0,54,43,14,38,21,95,,24.1,↗,5,"[12.1, 9.2, 18.3, 30.8, 36.7]",60,-0.16,Centre,CTR,100,Haute,False,Moyenne,False,60,20.3,76.0,Angleterre,26.0,cluster_1,84.6,66.9,50.0,88.2,83.6,77.9,91.7,0.1,7.8,11.0,2.0,0.0,0.0,0.11
lnr_12363,12363,efrain-elias,https://cdn.lnr.fr/joueur/12363-efrain-elias/photo/photoFull.2697f7f0cb7b3da001ecdd411641ac7914939acd,Efrain Elias,Toulouse,TLS,LOCK,2ème ligne,2025-2026,14,688.0,49.1,9.88,,,0.47,,,,0.12,0.93,,,1.74,,,,,lnr,21.0,,119.0,Argentine,0.0,91.53846153846152,65.6,66.2,1.0,44,79,95,34,89,10,,52.6,↗,5,"[100, 13.6, 100, 68.3, 22.9]",80,-1.03,2ème Ligne,2L,100,Haute,False,Moyenne,False,23,67.4,,,,,,,,,,,,0.0,41.3,14.0,1.0,0.0,0.0,0.35
lnr_2349,2349,emerick-setiano,https://cdn.lnr.fr/joueur/2349-emerick-setiano/photo/photoFull.1d6a32f7ce4a12d423552fb50b73687ec52ba345,Emerick Setiano,Bayonne,BAY,FRONT_ROW,1ère ligne,2025-2026,14,616.0,44.0,6.75,,,0.0,,,,0.13,0.13,,,0.0,,,,,lnr,29.0,183.0,115.0,France,93.36734693877553,88.46153846153845,48.7,52.0,1.0,51,15,5,0,0,59,,43.5,→,5,"[47.8, 42.2, 2.5, 100, 5.1]",60,2.96,1ère Ligne,1L,100,Haute,False,Moyenne,False,153,2.9,,,,,,,,,,,,0.0,87.3,13.0,2.0,0.0,0.0,0.0
lnr_1927,1927,emilien-gailleton,https://cdn.lnr.fr/joueur/1927-emilien-gailleton/photo/photoFull.bf4a801945c52387138b3325d9dd3bcf510292ab,Emilien Gailleton,Pau,PAU,CENTRE,Centre,2025-2026,12,824.0,68.7,6.5,,,0.19,,,,0.87,0.0,,,1.94,,,,,lnr,22.0,185.0,89.0,France,94.3877551020408,68.46153846153847,68.2,64.3,1.0,84,0,49,58,53,83,,16.0,↘,5,"[8.5, 45.8, 3.3, 24.9, 9.2]",100,-0.67,Centre,CTR,100,Haute,False,Bonne,False,44,41.9,,,,,,,,,,,,0.0,57.2,13.0,0.0,0.0,0.0,0.39
lnr_1440,1440,enzo-forletta,https://cdn.lnr.fr/joueur/1440-enzo-forletta/photo/photoFull.4cb2a4ab19ab443ff7739b68884b2f51b78c1bab,Enzo Forletta,Montpellier,MHR,FRONT_ROW,1ère ligne,2025-2026,16,721.0,45.1,9.21,,,0.0,,,,0.0,0.22,,,0.0,,,,,lnr,31.0,175.0,118.0,France,89.28571428571429,90.76923076923076,57.1,58.1,1.0,0,25,5,28,0,56,,33.1,↘,5,"[54.1, 38.2, 61.5, 29.4, 27.0]",100,2.0,1ère Ligne,1L,100,Haute,False,Moyenne,False,129,18.2,,,,,,,,,,,,0.0,97.0,17.0,0.0,0.0,0.0,0.0
lnr_427,427,enzo-herve,https://cdn.lnr.fr/joueur/427-enzo-herve/photo/photoFull.50e0d211418fb8267083232d5e5561b6e88fe79f,Enzo Herve,Castres,CAS,FLY_HALF,Demi d'ouverture,2025-2026,9,490.0,54.4,4.73,,,0.0,,,,0.16,0.16,,,5.88,,,,,lnr,27.0,176.0,90.0,France,89.79591836734694,69.23076923076923,54.7,56.4,0.908,16,13,60,50,0,48,5.88,22.6,↗,5,"[36.6, 18.3, 38.6, 25.6, 16.4]",100,2.61,Ouvreur,10,91,Haute,False,Moyenne,False,32,17.1,,,,,,,,,,,,0.0,37.2,8.0,0.0,0.0,0.0,0.0
lnr_431,431,esteban-abadie,https://cdn.lnr.fr/joueur/431-esteban-abadie/photo/photoFull.2eaacbd11c12f10f571df4cbac07c560d1665acd,Esteban Abadie,Toulon,TLN,BACK_ROW,3ème ligne,2025-2026,15,848.0,56.5,10.57,,,0.19,,,,0.0,0.57,,,1.42,,,,,lnr,28.0,188.0,100.0,France,95.91836734693877,76.92307692307693,67.1,67.2,1.0,0,64,64,32,50,88,,40.9,↗,5,"[34.7, 34.7, 76.9, 64.2, 27.5]",100,2.96,3ème Ligne,3L,100,Haute,False,Bonne,False,39,59.0,,,,,,,,,,,,0.0,54.4,16.0,0.0,0.0,0.0,0.28
lnr_2607,2607,esteban-capilla,https://cdn.lnr.fr/joueur/2607-esteban-capilla/photo/photoFull.1d6a32f7ce4a12d423552fb50b73687ec52ba345,Esteban Capilla,Bayonne,BAY,BACK_ROW,3ème ligne,2025-2026,12,729.0,60.8,10.75,,,0.33,,,,0.88,0.66,,,4.39,,,,,lnr,23.0,197.0,99.0,France,100.0,76.15384615384615,71.8,71.9,1.0,95,74,95,35,79,89,,57.1,↗,5,"[39.3, 54.6, 72.2, 100, 51.7]",80,-0.16,3ème Ligne,3L,100,Haute,False,Moyenne,False,23,76.6,,,,,,,,,,,,0.0,0.0,13.0,1.0,0.0,0.0,0.88
lnr_1068,1068,esteban-gonzalez,https://cdn.lnr.fr/joueur/1068-esteban-gonzalez/photo/photoFull.8e39a4ffde2d58962f9632bb5639326c8c077ac5,Esteban Gonzalez,Lyon,LOU,SCRUM_HALF,Demi de mêlée,2025-2026,15,400.0,26.7,7.0,,,0.0,,,,1.2,0.4,,,4.0,,,,,lnr,20.0,177.0,80.0,France,90.3061224489796,61.53846153846154,65.7,62.8,0.833,95,13,5,70,57,70,0.0,17.1,→,5,"[24.0, 21.6, 51.8, 22.4, 0]",100,-1.25,Demi de mêlée,9,83,Haute,False,Moyenne,False,19,55.0,,,,,,,,,,,,0.0,60.8,8.0,0.0,0.0,0.0,0.8
lnr_1125,1125,ethan-dumortier,https://cdn.lnr.fr/joueur/1125-ethan-dumortier/photo/photoFull.eff1aa9b4a9f2b351be13ae3eed38b31d19c422e,Ethan Dumortier,Lyon,LOU,CENTRE,Centre,2025-2026,12,819.0,68.2,5.57,,,0.0,,,,1.56,0.39,,,2.44,,,,,lnr,25.0,191.0,93.0,France,97.44897959183672,71.53846153846153,70.9,67.8,1.0,95,30,61,42,41,86,,26.8,→,5,"[12.9, 39.9, 37.6, 24.9, 29.8]",80,1.26,Centre,CTR,100,Haute,False,Bonne,False,29,62.2,,,,,,,,,,,,0.0,70.5,12.0,1.0,0.0,0.0,0.49
lnr_12374,12374,ethan-tia,https://cdn.lnr.fr/joueur/12374-ethan-tia/photo/photoFull.af05d90330b88b7be458e288b68ca734babbf81c,Ethan Tia,Paris,SFP,FRONT_ROW,1ère ligne,2025-2026,1,41.0,41.0,19.51,,,0.0,,,,0.0,1.95,,,0.0,,,,,lnr,20.0,,,France,0.0,0.0,65.8,70.6,0.527,0,95,5,95,0,0,,76.0,→,1,[90.0],100,-1.25,1ère Ligne,1L,53,Basse,True,Basse,True,33,79.3,,,,,,,,,,,,0.0,,,0.0,0.0,0.0,0.0
lnr_667,667,etienne-falgoux,https://cdn.lnr.fr/joueur/667-etienne-falgoux/photo/photoFull.b5e9990d9a31ede8327da9bafe6aeb896ea144f3,Etienne Falgoux,Clermont,CLR,FRONT_ROW,1ère ligne,2025-2026,10,342.0,34.2,9.12,,,0.0,,,,0.0,0.0,,,1.17,,,,,lnr,33.0,183.0,105.0,France,93.36734693877553,80.76923076923077,49.6,54.5,0.785,0,0,42,27,25,41,,25.6,↘,5,"[50.4, 14.1, 14.7, 23.6, 37.7]",100,0.5,1ère Ligne,1L,78,Haute,False,Basse,False,148,6.4,,,,,,,,,,,,0.0,89.6,8.0,0.0,0.0,0.0,0.23
lnr_657,657,etienne-fourcade,https://cdn.lnr.fr/joueur/657-etienne-fourcade/photo/photoFull.b5e9990d9a31ede8327da9bafe6aeb896ea144f3,Etienne Fourcade,Clermont,CLR,FRONT_ROW,1ère ligne,2025-2026,14,443.0,31.6,8.49,,,0.36,,,,0.18,0.18,,,1.81,,,,,lnr,29.0,180.0,103.0,France,91.83673469387756,79.23076923076923,56.7,59.4,0.869,71,20,65,20,61,35,,36.1,↗,5,"[45.4, 19.9, 54.3, 43.2, 39.3]",80,2.96,1ère Ligne,1L,87,Haute,False,Moyenne,False,122,22.9,,,,,,,,,,,,0.0,91.4,14.0,1.0,0.0,0.0,0.36
lnr_2569,2569,ewan-johnson,https://cdn.lnr.fr/joueur/2569-ewan-johnson/photo/photoFull.1d6a32f7ce4a12d423552fb50b73687ec52ba345,Ewan Johnson,Bayonne,BAY,LOCK,2ème ligne,2025-2026,18,893.0,49.6,9.5,,,0.18,,,,0.09,0.18,,,0.0,,,,,lnr,26.0,,120.0,Grande-Bretagne,0.0,92.3076923076923,53.2,54.9,1.0,33,15,5,28,12,11,,33.0,↘,5,"[49.7, 50.4, 38.3, 27.5, 36.2]",100,2.0,2ème Ligne,2L,100,Haute,False,Bonne,False,57,18.8,,,,,,,,,,,,0.0,90.6,17.0,0.0,0.0,0.0,0.0
lnr_280,280,federico-mori,https://cdn.lnr.fr/joueur/280-federico-mori/photo/photoFull.1d6a32f7ce4a12d423552fb50b73687ec52ba345,F. Mori,Bayonne,BAY,CENTRE,Centre,2025-2026,8,420.0,52.5,4.0,,,0.0,,,,0.19,0.76,,,0.0,,,,,lnr,25.0,188.0,108.0,Italie,95.91836734693877,83.07692307692308,57.9,57.7,0.85,18,58,5,15,0,95,,11.8,↘,5,"[34.7, 6.5, 7.3, 0, 20.7]",100,1.26,Centre,CTR,85,Haute,False,Moyenne,False,63,15.5,65.8,ITALY,15.0,cluster_1,75.5,77.1,50.0,82.2,55.8,65.6,80.7,0.0,0.0,7.0,0.0,0.0,0.0,0.0
lnr_556,556,feibyan-cornell-tukino,https://cdn.lnr.fr/joueur/556-feibyan-cornell-tukino/photo/photoFull.bf7e6b3668f1d7c40821cbfca4c5f267bcf81dfe,F. Tukino,Castres,CAS,BACK_ROW,3ème ligne,2025-2026,6,287.0,47.8,8.64,,,0.28,,,,0.0,0.28,,,0.0,,,,,lnr,24.0,190.0,111.0,Nouvelle Zélande,96.93877551020408,85.38461538461539,58.7,63.6,0.737,0,31,5,8,19,94,,50.7,↗,5,"[45.5, 37.1, 76.1, 27.3, 83.4]",100,0.5,3ème Ligne,3L,74,Moyenne,True,Basse,False,60,37.2,,,,,,,,,,,,0.0,93.2,7.0,0.0,0.0,0.0,0.0
lnr_624,624,florent-vanverberghe,https://cdn.lnr.fr/joueur/624-florent-vanverberghe/photo/photoFull.50e0d211418fb8267083232d5e5561b6e88fe79f,F. Vanverberghe,Castres,CAS,LOCK,2ème ligne,2025-2026,15,908.0,60.5,13.66,,,0.0,,,,0.0,0.09,,,0.0,,,,,lnr,25.0,198.0,120.0,France,100.0,92.3076923076923,61.6,62.9,1.0,0,8,5,88,0,96,,44.7,↘,5,"[82.5, 59.6, 82.5, 59.6, 21.0]",100,1.26,2ème Ligne,2L,100,Haute,False,Bonne,False,38,44.9,,,,,,,,,,,,0.0,100.0,15.0,0.0,0.0,0.0,0.0
lnr_2157,2157,fabien-sanconnie,https://cdn.lnr.fr/joueur/2157-fabien-sanconnie/photo/photoFull.8b942e992ebb42fdd1ca819c8cb833427c776cef,Fabien Sanconnie,Racing 92,R92,BACK_ROW,3ème ligne,2025-2026,7,279.0,39.9,16.92,,,0.29,,,,0.0,0.0,,,1.43,,,,,lnr,31.0,195.0,114.0,France,99.48979591836736,87.6923076923077,73.1,73.1,0.729,0,0,64,95,58,97,,60.3,↘,5,"[83.9, 100, 46.0, 65.6, 71.7]",80,2.0,3ème Ligne,3L,73,Moyenne,True,Basse,False,19,80.3,,,,,,,,,,,,0.0,99.8,7.0,1.0,0.0,0.0,0.29
lnr_2658,2658,facundo-bosch,https://cdn.lnr.fr/joueur/2658-facundo-bosch/photo/photoFull.1d6a32f7ce4a12d423552fb50b73687ec52ba345,Facundo Bosch,Bayonne,BAY,FRONT_ROW,1ère ligne,2025-2026,16,727.0,45.4,12.98,,,0.55,,,,0.0,0.99,,,1.1,,,,,lnr,34.0,180.0,100.0,Argentine,91.83673469387756,76.92307692307693,64.4,64.4,1.0,0,95,39,72,58,29,,47.9,↘,5,"[100, 56.5, 33.8, 77.1, 38.5]",60,-0.16,1ère Ligne,1L,100,Haute,False,Moyenne,False,83,47.5,67.0,Argentine,25.0,cluster_1,51.2,50.0,50.0,76.2,91.1,50.0,87.6,0.0,9.7,17.0,2.0,0.0,0.0,0.22
lnr_2335,2335,facundo-isa,https://cdn.lnr.fr/joueur/2335-facundo-isa/photo/photoFull.bf4a801945c52387138b3325d9dd3bcf510292ab,Facundo Isa,Pau,PAU,BACK_ROW,3ème ligne,2025-2026,17,932.0,54.8,10.64,,,0.77,,,,0.0,0.77,,,1.72,,,,,lnr,32.0,188.0,110.0,Argentine,95.91836734693877,84.61538461538461,81.4,80.2,1.0,0,86,77,33,84,93,,56.7,↗,5,"[57.8, 33.1, 41.7, 59.7, 96.6]",100,1.26,3ème Ligne,3L,100,Haute,False,Bonne,False,4,96.8,73.6,Argentine,41.0,cluster_1,82.8,74.3,50.0,53.9,66.2,77.6,71.5,0.0,9.2,18.0,0.0,0.0,0.0,0.34
lnr_10998,10998,facundo-pomponio,https://cdn.lnr.fr/joueur/10998-facundo-pomponio/photo/photoFull.4fad25dd8031cb5acc33df54f2c4151e7cc1c37a,Facundo Pomponio,Montauban,MTB,FRONT_ROW,1ère ligne,2025-2026,14,523.0,37.4,8.11,,,0.0,,,,0.0,0.0,,,0.0,,,,,lnr,34.0,186.0,119.0,Argentine,94.89795918367348,91.53846153846152,46.0,49.3,0.936,0,0,5,15,0,69,,40.9,↗,5,"[22.6, 51.2, 17.6, 16.4, 87.1]",40,-0.16,1ère Ligne,1L,94,Haute,False,Moyenne,False,157,0.6,,,,,,,,,,,,0.0,92.2,14.0,3.0,0.0,0.0,0.0
lnr_1438,1438,florian-verhaeghe,https://cdn.lnr.fr/joueur/1438-florian-verhaeghe/photo/photoFull.4cb2a4ab19ab443ff7739b68884b2f51b78c1bab,Florian Verhaeghe,Montpellier,MHR,LOCK,2ème ligne,2025-2026,12,822.0,68.5,8.95,,,0.39,,,,0.29,1.46,,,0.0,,,,,lnr,28.0,,110.0,France,0.0,84.61538461538461,58.8,58.4,1.0,95,95,5,20,27,8,,39.8,↗,5,"[43.9, 11.0, 64.8, 35.4, 55.7]",0,2.96,2ème Ligne,2L,100,Haute,False,Bonne,False,46,34.8,,,,,,,,,,,,0.0,75.4,13.0,1.0,0.0,1.0,0.0
lnr_2453,2453,francois-cros,https://cdn.lnr.fr/joueur/2453-francois-cros/photo/photoFull.a2503fca1a2646233602741328f9c3f7893fa1e1,Francois Cros,Toulouse,TLS,BACK_ROW,3ème ligne,2025-2026,2,145.0,72.5,19.31,,,0.55,,,,0.55,0.0,,,0.0,,,,,lnr,32.0,190.0,111.0,France,96.93877551020408,85.38461538461539,79.5,78.1,0.597,95,0,5,95,37,94,,74.1,→,2,"[100, 75.9]",100,1.26,3ème Ligne,3L,60,Basse,True,Basse,True,7,93.6,67.6,France,25.0,cluster_1,61.3,57.0,50.0,90.8,77.7,56.7,86.9,0.0,,,0.0,0.0,0.0,0.0
lnr_1329,1329,fred-quercy,https://cdn.lnr.fr/joueur/1329-fred-quercy/photo/photoFull.28a7076c5091624b9d043c9f795307457230f77f,Fred Quercy,Montauban,MTB,BACK_ROW,3ème ligne,2025-2026,9,529.0,58.8,8.32,,,0.6,,,,0.0,0.3,,,0.0,,,,,lnr,34.0,188.0,103.0,France,95.91836734693877,79.23076923076923,54.5,54.5,0.941,0,34,5,4,38,89,,39.3,↗,5,"[23.3, 7.2, 49.5, 71.1, 42.7]",0,-0.16,3ème Ligne,3L,94,Haute,False,Moyenne,False,90,5.3,,,,,,,,,,,,0.0,50.1,9.0,3.0,0.0,1.0,0.0
lnr_1095,1095,felix-lambey,https://cdn.lnr.fr/joueur/1095-felix-lambey/photo/photoFull.8e39a4ffde2d58962f9632bb5639326c8c077ac5,Félix Lambey,Lyon,LOU,LOCK,2ème ligne,2025-2026,9,411.0,45.7,14.21,,,0.19,,,,0.0,0.19,,,0.0,,,,,lnr,32.0,196.0,107.0,France,100.0,82.3076923076923,67.3,72.0,0.842,0,16,5,95,13,91,,75.9,↗,5,"[59.2, 93.8, 74.0, 69.9, 100]",100,1.26,2ème Ligne,2L,84,Haute,False,Moyenne,False,10,86.2,77.7,France,10.0,cluster_1,95.6,85.2,50.0,90.8,62.3,84.0,88.3,0.2700000000000003,97.0,9.0,0.0,0.0,0.0,0.0
lnr_13654,13654,gareth-william-anscombe,https://cdn.lnr.fr/joueur/13654-gareth-william-anscombe/photo/photoFull.409fb64e5ca518486c03e07b8c688aa07f237184,G. Anscombe,Bayonne,BAY,FLY_HALF,Demi d'ouverture,2025-2026,6,164.0,27.3,7.8,,,0.0,,,,0.0,0.0,,,3.41,,,,,lnr,34.0,183.0,96.0,Angleterre,93.36734693877553,73.84615384615385,52.0,68.2,0.614,0,0,35,95,0,77,3.41,16.0,↘,4,"[36.9, 41.2, 19.3, 0]",100,-0.16,Ouvreur,10,61,Moyenne,True,Basse,False,30,23.7,78.1,WALES,37.0,cluster_1,70.5,90.6,69.4,85.4,77.8,68.6,95.2,0.3099999999999994,100.0,3.0,0.0,0.0,0.0,0.0
lnr_1009,1009,georges-henri-colombe-reazel,https://cdn.lnr.fr/joueur/1009-georges-henri-colombe-reazel/photo/photoFull.a2503fca1a2646233602741328f9c3f7893fa1e1,G. Colombe Reazel,Toulouse,TLS,FRONT_ROW,1ère ligne,2025-2026,9,311.0,34.6,7.2,,,0.51,,,,0.26,0.77,,,1.29,,,,,lnr,28.0,193.0,142.0,France,98.46938775510203,100.0,75.7,72.8,0.759,95,87,46,4,60,100,,35.1,↗,5,"[3.4, 24.9, 33.7, 58.3, 43.9]",100,2.96,1ère Ligne,1L,76,Haute,False,Basse,False,17,89.5,,,,,,,,,,,,0.0,56.7,8.0,0.0,0.0,0.0,0.26
lnr_2484,2484,guillaume-cramont,https://cdn.lnr.fr/joueur/2484-guillaume-cramont/photo/photoFull.a2503fca1a2646233602741328f9c3f7893fa1e1,G. Cramont,Toulouse,TLS,FRONT_ROW,1ère ligne,2025-2026,12,470.0,39.2,9.7,,,0.51,,,,0.17,1.19,,,4.26,,,,,lnr,25.0,183.0,107.0,France,93.36734693877553,82.3076923076923,70.0,70.4,0.892,67,95,95,34,89,45,,50.1,↗,5,"[53.4, 24.7, 55.9, 22.6, 97.0]",100,1.26,1ère Ligne,1L,89,Haute,False,Moyenne,False,35,78.0,,,,,,,,,,,,0.0,0.0,13.0,0.0,0.0,0.0,0.85
lnr_612,612,gauthier-doubrere,https://cdn.lnr.fr/joueur/612-gauthier-doubrere/photo/photoFull.50e0d211418fb8267083232d5e5561b6e88fe79f,G. Doubrere,Castres,CAS,SCRUM_HALF,Demi de mêlée,2025-2026,10,182.0,18.2,7.91,,,0.44,,,,0.0,0.44,,,0.0,,,,,lnr,30.0,176.0,82.0,France,89.79591836734694,63.07692307692307,68.9,69.1,0.632,0,15,5,87,38,71,0.0,35.9,↗,5,"[0, 0, 100, 0, 21.6]",100,2.61,Demi de mêlée,9,63,Moyenne,True,Basse,False,7,85.0,,,,,,,,,,,,0.0,,,0.0,0.0,0.0,0.0
lnr_1892,1892,guillaume-ducat,https://cdn.lnr.fr/joueur/1892-guillaume-ducat/photo/photoFull.bf7e6b3668f1d7c40821cbfca4c5f267bcf81dfe,G. Ducat,Castres,CAS,LOCK,2ème ligne,2025-2026,14,913.0,65.2,7.36,,,0.0,,,,0.0,0.09,,,0.0,,,,,lnr,29.0,,115.0,France,0.0,88.46153846153845,43.0,44.5,1.0,0,8,5,0,0,9,,25.2,→,5,"[32.1, 39.2, 47.8, 13.7, 22.8]",80,2.96,2ème Ligne,2L,100,Haute,False,Bonne,False,68,2.9,,,,,,,,,,,,0.0,97.0,14.0,1.0,0.0,0.0,0.0
lnr_3233,3233,giorgi-dzmanashvili,https://cdn.lnr.fr/joueur/3233-giorgi-dzmanashvili/photo/photoFull.b5e9990d9a31ede8327da9bafe6aeb896ea144f3,G. Dzmanashvili,Clermont,CLR,FRONT_ROW,1ère ligne,2025-2026,8,169.0,21.1,7.57,,,0.0,,,,0.0,0.0,,,4.73,,,,,lnr,23.0,186.0,122.0,Géorgie,94.89795918367348,93.84615384615384,55.2,59.1,0.619,0,0,95,9,57,74,,21.4,↘,5,"[19.9, 64.2, 27.3, 0, 27.3]",100,-0.16,1ère Ligne,1L,62,Moyenne,True,Basse,False,123,22.0,,,,,,,,,,,,0.0,97.4,5.0,0.0,0.0,0.0,0.95
lnr_2190,2190,guram-gogichashvili,https://cdn.lnr.fr/joueur/2190-guram-gogichashvili/photo/photoFull.d27019f52768bff9ad76599574dced3c5044bc4f,G. Gogichashvili,Racing 92,R92,FRONT_ROW,1ère ligne,2025-2026,18,770.0,42.8,14.96,,,0.0,,,,0.0,0.42,,,1.04,,,,,lnr,27.0,183.0,118.0,Géorgie,93.36734693877553,90.76923076923076,70.9,71.0,1.0,0,47,37,95,22,64,,47.7,↗,5,"[52.3, 41.2, 79.4, 39.4, 60.1]",100,2.61,1ère Ligne,1L,100,Haute,False,Moyenne,False,29,81.8,73.3,GEORG,36.0,cluster_0,59.3,50.2,50.0,89.0,78.6,53.9,85.0,0.0,41.2,19.0,0.0,0.0,0.0,0.21
lnr_1812,1812,giovanni-habel-kuffner,https://cdn.lnr.fr/joueur/1812-giovanni-habel-kuffner/photo/photoFull.1d6a32f7ce4a12d423552fb50b73687ec52ba345,G. Habel Kuffner,Bayonne,BAY,BACK_ROW,3ème ligne,2025-2026,7,373.0,53.3,8.15,,,0.0,,,,0.21,0.43,,,0.0,,,,,lnr,31.0,196.0,105.0,Allemagne,100.0,80.76923076923077,54.7,58.1,0.811,38,48,5,2,0,92,,27.8,↘,5,"[42.6, 45.8, 16.4, 23.6, 35.3]",100,2.0,3ème Ligne,3L,81,Haute,False,Basse,False,83,12.8,,,,,,,,,,,,0.0,0.0,7.0,0.0,0.0,0.0,0.0
lnr_2201,2201,gia-kharaishvili,https://cdn.lnr.fr/joueur/2201-gia-kharaishvili/photo/photoFull.d27019f52768bff9ad76599574dced3c5044bc4f,G. Kharaishvili,Racing 92,R92,FRONT_ROW,1ère ligne,2025-2026,14,612.0,43.7,10.59,,,0.13,,,,0.0,0.0,,,0.0,,,,,lnr,27.0,180.0,120.0,Géorgie,91.83673469387756,92.3076923076923,62.1,62.3,1.0,0,0,5,44,8,65,,33.9,→,5,"[32.8, 39.8, 82.3, 26.0, 26.6]",100,2.61,1ère Ligne,1L,100,Haute,False,Moyenne,False,101,35.7,,,,,,,,,,,,0.0,95.7,14.0,0.0,0.0,0.0,0.0
lnr_1962,1962,gabin-kretchmann,https://cdn.lnr.fr/joueur/1962-gabin-kretchmann/photo/photoFull.14f86258177c199d0ec3ee9450197974d20d92b1,G. Kretchmann,Perpignan,PER,FULLBACK,Arrière,2025-2026,3,48.0,16.0,8.33,,,0.0,,,,0.0,0.0,,,0.0,,,,,lnr,20.0,183.0,84.0,France,93.36734693877553,64.61538461538461,50.7,58.3,0.532,0,0,5,95,0,89,0.0,27.3,→,2,"[59.2, 10.1]",100,-1.25,Arrière,ARR,53,Basse,True,Basse,True,23,29.0,,,,,,,,,,,,0.0,,,0.0,0.0,0.0,0.0
lnr_11728,11728,gabriel-lapegue-lafaye,https://cdn.lnr.fr/joueur/11728-gabriel-lapegue-lafaye/photo/photoFull.409fb64e5ca518486c03e07b8c688aa07f237184,G. Lapegue Lafaye,Bayonne,BAY,CENTRE,Centre,2025-2026,2,74.0,37.0,0.0,,,0.0,,,,0.0,0.0,,,0.0,,,,,lnr,21.0,,,France,0.0,0.0,40.0,49.8,0.549,0,0,5,0,0,0,,0.0,→,2,"[0, 0]",100,-1.03,Centre,CTR,55,Basse,True,Basse,True,74,1.4,,,,,,,,,,,,0.0,,,0.0,0.0,0.0,0.0
lnr_12577,12577,gianmarco-lucchesi-1,https://cdn.lnr.fr/joueur/12577-gianmarco-lucchesi-1/photo/photoFull.26dec662e84c737005260a65b33966bd7438db17,G. Lucchesi,Toulon,TLN,FRONT_ROW,1ère ligne,2025-2026,3,133.0,44.3,15.04,,,0.0,,,,0.0,0.0,,,6.02,,,,,lnr,25.0,184.0,103.0,Italie,93.87755102040816,79.23076923076923,63.4,68.4,0.589,0,0,95,95,57,38,,57.4,↘,4,"[78.2, 74.0, 54.9, 68.5]",100,1.26,1ère Ligne,1L,59,Basse,True,Basse,True,47,70.7,75.3,ITALY,17.0,cluster_1,74.3,64.0,50.0,90.5,73.5,68.5,83.1,0.0299999999999997,100.0,4.0,0.0,0.0,0.0,1.2
lnr_580,580,gauthier-maravat,https://cdn.lnr.fr/joueur/580-gauthier-maravat/photo/photoFull.bf7e6b3668f1d7c40821cbfca4c5f267bcf81dfe,G. Maravat,Castres,CAS,BACK_ROW,3ème ligne,2025-2026,12,451.0,37.6,9.93,,,0.0,,,,0.0,0.0,,,0.0,,,,,lnr,25.0,198.0,112.0,France,100.0,86.15384615384616,53.2,56.8,0.876,0,0,5,25,0,96,,35.2,↘,5,"[100, 68.7, 38.6, 0, 36.7]",100,1.26,3ème Ligne,3L,88,Haute,False,Moyenne,False,86,9.6,,,,,,,,,,,,0.0,85.8,11.0,0.0,0.0,0.0,0.0
lnr_1084,1084,guillaume-marchand,https://cdn.lnr.fr/joueur/1084-guillaume-marchand/photo/photoFull.8e39a4ffde2d58962f9632bb5639326c8c077ac5,G. Marchand,Lyon,LOU,FRONT_ROW,1ère ligne,2025-2026,16,711.0,44.4,15.53,,,0.34,,,,0.11,0.23,,,0.0,,,,,lnr,27.0,183.0,105.0,France,93.36734693877553,80.76923076923077,69.0,70.1,1.0,43,26,5,95,22,41,,52.6,↘,5,"[83.8, 81.0, 38.2, 52.4, 66.6]",80,2.61,1ère Ligne,1L,100,Haute,False,Moyenne,False,40,75.2,80.2,France,28.0,cluster_1,97.3,91.7,50.0,90.1,57.0,70.1,89.4,0.5200000000000002,100.0,17.0,1.0,0.0,0.0,0.0
lnr_2657,2657,guillaume-martocq,https://cdn.lnr.fr/joueur/2657-guillaume-martocq/photo/photoFull.1d6a32f7ce4a12d423552fb50b73687ec52ba345,G. Martocq,Bayonne,BAY,CENTRE,Centre,2025-2026,11,652.0,59.3,6.99,,,0.0,,,,0.0,0.12,,,0.0,,,,,lnr,26.0,183.0,94.0,France,93.36734693877553,72.3076923076923,51.6,52.8,1.0,0,9,5,66,0,86,,33.0,↘,5,"[41.2, 43.5, 9.1, 21.1, 59.4]",60,2.0,Centre,CTR,100,Haute,False,Moyenne,False,73,2.7,,,,,,,,,,,,0.0,98.4,10.0,2.0,0.0,0.0,0.0
lnr_603,603,geoffrey-palis,https://cdn.lnr.fr/joueur/603-geoffrey-palis/photo/photoFull.50e0d211418fb8267083232d5e5561b6e88fe79f,G. Palis,Castres,CAS,FULLBACK,Arrière,2025-2026,10,488.0,48.8,3.77,,,0.0,,,,0.33,0.16,,,1.31,,,,,lnr,34.0,188.0,96.0,France,95.91836734693877,73.84615384615385,53.2,53.0,0.907,30,11,20,56,17,95,0.51,15.5,→,5,"[9.2, 30.1, 27.3, 6.5, 13.7]",80,-0.16,Arrière,ARR,91,Haute,False,Moyenne,False,29,9.7,,,,,,,,,,,,0.0,93.6,10.0,1.0,0.0,0.0,0.16
lnr_13832,13832,geronimo-prisciantelli,https://cdn.lnr.fr/joueur/13832-geronimo-prisciantelli/photo/photoFull.8b942e992ebb42fdd1ca819c8cb833427c776cef,G. Prisciantelli,Racing 92,R92,FLY_HALF,Demi d'ouverture,2025-2026,9,409.0,45.4,2.93,,,0.0,,,,0.98,0.59,,,1.17,,,,,lnr,26.0,183.0,86.0,Italie,93.36734693877553,66.15384615384615,59.6,62.1,0.841,95,47,12,19,0,66,1.17,36.9,↗,5,"[15.7, 10.0, 16.2, 100, 2.2]",100,2.0,Ouvreur,10,84,Haute,False,Moyenne,False,12,71.1,,,,,,,,,,,,0.0,0.0,6.0,0.0,0.0,0.0,0.0
lnr_1990,1990,giorgi-tetrashvili,https://cdn.lnr.fr/joueur/1990-giorgi-tetrashvili/photo/photoFull.746d583d9f8a2aa9c322b15ebadc8acc096151d2,G. Tetrashvili,Perpignan,PER,FRONT_ROW,1ère ligne,2025-2026,11,449.0,40.8,10.69,,,0.0,,,,0.0,0.0,,,0.0,,,,,lnr,32.0,177.0,114.0,Géorgie,90.3061224489796,87.6923076923077,54.4,58.1,0.874,0,0,5,45,0,51,,43.6,↗,5,"[3.6, 3.6, 98.5, 73.2, 37.7]",80,1.26,1ère Ligne,1L,87,Haute,False,Moyenne,False,129,18.2,52.2,GEORG,7.0,cluster_0,50.0,50.0,50.0,50.0,100.0,50.0,50.0,0.0,89.9,13.0,1.0,0.0,0.0,0.0
lnr_179,179,gabin-lorre,https://cdn.lnr.fr/joueur/179-gabin-lorre/photo/photoFull.eff1aa9b4a9f2b351be13ae3eed38b31d19c422e,Gabin Lorre,Lyon,LOU,FULLBACK,Arrière,2025-2026,12,908.0,75.7,3.52,,,0.0,,,,0.62,0.62,,,2.29,,,,,lnr,24.0,180.0,81.0,France,91.83673469387756,62.30769230769231,62.9,60.1,1.0,57,44,39,49,28,87,0.99,13.6,→,5,"[21.6, 6.5, 19.0, 17.7, 8.5]",100,0.5,Arrière,ARR,100,Haute,False,Bonne,False,15,53.2,,,,,,,,,,,,0.0,27.9,13.0,0.0,0.0,0.0,0.26
lnr_2360,2360,gabin-villiere,https://cdn.lnr.fr/joueur/2360-gabin-villiere/photo/photoFull.2eaacbd11c12f10f571df4cbac07c560d1665acd,Gabin Villiere,Toulon,TLN,WINGER,Ailier,2025-2026,5,327.0,65.4,3.18,,,0.73,,,,0.49,0.73,,,2.45,,,,,lnr,30.0,180.0,88.0,France,91.83673469387756,67.6923076923077,68.1,72.8,0.772,34,53,5,15,72,83,0.0,14.9,→,5,"[29.3, 7.9, 17.7, 20.8, 9.2]",100,2.61,Ailier,AIL,77,Haute,False,Basse,False,17,61.0,83.5,France,12.0,cluster_1,93.7,76.6,50.0,94.0,78.4,91.6,91.7,0.8500000000000001,22.1,5.0,0.0,0.0,0.0,0.49
lnr_2168,2168,gael-fickou,https://cdn.lnr.fr/joueur/2168-gael-fickou/photo/photoFull.8b942e992ebb42fdd1ca819c8cb833427c776cef,Gael Fickou,Racing 92,R92,CENTRE,Centre,2025-2026,12,761.0,63.4,9.46,,,0.0,,,,0.74,0.63,,,2.1,,,,,lnr,32.0,190.0,99.0,France,96.93877551020408,76.15384615384615,75.6,72.4,1.0,71,48,53,95,35,90,,28.0,↗,5,"[22.9, 27.5, 38.6, 44.3, 21.6]",100,1.26,Centre,CTR,100,Haute,False,Moyenne,False,14,82.4,77.5,France,65.0,cluster_1,87.6,71.9,50.0,93.7,77.3,76.9,93.6,0.25,27.7,12.0,0.0,0.0,0.0,0.42
lnr_2300,2300,gael-drean,https://cdn.lnr.fr/joueur/2300-gael-drean/photo/photoFull.2eaacbd11c12f10f571df4cbac07c560d1665acd,Gaël Drean,Toulon,TLN,WINGER,Ailier,2025-2026,12,951.0,79.2,4.12,,,0.0,,,,0.84,0.42,,,3.36,,,,,lnr,25.0,184.0,84.0,France,93.87755102040816,64.61538461538461,65.9,63.2,1.0,58,31,50,33,46,82,0.0099999999999997,18.2,→,5,"[12.9, 19.6, 19.6, 13.7, 24.2]",100,1.26,Ailier,AIL,100,Haute,False,Bonne,False,22,48.8,,,,,,,,,,,,0.0,76.3,14.0,0.0,0.0,0.0,0.67
lnr_638,638,gaetan-barlot,https://cdn.lnr.fr/joueur/638-gaetan-barlot/photo/photoFull.9db3e1c64b0fa647759e691550b9e8351884f243,Gaëtan Barlot,Bordeaux,BOR,FRONT_ROW,1ère ligne,2025-2026,10,389.0,38.9,15.42,,,0.41,,,,0.21,1.23,,,3.08,,,,,lnr,29.0,184.0,107.0,France,93.87755102040816,82.3076923076923,81.0,80.5,0.824,83,95,95,95,83,45,,56.7,↘,5,"[90.1, 75.1, 51.2, 75.7, 58.5]",100,2.96,1ère Ligne,1L,82,Haute,False,Basse,False,4,98.1,89.0,France,7.0,cluster_1,83.7,100.0,50.0,92.9,85.4,79.3,88.5,1.4,53.9,10.0,0.0,0.0,0.0,0.62
lnr_1447,1447,gela-aprasidze,https://cdn.lnr.fr/joueur/1447-gela-aprasidze/photo/photoFull.746d583d9f8a2aa9c322b15ebadc8acc096151d2,Gela Aprasidze,Perpignan,PER,SCRUM_HALF,Demi de mêlée,2025-2026,7,209.0,29.9,6.12,,,0.0,,,,0.0,0.38,,,1.15,,,,,lnr,28.0,175.0,70.0,Géorgie,89.28571428571429,53.84615384615385,51.9,58.0,0.659,0,11,46,53,0,50,1.15,22.4,↘,5,"[31.3, 6.7, 18.3, 0, 51.8]",80,2.96,Demi de mêlée,9,66,Moyenne,True,Basse,False,32,21.2,66.9,GEORG,45.0,cluster_0,57.3,70.2,52.6,87.6,91.9,57.6,88.1,0.0,94.1,4.0,1.0,0.0,0.0,0.0
lnr_709,709,george-moala,https://cdn.lnr.fr/joueur/709-george-moala/photo/photoFull.b5e9990d9a31ede8327da9bafe6aeb896ea144f3,George Moala,Clermont,CLR,CENTRE,Centre,2025-2026,3,181.0,60.3,3.54,,,0.0,,,,0.44,0.88,,,4.42,,,,,lnr,35.0,188.0,99.0,Nouvelle Zélande,95.91836734693877,76.15384615384615,64.8,61.9,0.631,42,67,95,7,57,90,,7.6,↘,4,"[21.6, 12.4, 9.8, 0]",100,-0.67,Centre,CTR,63,Moyenne,True,Basse,True,53,29.7,,,,,,,,,,,,0.0,65.3,3.0,0.0,0.0,0.0,0.88
lnr_12539,12539,giacomo-nicotera-1,https://cdn.lnr.fr/joueur/12539-giacomo-nicotera-1/photo/photoFull.eb7c8a121d72a5469d4eb6f17a32ea8cc568bf6c,Giacomo Nicotera,Paris,SFP,FRONT_ROW,1ère ligne,2025-2026,13,677.0,52.1,13.23,,,0.35,,,,0.0,0.12,,,0.59,,,,,lnr,29.0,183.0,108.0,Italie,93.36734693877553,83.07692307692308,65.2,65.7,1.0,0,13,21,75,35,46,,44.7,↘,5,"[100, 55.3, 69.8, 8.1, 56.8]",80,2.96,1ère Ligne,1L,100,Haute,False,Moyenne,False,73,54.1,73.1,ITALY,11.0,cluster_1,73.5,54.4,50.0,85.5,67.2,57.8,86.1,0.0,95.3,14.0,1.0,0.0,0.0,0.12
lnr_184,184,giorgi-akhaladze,https://cdn.lnr.fr/joueur/184-giorgi-akhaladze/photo/photoFull.b5e9990d9a31ede8327da9bafe6aeb896ea144f3,Giorgi Akhaladze,Clermont,CLR,FRONT_ROW,1ère ligne,2025-2026,15,736.0,49.1,9.13,,,0.0,,,,0.0,0.22,,,2.17,,,,,lnr,27.0,186.0,128.0,Géorgie,94.89795918367348,98.46153846153848,61.4,60.9,1.0,0,25,78,27,46,85,,30.8,↘,5,"[18.3, 78.4, 23.6, 18.3, 40.4]",80,2.61,1ère Ligne,1L,100,Haute,False,Moyenne,False,114,28.0,,,,,,,,,,,,0.0,93.8,15.0,1.0,0.0,0.0,0.43
lnr_662,662,giorgi-beria,https://cdn.lnr.fr/joueur/662-giorgi-beria/photo/photoFull.746d583d9f8a2aa9c322b15ebadc8acc096151d2,Giorgi Beria,Perpignan,PER,FRONT_ROW,1ère ligne,2025-2026,11,418.0,38.0,14.55,,,0.77,,,,0.0,0.77,,,0.0,,,,,lnr,26.0,175.0,108.0,France,89.28571428571429,83.07692307692308,74.5,73.1,0.848,0,87,5,90,38,39,,55.9,↗,5,"[77.7, 30.3, 96.8, 100, 27.6]",60,2.0,1ère Ligne,1L,85,Haute,False,Moyenne,False,15,91.1,,,,,,,,,,,,0.0,61.5,10.0,2.0,0.0,0.0,0.0
lnr_1621,1621,giorgi-javakhia,https://cdn.lnr.fr/joueur/1621-giorgi-javakhia/photo/photoFull.2eaacbd11c12f10f571df4cbac07c560d1665acd,Giorgi Javakhia,Toulon,TLN,BACK_ROW,3ème ligne,2025-2026,6,221.0,36.8,11.95,,,0.0,,,,0.0,0.0,,,0.0,,,,,lnr,29.0,194.0,124.0,Géorgie,98.9795918367347,95.3846153846154,58.3,65.8,0.671,0,0,5,50,0,99,,55.8,↗,5,"[70.0, 11.4, 11.4, 100, 78.2]",100,2.96,3ème Ligne,3L,67,Moyenne,True,Basse,False,47,51.1,72.8,GEORG,8.0,cluster_0,52.0,50.2,50.0,78.7,90.3,53.7,90.9,0.0,89.1,7.0,0.0,0.0,0.0,0.0
lnr_1811,1811,giorgi-melikidze,https://cdn.lnr.fr/joueur/1811-giorgi-melikidze/photo/photoFull.0d105085f705532550693973c5545a1d4e020463,Giorgi Melikidze,Paris,SFP,FRONT_ROW,1ère ligne,2025-2026,18,785.0,43.6,8.97,,,0.61,,,,0.0,0.1,,,3.06,,,,,lnr,29.0,180.0,116.0,Géorgie,91.83673469387756,89.23076923076924,67.9,68.2,1.0,0,11,95,25,95,58,,41.1,↘,5,"[26.0, 33.3, 43.8, 42.4, 62.1]",100,2.96,1ère Ligne,1L,100,Haute,False,Moyenne,False,51,67.5,77.6,GEORG,27.0,cluster_0,52.2,50.2,50.0,88.4,89.4,54.2,92.0,0.2599999999999994,94.2,19.0,0.0,0.0,0.0,0.61
lnr_1887,1887,guram-papidze,https://cdn.lnr.fr/joueur/1887-guram-papidze/photo/photoFull.bf4a801945c52387138b3325d9dd3bcf510292ab,Guram Papidze,Pau,PAU,FRONT_ROW,1ère ligne,2025-2026,8,323.0,40.4,14.61,,,0.0,,,,0.0,0.25,,,0.0,,,,,lnr,28.0,187.0,122.0,Géorgie,95.40816326530611,93.84615384615384,70.6,71.5,0.769,0,28,5,91,0,75,,49.9,↗,5,"[14.6, 76.1, 95.9, 68.7, 36.2]",100,2.96,1ère Ligne,1L,77,Haute,False,Basse,False,24,85.4,67.4,GEORG,8.0,cluster_0,55.5,50.2,50.0,90.5,70.3,55.3,73.2,0.0,96.5,9.0,0.0,0.0,0.0,0.0
lnr_13711,13711,hugo-gonzalez-hernandez,https://cdn.lnr.fr/joueur/13711-hugo-gonzalez-hernandez/photo/photoFull.1d6a32f7ce4a12d423552fb50b73687ec52ba345,H. González Hernández,Bayonne,BAY,FRONT_ROW,1ère ligne,2025-2026,4,100.0,25.0,12.8,,,0.8,,,,0.0,0.0,,,0.0,,,,,lnr,20.0,183.0,119.0,Espagne,93.36734693877553,91.53846153846152,72.2,68.6,0.567,0,0,5,70,38,66,,35.5,→,3,"[47.8, 41.2, 36.2]",100,-1.25,1ère Ligne,1L,57,Basse,True,Basse,True,46,71.3,,,,,,,,,,,,0.0,,,0.0,0.0,0.0,0.0
lnr_1107,1107,hamza-kaabeche,https://cdn.lnr.fr/joueur/1107-hamza-kaabeche/photo/photoFull.8e39a4ffde2d58962f9632bb5639326c8c077ac5,Hamza Kaabeche,Lyon,LOU,FRONT_ROW,1ère ligne,2025-2026,8,364.0,45.5,9.23,,,0.44,,,,0.0,0.22,,,0.0,,,,,lnr,29.0,189.0,114.0,France,96.42857142857144,87.6923076923077,63.3,65.4,0.803,0,25,5,28,28,63,,38.9,→,5,"[24.7, 59.2, 51.8, 27.6, 52.4]",100,2.96,1ère Ligne,1L,80,Haute,False,Basse,False,76,51.9,,,,,,,,,,,,0.0,93.1,8.0,0.0,0.0,0.0,0.0
lnr_2175,2175,hassane-kolingar,https://cdn.lnr.fr/joueur/2175-hassane-kolingar/photo/photoFull.d27019f52768bff9ad76599574dced3c5044bc4f,Hassane Kolingar,Racing 92,R92,FRONT_ROW,1ère ligne,2025-2026,14,561.0,40.1,16.68,,,0.0,,,,0.0,0.43,,,0.0,,,,,lnr,28.0,184.0,115.0,France,93.87755102040816,88.46153846153845,72.8,77.1,0.968,0,48,5,95,0,60,,85.1,↗,5,"[100, 44.3, 92.5, 68.7, 100]",100,2.96,1ère Ligne,1L,97,Haute,False,Moyenne,False,7,96.2,,,,,,,,,,,,0.0,98.6,15.0,0.0,0.0,0.0,0.0
lnr_964,964,hoani-bosmorin,https://cdn.lnr.fr/joueur/964-hoani-bosmorin/photo/photoFull.7cb6d3e8fb1a9ef473f9440830017cd30be5f626,Hoani Bosmorin,La Rochelle,LRO,WINGER,Ailier,2025-2026,7,234.0,33.4,2.39,,,0.0,,,,0.68,1.37,,,1.71,,,,,lnr,21.0,184.0,78.0,France,93.87755102040816,60.0,61.8,60.7,0.684,47,95,50,0,23,78,0.0099999999999997,13.2,↗,5,"[7.2, 11.5, 19.1, 36.8, 0]",100,-1.03,Ailier,AIL,68,Moyenne,True,Basse,False,28,34.1,,,,,,,,,,,,0.0,0.0,6.0,0.0,0.0,0.0,0.34
lnr_1845,1845,hugo-auradou,https://cdn.lnr.fr/joueur/1845-hugo-auradou/photo/photoFull.bf4a801945c52387138b3325d9dd3bcf510292ab,Hugo Auradou,Pau,PAU,LOCK,2ème ligne,2025-2026,14,975.0,69.6,9.6,,,0.33,,,,0.33,0.33,,,0.0,,,,,lnr,,,,,0.0,0.0,55.8,55.3,1.0,95,28,5,30,23,0,,28.8,↗,5,"[32.1, 32.1, 47.8, 50.4, 11.8]",60,0.0,2ème Ligne,2L,100,Haute,False,Bonne,False,55,21.7,,,,,,,,,,,,0.0,96.7,16.0,2.0,0.0,0.0,0.0
lnr_1849,1849,hugo-parrou,https://cdn.lnr.fr/joueur/1849-hugo-parrou/photo/photoFull.bf4a801945c52387138b3325d9dd3bcf510292ab,Hugo Parrou,Pau,PAU,FRONT_ROW,1ère ligne,2025-2026,7,218.0,31.1,11.38,,,0.0,,,,0.0,0.73,,,0.0,,,,,lnr,23.0,183.0,110.0,France,93.36734693877553,84.61538461538461,58.6,62.3,0.668,0,82,5,53,0,50,,37.1,→,5,"[70.9, 60.9, 48.9, 44.6, 24.4]",100,-0.16,1ère Ligne,1L,67,Moyenne,True,Basse,False,101,35.7,,,,,,,,,,,,0.0,62.1,5.0,0.0,0.0,0.0,0.0
lnr_949,949,hugo-reus,https://cdn.lnr.fr/joueur/949-hugo-reus/photo/photoFull.8733abdbcf1971661106014a189cf45096a409a1,Hugo Reus,Montpellier,MHR,FLY_HALF,Demi d'ouverture,2025-2026,12,110.0,9.2,0.0,,,0.0,,,,0.0,0.0,,,24.0,,,,,lnr,22.0,183.0,83.0,France,93.36734693877553,63.84615384615384,53.3,58.8,0.573,0,0,95,0,0,62,24.0,23.6,↗,5,"[14.4, 18.5, 18.5, 47.8, 19.2]",100,-0.67,Ouvreur,10,57,Basse,True,Basse,True,26,34.2,,,,,,,,,,,,0.0,33.4,9.0,0.0,0.0,0.0,0.0
lnr_354,354,hugo-zabalza,https://cdn.lnr.fr/joueur/354-hugo-zabalza/photo/photoFull.ea925ef6b0eeeaf7d1d25216bea712a737700f9f,Hugo Zabalza,Montauban,MTB,SCRUM_HALF,Demi de mêlée,2025-2026,17,671.0,39.5,4.65,,,0.12,,,,0.24,1.31,,,0.6,,,,,lnr,26.0,176.0,82.0,France,89.79591836734694,63.07692307692307,63.4,61.8,1.0,24,75,5,25,28,71,0.0,25.5,→,5,"[27.3, 30.7, 36.3, 29.3, 22.8]",80,2.0,Demi de mêlée,9,100,Haute,False,Moyenne,False,22,47.5,,,,,,,,,,,,0.0,60.8,16.0,1.0,0.0,0.0,0.12
lnr_13410,13410,iosefo-masi-baleiwairiki,https://cdn.lnr.fr/joueur/13410-iosefo-masi-baleiwairiki/photo/photoFull.927f14763f41272d69deff95784a28a1a65adb71,I. Baleiwairiki,Lyon,LOU,CENTRE,Centre,2025-2026,9,528.0,58.7,8.64,,,0.15,,,,1.06,0.91,,,3.03,,,,,lnr,27.0,190.0,97.0,Fidji,96.93877551020408,74.61538461538461,85.7,80.1,0.94,95,69,76,95,68,89,,30.8,→,5,"[52.4, 21.0, 44.5, 50.4, 19.0]",100,2.61,Centre,CTR,94,Haute,False,Moyenne,False,1,100.0,,,,,,,,,,,,0.0,38.2,6.0,0.0,0.0,0.0,0.61
lnr_13812,13812,iakopo-petelo-mapu,https://cdn.lnr.fr/joueur/13812-iakopo-petelo-mapu/photo/photoFull.eb7c8a121d72a5469d4eb6f17a32ea8cc568bf6c,I. Petelo Mapu,Paris,SFP,BACK_ROW,3ème ligne,2025-2026,4,154.0,38.5,9.35,,,0.52,,,,0.52,0.0,,,2.6,,,,,lnr,28.0,182.0,104.0,Nouvelle Zélande,92.85714285714286,80.0,73.2,74.0,0.604,95,0,95,17,92,89,,57.4,→,3,"[76.9, 13.3, 100]",100,2.96,3ème Ligne,3L,60,Moyenne,True,Basse,True,14,86.2,,,,,,,,,,,,0.0,90.7,3.0,0.0,0.0,0.0,0.52
lnr_647,647,irae-vincynt-simone,https://cdn.lnr.fr/joueur/647-irae-vincynt-simone/photo/photoFull.b5e9990d9a31ede8327da9bafe6aeb896ea144f3,I. Simone,Clermont,CLR,CENTRE,Centre,2025-2026,10,459.0,45.9,6.62,,,0.0,,,,0.87,0.35,,,0.0,,,,,lnr,30.0,193.0,105.0,Nouvelle Zélande,98.46938775510203,80.76923076923077,69.0,66.1,0.882,84,27,5,60,0,94,,16.8,↘,5,"[31.2, 23.7, 43.9, 22.9, 0]",100,2.61,Centre,CTR,88,Haute,False,Moyenne,False,34,55.4,,,,,,,,,,,,0.0,20.8,7.0,0.0,0.0,0.0,0.0
lnr_2148,2148,ibrahim-diallo,https://cdn.lnr.fr/joueur/2148-ibrahim-diallo/photo/photoFull.8b942e992ebb42fdd1ca819c8cb833427c776cef,Ibrahim Diallo,Racing 92,R92,BACK_ROW,3ème ligne,2025-2026,2,72.0,36.0,20.0,,,0.0,,,,1.11,0.0,,,0.0,,,,,lnr,28.0,192.0,108.0,France,97.95918367346938,83.07692307692308,69.6,77.5,0.548,95,0,5,95,0,93,,100.0,→,3,"[88.5, 97.3, 100]",100,2.96,3ème Ligne,3L,55,Basse,True,Basse,True,8,92.0,,,,,,,,,,,,0.0,,,0.0,0.0,0.0,0.0
lnr_1885,1885,ignacio-calles,https://cdn.lnr.fr/joueur/1885-ignacio-calles/photo/photoFull.1d6a32f7ce4a12d423552fb50b73687ec52ba345,Ignacio Calles,Bayonne,BAY,FRONT_ROW,1ère ligne,2025-2026,7,324.0,46.3,7.9,,,0.49,,,,0.0,0.25,,,0.0,,,,,lnr,30.0,187.0,116.0,Argentine,95.40816326530611,89.23076923076924,62.1,63.0,0.77,0,28,5,13,31,64,,23.9,↘,5,"[41.2, 28.4, 44.6, 3.1, 28.9]",100,2.61,1ère Ligne,1L,77,Haute,False,Basse,False,96,39.2,,,,,,,,,,,,0.0,95.7,7.0,0.0,0.0,0.0,0.0
lnr_11989,11989,ignacio-ruiz,https://cdn.lnr.fr/joueur/11989-ignacio-ruiz/photo/photoFull.14f86258177c199d0ec3ee9450197974d20d92b1,Ignacio Ruiz,Perpignan,PER,FRONT_ROW,1ère ligne,2025-2026,9,433.0,48.1,10.72,,,0.0,,,,0.18,0.18,,,2.77,,,,,lnr,25.0,185.0,109.0,Italie,94.3877551020408,83.84615384615385,57.0,61.1,0.861,71,20,95,46,57,50,,52.7,↗,5,"[15.8, 60.1, 73.1, 73.2, 58.9]",80,1.26,1ère Ligne,1L,86,Haute,False,Moyenne,False,113,28.7,71.1,Argentine,7.0,cluster_1,55.9,50.0,50.0,86.2,74.7,82.0,93.0,0.0,94.5,10.0,1.0,0.0,0.0,0.55
lnr_2387,2387,ihaia-west,https://cdn.lnr.fr/joueur/2387-ihaia-west/photo/photoFull.7cb6d3e8fb1a9ef473f9440830017cd30be5f626,Ihaia West,La Rochelle,LRO,FLY_HALF,Demi d'ouverture,2025-2026,10,423.0,42.3,2.08,,,0.0,,,,0.95,0.19,,,8.7,,,,,lnr,34.0,175.0,84.0,Nouvelle Zélande,89.28571428571429,64.61538461538461,66.1,61.8,0.852,95,15,69,4,54,38,6.799999999999999,4.0,↘,5,"[0.3, 12.1, 0, 0, 6.2]",100,-0.16,Ouvreur,10,85,Haute,False,Moyenne,False,14,65.8,,,,,,,,,,,,0.0,31.0,8.0,0.0,0.0,0.0,0.38
lnr_857,857,irakli-aptsiauri,https://cdn.lnr.fr/joueur/857-irakli-aptsiauri/photo/photoFull.8e39a4ffde2d58962f9632bb5639326c8c077ac5,Irakli Aptsiauri,Lyon,LOU,FRONT_ROW,1ère ligne,2025-2026,15,649.0,43.3,14.18,,,0.37,,,,0.0,0.12,,,0.62,,,,,lnr,23.0,185.0,122.0,Géorgie,94.3877551020408,93.84615384615384,70.1,70.9,1.0,0,13,22,86,36,73,,60.8,↗,5,"[29.8, 100, 100, 61.1, 35.4]",80,-0.16,1ère Ligne,1L,100,Haute,False,Moyenne,False,31,80.9,,,,,,,,,,,,0.0,95.2,14.0,1.0,0.0,0.0,0.12
lnr_12591,12591,jermaine-ainsley,https://cdn.lnr.fr/joueur/12591-jermaine-ainsley/photo/photoFull.927f14763f41272d69deff95784a28a1a65adb71,J. Ainsley,Lyon,LOU,FRONT_ROW,1ère ligne,2025-2026,13,671.0,51.6,11.92,,,0.12,,,,0.12,0.12,,,0.0,,,,,lnr,30.0,181.0,127.0,Nouvelle Zélande,92.3469387755102,97.6923076923077,69.3,70.7,1.0,47,13,5,60,8,78,,56.0,↘,5,"[31.2, 100, 100, 31.4, 39.9]",100,2.61,1ère Ligne,1L,100,Haute,False,Moyenne,False,32,80.3,,,,,,,,,,,,0.0,89.7,13.0,0.0,0.0,0.0,0.0
lnr_1334,1334,jerome-bosviel,https://cdn.lnr.fr/joueur/1334-jerome-bosviel/photo/photoFull.28a7076c5091624b9d043c9f795307457230f77f,J. Bosviel,Montauban,MTB,FLY_HALF,Demi d'ouverture,2025-2026,13,747.0,57.5,3.53,,,0.0,,,,0.32,1.07,,,9.53,,,,,lnr,36.0,183.0,96.0,France,93.36734693877553,73.84615384615385,63.4,60.7,1.0,32,85,91,29,16,77,8.979999999999999,18.3,→,5,"[25.0, 6.9, 9.9, 13.5, 30.9]",100,-1.03,Ouvreur,10,100,Haute,False,Moyenne,False,17,57.9,,,,,,,,,,,,0.0,54.6,14.0,0.0,0.0,0.0,0.11
lnr_675,675,judicael-cancoriet,https://cdn.lnr.fr/joueur/675-judicael-cancoriet/photo/photoFull.7cb6d3e8fb1a9ef473f9440830017cd30be5f626,J. Cancoriet,La Rochelle,LRO,BACK_ROW,3ème ligne,2025-2026,7,469.0,67.0,7.51,,,0.17,,,,0.0,0.68,,,1.71,,,,,lnr,29.0,194.0,112.0,France,98.9795918367347,86.15384615384616,61.9,63.2,0.891,0,76,77,0,57,95,,39.1,↗,5,"[41.7, 41.7, 35.6, 21.9, 67.1]",80,2.96,3ème Ligne,3L,89,Haute,False,Moyenne,False,64,33.0,,,,,,,,,,,,0.0,98.4,9.0,1.0,0.0,0.0,0.34
lnr_611,611,jeremy-fernandez,https://cdn.lnr.fr/joueur/611-jeremy-fernandez/photo/photoFull.50e0d211418fb8267083232d5e5561b6e88fe79f,J. Fernandez,Castres,CAS,SCRUM_HALF,Demi de mêlée,2025-2026,14,552.0,39.4,6.09,,,0.43,,,,0.43,0.43,,,8.7,,,,,lnr,28.0,176.0,90.0,France,89.79591836734694,69.23076923076923,74.2,71.1,0.96,43,15,95,52,81,84,6.549999999999999,30.2,↘,5,"[45.0, 21.1, 37.3, 41.2, 28.7]",80,2.96,Demi de mêlée,9,96,Haute,False,Moyenne,False,5,90.0,,,,,,,,,,,,0.0,37.2,10.0,1.0,0.0,0.0,0.43
lnr_12498,12498,jonathan-gray,https://cdn.lnr.fr/joueur/12498-jonathan-gray/photo/photoFull.8733abdbcf1971661106014a189cf45096a409a1,J. Gray,Bordeaux,BOR,LOCK,2ème ligne,2025-2026,10,457.0,45.7,15.75,,,0.0,,,,0.0,0.7,,,0.0,,,,,lnr,32.0,198.0,122.0,Grande-Bretagne,100.0,93.84615384615384,69.7,71.4,0.881,0,59,5,95,0,96,,58.2,↘,5,"[100, 98.9, 75.9, 60.1, 36.7]",100,1.26,2ème Ligne,2L,88,Haute,False,Moyenne,False,12,84.1,77.1,SCOT,57.0,cluster_1,92.7,77.5,50.0,94.0,67.0,75.1,84.3,0.2099999999999994,63.6,8.0,0.0,0.0,0.0,0.0
lnr_2358,2358,jean-baptiste-gros,https://cdn.lnr.fr/joueur/2358-jean-baptiste-gros/photo/photoFull.2eaacbd11c12f10f571df4cbac07c560d1665acd,J. Gros,Toulon,TLN,FRONT_ROW,1ère ligne,2025-2026,7,308.0,44.0,14.03,,,0.0,,,,0.0,1.04,,,0.0,,,,,lnr,26.0,186.0,112.0,France,94.89795918367348,86.15384615384616,68.6,68.8,0.757,0,95,5,84,0,56,,40.3,↘,5,"[63.4, 47.8, 19.9, 19.9, 73.1]",100,2.0,1ère Ligne,1L,76,Haute,False,Basse,False,45,72.0,72.2,France,21.0,cluster_1,58.0,52.6,50.0,90.2,77.0,50.0,87.9,0.0,62.1,9.0,0.0,0.0,0.0,0.0
lnr_1782,1782,james-robert-hall,https://cdn.lnr.fr/joueur/1782-james-robert-hall/photo/photoFull.746d583d9f8a2aa9c322b15ebadc8acc096151d2,J. Hall,Perpignan,PER,SCRUM_HALF,Demi de mêlée,2025-2026,13,520.0,40.0,10.0,,,0.15,,,,0.46,0.77,,,0.77,,,,,lnr,30.0,173.0,82.0,Afrique du Sud,88.26530612244898,63.07692307692307,68.7,67.8,0.933,45,38,5,95,35,65,0.02,33.7,↘,5,"[34.0, 34.0, 19.1, 50.4, 41.2]",100,2.61,Demi de mêlée,9,93,Haute,False,Moyenne,False,9,80.0,,,,,,,,,,,,0.0,60.2,10.0,0.0,0.0,0.0,0.15
lnr_2212,2212,john-thomas-jackson,https://cdn.lnr.fr/joueur/2212-john-thomas-jackson/photo/photoFull.7260593a1939529b8f58882fcd9327e3deee5c0d,J. Jackson,Montauban,MTB,CENTRE,Centre,2025-2026,14,893.0,63.8,5.29,,,0.0,,,,0.63,0.45,,,1.34,,,,,lnr,29.0,190.0,105.0,Afrique du Sud,96.93877551020408,80.76923076923077,66.7,64.4,1.0,61,34,34,37,23,94,,20.4,↘,5,"[13.7, 57.6, 45.8, 2.6, 13.3]",100,2.96,Centre,CTR,100,Haute,False,Bonne,False,42,43.9,,,,,,,,,,,,0.0,4.9,14.0,0.0,0.0,0.0,0.27
lnr_92,92,jefferson-lee-joseph,https://cdn.lnr.fr/joueur/92-jefferson-lee-joseph/photo/photoFull.b817331ae7e7f540e8505004318a8073270e5d10,J. Joseph,Perpignan,PER,FULLBACK,Arrière,2025-2026,12,877.0,73.1,5.2,,,0.09,,,,0.55,0.64,,,2.74,,,,,lnr,23.0,192.0,88.0,France,97.95918367346938,67.6923076923077,62.3,65.4,1.0,50,45,5,95,75,94,0.0,23.2,↗,5,"[15.1, 15.1, 48.4, 22.9, 21.6]",20,-0.16,Arrière,ARR,100,Haute,False,Bonne,False,20,37.1,76.7,Angleterre,37.0,cluster_1,80.4,69.0,50.0,89.7,89.3,80.1,97.4,0.1700000000000003,15.8,13.0,0.0,0.0,1.0,0.55
lnr_12243,12243,jose-junior-kpoku,https://cdn.lnr.fr/joueur/12243-jose-junior-kpoku/photo/photoFull.26dec662e84c737005260a65b33966bd7438db17,J. K'poku,Toulon,TLN,LOCK,2ème ligne,2025-2026,1,228.0,,16.49,,,0.7,,,,0.35,0.0,,,0.0,,,,,lnr,20.0,,119.0,Angleterre,0.0,91.53846153846152,77.4,77.3,0.678,95,0,5,95,38,10,,81.9,↗,5,"[74.0, 74.0, 51.8, 45.6, 100]",100,-1.25,2ème Ligne,2L,68,Moyenne,True,Basse,True,4,94.9,,,,,,,,,,,,0.0,0.0,5.0,0.0,0.0,0.0,0.0
lnr_11744,11744,joseph-laharrague,https://cdn.lnr.fr/joueur/11744-joseph-laharrague/photo/photoFull.dcb886cd35479c542abefe5a2fb2ff29300d8c42,J. Laharrague,Bordeaux,BOR,FLY_HALF,Demi d'ouverture,2025-2026,9,230.0,25.6,6.61,,,0.0,,,,0.7,1.04,,,3.48,,,,,lnr,19.0,183.0,80.0,France,93.36734693877553,61.53846153846154,68.6,64.7,0.68,71,83,18,83,49,59,1.73,17.5,↗,5,"[0, 0, 33.6, 31.4, 15.2]",100,-1.38,Ouvreur,10,68,Moyenne,True,Basse,False,9,78.9,,,,,,,,,,,,0.0,17.1,5.0,0.0,0.0,0.0,0.35
lnr_2503,2503,juan-cruz-mallia,https://cdn.lnr.fr/joueur/2503-juan-cruz-mallia/photo/photoFull.2697f7f0cb7b3da001ecdd411641ac7914939acd,J. Mallia,Toulouse,TLS,WINGER,Ailier,2025-2026,2,155.0,77.5,2.58,,,0.0,,,,2.06,1.55,,,7.74,,,,,lnr,29.0,182.0,89.0,Argentine,92.85714285714286,68.46153846153847,88.8,76.4,0.605,95,95,5,4,57,84,0.0,15.4,→,2,"[28.8, 6.6]",100,2.96,Ailier,AIL,60,Moyenne,True,Basse,True,2,97.6,67.0,Argentine,45.0,cluster_1,66.3,66.5,52.0,88.7,88.9,61.3,89.3,0.0,,,0.0,0.0,0.0,1.55
lnr_1074,1074,josiah-meihana-maraku,https://cdn.lnr.fr/joueur/1074-josiah-meihana-maraku/photo/photoFull.8e39a4ffde2d58962f9632bb5639326c8c077ac5,J. Maraku,Lyon,LOU,CENTRE,Centre,2025-2026,9,600.0,66.7,8.8,,,0.0,,,,0.27,0.0,,,0.67,,,,,lnr,26.0,180.0,97.0,Nouvelle Zélande,91.83673469387756,74.61538461538461,62.3,62.0,1.0,26,0,17,95,11,87,,31.1,↘,5,"[39.9, 79.0, 27.5, 42.9, 16.7]",100,2.0,Centre,CTR,100,Haute,False,Moyenne,False,52,31.1,,,,,,,,,,,,0.0,94.9,9.0,0.0,0.0,0.0,0.13
lnr_2399,2399,joel-merkler-perez,https://cdn.lnr.fr/joueur/2399-joel-merkler-perez/photo/photoFull.a2503fca1a2646233602741328f9c3f7893fa1e1,J. Merkler Perez,Toulouse,TLS,FRONT_ROW,1ère ligne,2025-2026,11,435.0,39.5,13.79,,,0.18,,,,0.0,0.18,,,0.92,,,,,lnr,24.0,194.0,135.0,Espagne,98.9795918367347,100.0,75.1,76.9,0.862,0,20,33,82,31,100,,77.0,↗,5,"[54.1, 36.2, 60.6, 100, 100]",100,0.5,1ère Ligne,1L,86,Haute,False,Moyenne,False,8,95.5,68.8,URUG,27.0,cluster_0,53.8,54.1,50.0,82.2,96.8,52.9,69.0,0.0,95.8,10.0,0.0,0.0,0.0,0.18
lnr_13598,13598,julian-sixto-montoya,https://cdn.lnr.fr/joueur/13598-julian-sixto-montoya/photo/photoFull.251395c196877a86dc9ce79b715f471d40431d54,J. Montoya,Pau,PAU,FRONT_ROW,1ère ligne,2025-2026,8,828.0,103.5,9.28,,,0.0,,,,0.19,0.19,,,1.93,,,,,lnr,32.0,183.0,113.0,Argentine,93.36734693877553,86.92307692307692,55.4,60.6,1.0,75,21,69,29,42,55,,30.0,→,5,"[40.4, 40.4, 28.7, 26.0, 37.3]",80,1.26,1ère Ligne,1L,100,Haute,False,Bonne,False,143,9.2,71.3,Argentine,92.0,cluster_1,64.2,52.5,50.0,91.2,78.2,57.3,85.8,0.0,96.7,10.0,1.0,0.0,0.0,0.39
lnr_13878,13878,jordan-washington-petaia,https://cdn.lnr.fr/joueur/13878-jordan-washington-petaia/photo/photoFull.14f86258177c199d0ec3ee9450197974d20d92b1,J. Petaia,Perpignan,PER,CENTRE,Centre,2025-2026,6,362.0,60.3,5.08,,,0.0,,,,0.0,0.22,,,0.0,,,,,lnr,26.0,190.0,98.0,Australie,96.93877551020408,75.38461538461539,53.4,57.2,0.802,0,17,5,34,0,89,,26.1,↗,5,"[40.0, 9.2, 14.7, 16.4, 48.6]",100,2.0,Centre,CTR,80,Haute,False,Basse,False,65,13.5,65.3,Australie,47.0,cluster_1,66.0,59.3,50.0,92.5,87.7,65.0,87.7,0.0,92.9,6.0,0.0,0.0,0.0,0.0
lnr_329,329,jefferson-poirot,https://cdn.lnr.fr/joueur/329-jefferson-poirot/photo/photoFull.9db3e1c64b0fa647759e691550b9e8351884f243,J. Poirot,Bordeaux,BOR,FRONT_ROW,1ère ligne,2025-2026,16,713.0,44.6,12.12,,,0.22,,,,0.11,0.34,,,1.12,,,,,lnr,33.0,181.0,117.0,France,92.3469387755102,90.0,64.8,65.9,1.0,43,38,40,62,37,60,,52.8,↗,5,"[23.8, 87.9, 30.9, 68.7, 71.5]",80,0.5,1ère Ligne,1L,100,Haute,False,Moyenne,False,70,55.4,70.5,France,38.0,cluster_1,83.0,75.0,50.0,90.9,60.0,60.3,88.8,0.0,97.1,16.0,1.0,0.0,0.0,0.22
lnr_12373,12373,joseph-patrick-powell,https://cdn.lnr.fr/joueur/12373-joseph-patrick-powell/photo/photoFull.7260593a1939529b8f58882fcd9327e3deee5c0d,J. Powell,Montauban,MTB,SCRUM_HALF,Demi de mêlée,2025-2026,16,720.0,45.0,8.44,,,0.22,,,,0.11,0.22,,,0.0,,,,,lnr,32.0,178.0,80.0,Irlande,90.81632653061224,61.53846153846154,60.7,61.4,1.0,11,0,5,95,30,73,0.0,38.1,↗,5,"[48.6, 21.1, 21.6, 81.0, 34.7]",100,1.26,Demi de mêlée,9,100,Haute,False,Moyenne,False,23,45.0,66.4,Australie,8.0,cluster_1,51.3,52.0,50.0,96.4,97.6,50.0,92.9,0.0,96.2,15.0,0.0,0.0,0.0,0.0
lnr_2307,2307,joe-quere-karaba,https://cdn.lnr.fr/joueur/2307-joe-quere-karaba/photo/photoFull.2eaacbd11c12f10f571df4cbac07c560d1665acd,J. Quere Karaba,Toulon,TLN,BACK_ROW,3ème ligne,2025-2026,9,473.0,52.6,10.99,,,0.0,,,,0.34,0.17,,,0.85,,,,,lnr,21.0,183.0,97.0,France,93.36734693877553,74.61538461538461,54.3,56.7,0.894,62,19,38,38,23,85,,40.0,↗,5,"[12.9, 55.1, 18.3, 91.8, 32.1]",80,-1.03,3ème Ligne,3L,89,Haute,False,Moyenne,False,87,8.0,,,,,,,,,,,,0.0,96.5,9.0,1.0,0.0,0.0,0.17
lnr_1083,1083,jerome-rey,https://cdn.lnr.fr/joueur/1083-jerome-rey/photo/photoFull.8e39a4ffde2d58962f9632bb5639326c8c077ac5,J. Rey,Lyon,LOU,FRONT_ROW,1ère ligne,2025-2026,14,615.0,43.9,15.61,,,0.0,,,,0.13,0.0,,,0.0,,,,,lnr,30.0,181.0,133.0,France,92.3469387755102,100.0,76.7,78.9,1.0,51,0,5,95,0,88,,75.3,↗,5,"[100, 67.3, 100, 100, 55.7]",100,2.61,1ère Ligne,1L,100,Haute,False,Moyenne,False,5,97.5,,,,,,,,,,,,0.0,94.2,15.0,0.0,0.0,0.0,0.0
lnr_13558,13558,james-thomas-ritchie,https://cdn.lnr.fr/joueur/13558-james-thomas-ritchie/photo/photoFull.b817331ae7e7f540e8505004318a8073270e5d10,J. Ritchie,Perpignan,PER,BACK_ROW,2ème ligne,2025-2026,11,811.0,73.7,22.89,,,0.79,,,,0.39,0.39,,,0.0,,,,,lnr,29.0,193.0,109.0,Grande-Bretagne,98.46938775510203,83.84615384615385,89.0,85.7,1.0,71,44,5,95,38,94,,49.1,→,5,"[48.7, 68.2, 60.2, 51.1, 57.6]",100,2.96,3ème Ligne,3L,100,Haute,False,Bonne,False,2,98.9,67.6,SCOT,41.0,cluster_1,72.7,68.2,50.0,91.5,62.5,58.6,83.7,0.0,62.6,11.0,0.0,0.0,0.0,0.0
lnr_1752,1752,juan-martin-scelzo,https://cdn.lnr.fr/joueur/1752-juan-martin-scelzo/photo/photoFull.af05d90330b88b7be458e288b68ca734babbf81c,J. Scelzo,Paris,SFP,BACK_ROW,3ème ligne,2025-2026,7,357.0,51.0,11.2,,,0.0,,,,0.0,0.45,,,2.24,,,,,lnr,24.0,192.0,110.0,France,97.95918367346938,84.61538461538461,62.9,63.4,0.798,0,50,95,40,57,94,,31.3,↘,5,"[46.7, 52.4, 34.0, 47.8, 18.3]",100,0.5,3ème Ligne,3L,80,Haute,False,Basse,False,62,35.1,,,,,,,,,,,,0.0,100.0,7.0,0.0,0.0,0.0,0.45
lnr_970,970,joel-antonio-sclavi,https://cdn.lnr.fr/joueur/970-joel-antonio-sclavi/photo/photoFull.7cb6d3e8fb1a9ef473f9440830017cd30be5f626,J. Sclavi,La Rochelle,LRO,FRONT_ROW,1ère ligne,2025-2026,5,137.0,27.4,5.26,,,0.0,,,,0.0,0.0,,,0.0,,,,,lnr,31.0,188.0,135.0,Argentine,95.91836734693877,100.0,57.0,63.7,0.591,0,0,5,0,0,98,,39.9,↗,5,"[10.7, 5.9, 13.3, 12.1, 100]",100,2.0,1ère Ligne,1L,59,Basse,True,Basse,True,89,43.6,62.7,Argentine,15.0,cluster_1,57.6,50.0,50.0,91.1,60.1,50.0,79.7,0.0,100.0,4.0,0.0,0.0,0.0,0.0
lnr_2353,2353,jeremy-sinzelle,https://cdn.lnr.fr/joueur/2353-jeremy-sinzelle/photo/photoFull.2eaacbd11c12f10f571df4cbac07c560d1665acd,J. Sinzelle,Toulon,TLN,WINGER,Ailier,2025-2026,14,898.0,64.1,7.48,,,0.09,,,,0.0,0.45,,,0.0,,,,,lnr,35.0,184.0,98.0,France,93.87755102040816,75.38461538461539,52.3,53.5,1.0,0,33,5,95,8,90,0.0,31.6,↗,5,"[19.9, 55.0, 24.8, 62.2, 19.4]",100,-0.67,Ailier,AIL,100,Haute,False,Bonne,False,41,2.4,,,,,,,,,,,,0.0,95.0,12.0,0.0,0.0,0.0,0.0
lnr_12442,12442,jeremy-paul-toevalu,https://cdn.lnr.fr/joueur/12442-jeremy-paul-toevalu/photo/photoFull.039853aece51426dfe9640ae473c2ba2420e6eb4,J. Toevalu,Toulon,TLN,FRONT_ROW,1ère ligne,2025-2026,3,94.0,31.3,4.26,,,0.0,,,,0.0,0.0,,,0.0,,,,,lnr,21.0,,,France,0.0,0.0,40.0,50.8,0.563,0,0,5,0,0,0,,11.2,→,3,"[8.1, 0, 22.6]",100,-1.03,1ère Ligne,1L,56,Basse,True,Basse,True,156,1.3,,,,,,,,,,,,0.0,,,0.0,0.0,0.0,0.0
lnr_1342,1342,juan-segundo-tuculet,https://cdn.lnr.fr/joueur/1342-juan-segundo-tuculet/photo/photoFull.28a7076c5091624b9d043c9f795307457230f77f,J. Tuculet,Montauban,MTB,CENTRE,Centre,2025-2026,8,556.0,69.5,2.59,,,0.0,,,,0.43,1.15,,,0.72,,,,,lnr,32.0,180.0,86.0,Italie,91.83673469387756,66.15384615384615,59.3,60.0,0.963,41,87,18,0,12,81,,17.0,↗,5,"[0, 4.8, 26.2, 25.2, 16.9]",80,1.26,Centre,CTR,96,Haute,False,Moyenne,False,63,15.5,70.4,Argentine,41.0,cluster_1,78.8,64.1,50.0,81.2,82.8,72.8,89.7,0.0,45.8,8.0,1.0,0.0,0.0,0.14
lnr_693,693,jacobus-van-tonder,https://cdn.lnr.fr/joueur/693-jacobus-van-tonder/photo/photoFull.746d583d9f8a2aa9c322b15ebadc8acc096151d2,J. Van Tonder,Perpignan,PER,LOCK,2ème ligne,2025-2026,12,724.0,60.3,13.26,,,0.55,,,,0.33,0.33,,,0.0,,,,,lnr,28.0,197.0,118.0,Afrique du Sud,100.0,90.76923076923076,81.3,79.1,1.0,95,28,5,82,38,95,,45.3,↘,5,"[80.0, 77.2, 51.7, 43.9, 43.5]",100,2.96,2ème Ligne,2L,100,Haute,False,Moyenne,False,3,97.1,,,,,,,,,,,,0.0,51.3,13.0,0.0,0.0,0.0,0.0
lnr_1756,1756,jeremy-charles-ward,https://cdn.lnr.fr/joueur/1756-jeremy-charles-ward/photo/photoFull.af05d90330b88b7be458e288b68ca734babbf81c,J. Ward,Paris,SFP,CENTRE,Centre,2025-2026,15,993.0,66.2,9.26,,,0.24,,,,0.73,0.56,,,2.42,,,,,lnr,,,,,0.0,0.0,70.7,69.0,1.0,70,43,61,95,66,0,,40.3,↗,5,"[30.8, 59.6, 48.4, 85.1, 17.0]",80,0.0,Centre,CTR,100,Haute,False,Bonne,False,23,70.3,,,,,,,,,,,,0.0,20.6,15.0,1.0,0.0,0.0,0.48
lnr_133,133,jon-zabala-arrieta,https://cdn.lnr.fr/joueur/133-jon-zabala-arrieta/photo/photoFull.bf4a801945c52387138b3325d9dd3bcf510292ab,J. Zabala Arrieta,Pau,PAU,FRONT_ROW,1ère ligne,2025-2026,4,109.0,27.2,15.41,,,0.73,,,,0.0,0.0,,,0.0,,,,,lnr,29.0,190.0,132.0,Espagne,96.93877551020408,100.0,86.4,80.1,0.573,0,0,5,95,38,95,,57.9,↗,5,"[60.1, 24.7, 100, 55.3, 55.3]",100,2.96,1ère Ligne,1L,57,Basse,True,Basse,True,2,99.4,,,,,,,,,,,,0.0,52.9,5.0,0.0,0.0,0.0,0.0
lnr_1853,1853,jack-maddocks,https://cdn.lnr.fr/joueur/1853-jack-maddocks/photo/photoFull.bf4a801945c52387138b3325d9dd3bcf510292ab,Jack Maddocks,Pau,PAU,FULLBACK,Arrière,2025-2026,13,923.0,71.0,2.86,,,0.0,,,,0.35,0.52,,,1.3,,,,,lnr,29.0,194.0,100.0,Australie,98.9795918367347,76.92307692307693,59.1,59.0,1.0,32,37,5,32,28,97,0.0,12.4,↘,5,"[32.1, 32.1, 9.8, 11.8, 1.8]",100,2.96,Arrière,ARR,100,Haute,False,Bonne,False,24,25.8,69.4,Australie,12.0,cluster_1,75.2,57.4,50.0,91.7,89.8,68.6,94.8,0.0,48.0,14.0,0.0,0.0,0.0,0.26
lnr_954,954,jack-nowell,https://cdn.lnr.fr/joueur/954-jack-nowell/photo/photoFull.7cb6d3e8fb1a9ef473f9440830017cd30be5f626,Jack Nowell,La Rochelle,LRO,WINGER,Ailier,2025-2026,14,945.0,67.5,3.81,,,0.0,,,,1.52,1.02,,,2.96,,,,,lnr,,,,,0.0,0.0,72.9,68.5,1.0,95,74,50,27,41,0,0.0100000000000002,18.0,→,5,"[25.3, 13.7, 10.5, 22.3, 21.0]",100,0.0,Ailier,AIL,100,Haute,False,Bonne,False,9,80.5,74.5,Angleterre,39.0,cluster_1,86.3,61.3,50.0,88.4,84.2,74.7,87.9,0.0,41.6,14.0,0.0,0.0,0.0,0.59
lnr_2425,2425,jack-willis,https://cdn.lnr.fr/joueur/2425-jack-willis/photo/photoFull.a2503fca1a2646233602741328f9c3f7893fa1e1,Jack Willis,Toulouse,TLS,BACK_ROW,3ème ligne,2025-2026,15,904.0,60.3,11.15,,,0.88,,,,0.44,1.68,,,1.77,,,,,lnr,29.0,190.0,112.0,Angleterre,96.93877551020408,86.15384615384616,89.4,86.0,1.0,80,95,79,40,85,95,,49.3,→,5,"[34.5, 40.6, 23.5, 100, 50.6]",100,2.96,3ème Ligne,3L,100,Haute,False,Bonne,False,1,100.0,70.7,Angleterre,9.0,cluster_1,54.5,50.0,50.0,91.8,92.2,67.4,81.1,0.0,0.0,16.0,0.0,0.0,0.0,0.35
lnr_2188,2188,janick-tarrit,https://cdn.lnr.fr/joueur/2188-janick-tarrit/photo/photoFull.adc08ec9b7d3893c2f7e5dff1eaf993d574fd073,Janick Tarrit,Racing 92,R92,FRONT_ROW,1ère ligne,2025-2026,13,700.0,53.8,13.6,,,0.11,,,,0.23,0.34,,,1.14,,,,,lnr,27.0,183.0,100.0,France,93.36734693877553,76.92307692307693,56.1,59.0,1.0,91,38,41,79,32,32,,59.6,↗,5,"[36.2, 68.7, 61.1, 71.0, 81.7]",20,2.61,1ère Ligne,1L,100,Haute,False,Moyenne,False,125,21.0,,,,,,,,,,,,0.0,100.0,14.0,0.0,0.0,1.0,0.23
lnr_838,838,janse-roux,https://cdn.lnr.fr/joueur/838-janse-roux/photo/photoFull.eff1aa9b4a9f2b351be13ae3eed38b31d19c422e,Janse Roux,Lyon,LOU,LOCK,2ème ligne,2025-2026,14,564.0,40.3,14.47,,,0.28,,,,0.0,0.0,,,0.0,,,,,lnr,28.0,,122.0,Afrique du Sud,0.0,93.84615384615384,64.3,69.8,0.97,0,0,5,95,19,11,,79.5,↗,5,"[85.7, 65.3, 68.7, 68.7, 100]",100,2.96,2ème Ligne,2L,97,Haute,False,Moyenne,False,16,78.3,74.4,Irlande,16.0,cluster_1,56.2,50.6,50.0,90.5,79.3,70.0,94.2,0.0,94.6,12.0,0.0,0.0,0.0,0.0
lnr_1433,1433,jeremie-maurouard,https://cdn.lnr.fr/joueur/1433-jeremie-maurouard/photo/photoFull.7260593a1939529b8f58882fcd9327e3deee5c0d,Jeremie Maurouard,Montauban,MTB,FRONT_ROW,1ère ligne,2025-2026,13,442.0,34.0,12.49,,,0.72,,,,0.18,1.45,,,2.71,,,,,lnr,33.0,180.0,95.0,France,91.83673469387756,73.07692307692307,73.9,71.0,0.868,71,95,95,66,95,28,,34.2,↗,5,"[0, 10.8, 57.0, 50.6, 41.8]",100,0.5,1ère Ligne,1L,87,Haute,False,Moyenne,False,29,81.8,,,,,,,,,,,,0.0,19.6,13.0,0.0,0.0,0.0,0.54
lnr_2232,2232,jimi-maximin,https://cdn.lnr.fr/joueur/2232-jimi-maximin/photo/photoFull.bf4a801945c52387138b3325d9dd3bcf510292ab,Jimi Maximin,Pau,PAU,LOCK,2ème ligne,2025-2026,17,758.0,44.6,12.45,,,0.53,,,,0.11,0.0,,,2.11,,,,,lnr,27.0,,133.0,France,0.0,100.0,68.7,68.8,1.0,40,0,95,70,93,15,,50.8,↗,5,"[72.3, 72.3, 100, 43.8, 30.0]",60,2.61,2ème Ligne,2L,100,Haute,False,Moyenne,False,17,76.8,,,,,,,,,,,,0.0,95.6,18.0,2.0,0.0,0.0,0.42
lnr_1955,1955,joaquin-oviedo,https://cdn.lnr.fr/joueur/1955-joaquin-oviedo/photo/photoFull.14f86258177c199d0ec3ee9450197974d20d92b1,Joaquin Oviedo,Perpignan,PER,BACK_ROW,3ème ligne,2025-2026,9,541.0,60.1,11.24,,,0.3,,,,0.44,0.59,,,1.48,,,,,lnr,24.0,191.0,113.0,Argentine,97.44897959183672,86.92307692307692,70.9,72.2,0.951,80,66,66,41,60,95,,61.9,↗,5,"[44.3, 89.7, 100, 90.6, 39.3]",100,0.5,3ème Ligne,3L,95,Haute,False,Moyenne,False,22,77.7,,,,,,,,,,,,0.0,6.2,10.0,0.0,0.0,0.0,0.3
lnr_11982,11982,job-poulet-1,https://cdn.lnr.fr/joueur/11982-job-poulet-1/photo/photoFull.14f86258177c199d0ec3ee9450197974d20d92b1,Job Poulet,Perpignan,PER,CENTRE,Centre,2025-2026,9,323.0,35.9,6.69,,,0.5,,,,0.25,0.74,,,0.0,,,,,lnr,22.0,180.0,79.0,France,91.83673469387756,60.76923076923077,68.5,65.2,0.769,24,56,5,61,38,76,,20.0,↘,5,"[0, 100, 36.2, 16.1, 0]",100,-0.67,Centre,CTR,77,Haute,False,Basse,False,38,49.3,,,,,,,,,,,,0.0,0.0,7.0,0.0,0.0,0.0,0.0
lnr_263,263,joe-jonas,https://cdn.lnr.fr/joueur/263-joe-jonas/photo/photoFull.6c61a78ea05a83cc6a420d4be67474b50364ae43,Joe Jonas,Paris,SFP,FULLBACK,Arrière,2025-2026,5,178.0,35.6,5.39,,,0.0,,,,1.35,0.45,,,2.25,,,,,lnr,25.0,180.0,90.0,Afrique du Sud,91.83673469387756,69.23076923076923,73.8,71.1,0.628,95,32,5,95,49,90,0.0,37.5,↗,5,"[40.3, 21.6, 14.3, 87.1, 33.7]",100,1.26,Arrière,ARR,63,Moyenne,True,Basse,False,3,93.5,,,,,,,,,,,,0.0,21.0,3.0,0.0,0.0,0.0,0.45
lnr_4000,4000,joe-simmonds,https://cdn.lnr.fr/joueur/4000-joe-simmonds/photo/photoFull.bf4a801945c52387138b3325d9dd3bcf510292ab,Joe Simmonds,Pau,PAU,FLY_HALF,Demi d'ouverture,2025-2026,7,392.0,56.0,2.86,,,0.0,,,,0.41,0.82,,,15.92,,,,,lnr,29.0,182.0,94.0,Grande-Bretagne,92.85714285714286,72.3076923076923,71.6,67.1,0.827,42,65,95,18,28,72,14.92,9.2,→,5,"[13.7, 0, 11.8, 4.6, 12.1]",100,2.96,Ouvreur,10,83,Haute,False,Basse,False,5,89.5,,,,,,,,,,,,0.0,52.9,7.0,0.0,0.0,0.0,0.2
lnr_1075,1075,joel-kpoku,https://cdn.lnr.fr/joueur/1075-joel-kpoku/photo/photoFull.bf4a801945c52387138b3325d9dd3bcf510292ab,Joel Kpoku,Pau,PAU,LOCK,2ème ligne,2025-2026,3,90.0,30.0,13.33,,,0.0,,,,0.0,0.0,,,0.0,,,,,lnr,26.0,196.0,114.0,Angleterre,100.0,87.6923076923077,60.9,68.5,0.56,0,0,5,83,0,93,,62.3,→,3,"[65.3, 32.8, 100]",100,2.0,2ème Ligne,2L,56,Basse,True,Basse,True,18,75.4,,,,,,,,,,,,0.0,95.1,3.0,0.0,0.0,0.0,0.0
lnr_13940,13940,john-iscaro,https://cdn.lnr.fr/joueur/13940-john-iscaro/photo/photoFull.eb7c8a121d72a5469d4eb6f17a32ea8cc568bf6c,John Iscaro,Paris,SFP,FRONT_ROW,1ère ligne,2025-2026,5,195.0,39.0,16.0,,,0.0,,,,0.0,0.0,,,2.05,,,,,lnr,28.0,187.0,122.0,Italie,95.40816326530611,93.84615384615384,73.5,74.2,0.645,0,0,73,95,44,75,,58.2,↗,4,"[42.7, 99.0, 54.6, 71.3]",100,2.96,1ère Ligne,1L,64,Moyenne,True,Basse,False,11,93.6,,,,,,,,,,,,0.0,99.5,4.0,0.0,0.0,0.0,0.41
lnr_11712,11712,jon-echegaray,https://cdn.lnr.fr/joueur/11712-jon-echegaray/photo/photoFull.4fad25dd8031cb5acc33df54f2c4151e7cc1c37a,Jon Echegaray,Bordeaux,BOR,WINGER,Ailier,2025-2026,4,238.0,59.5,1.34,,,0.0,,,,0.34,2.02,,,1.34,,,,,lnr,20.0,180.0,85.0,France,91.83673469387756,65.38461538461539,57.5,57.7,0.688,23,95,95,0,0,81,1.34,9.1,→,5,"[0, 24.4, 5.2, 5.7, 8.5]",100,-1.25,Ailier,AIL,69,Moyenne,True,Basse,True,35,17.1,,,,,,,,,,,,0.0,64.3,5.0,0.0,0.0,0.0,0.0
lnr_991,991,jonathan-danty,https://cdn.lnr.fr/joueur/991-jonathan-danty/photo/photoFull.f5ab75ea7c8f921ef2f66960c9e22eacb5e76013,Jonathan Danty,La Rochelle,LRO,CENTRE,Centre,2025-2026,2,141.0,70.5,6.24,,,0.0,,,,0.0,2.27,,,0.0,,,,,lnr,33.0,181.0,110.0,France,92.3469387755102,84.61538461538461,64.8,64.9,0.594,0,95,5,53,0,95,,26.0,→,2,"[33.3, 25.5]",100,0.5,Centre,CTR,59,Basse,True,Basse,True,40,47.3,71.6,France,20.0,cluster_1,70.1,74.2,50.0,91.6,75.5,70.5,85.6,0.0,,,0.0,0.0,0.0,0.0
lnr_1909,1909,jordan-joseph,https://cdn.lnr.fr/joueur/1909-jordan-joseph/photo/photoFull.d27019f52768bff9ad76599574dced3c5044bc4f,Jordan Joseph,Racing 92,R92,LOCK,2ème ligne,2025-2026,9,385.0,42.8,11.64,,,1.25,,,,0.0,0.62,,,3.12,,,,,lnr,25.0,189.0,115.0,France,96.42857142857144,88.46153846153845,81.3,79.4,0.821,0,52,95,59,95,91,,61.0,↗,5,"[15.8, 41.8, 60.9, 54.2, 100]",100,1.26,2ème Ligne,2L,82,Haute,False,Basse,False,2,98.6,76.7,Angleterre,37.0,cluster_1,80.4,69.0,50.0,89.7,89.3,80.1,97.4,0.1700000000000003,24.8,9.0,0.0,0.0,0.0,0.62
lnr_12799,12799,jordan-uelese,https://cdn.lnr.fr/joueur/12799-jordan-uelese/photo/photoFull.51bae4c81f5510244486dd81eab22f315e4675c1,Jordan Uelese,Montpellier,MHR,FRONT_ROW,1ère ligne,2025-2026,12,583.0,48.6,10.43,,,0.27,,,,0.14,0.27,,,2.74,,,,,lnr,29.0,189.0,116.0,Australie,96.42857142857144,89.23076923076924,67.4,67.9,0.986,55,30,95,42,74,66,,44.3,→,5,"[54.1, 41.8, 39.2, 53.6, 57.8]",100,2.96,1ère Ligne,1L,99,Haute,False,Moyenne,False,51,67.5,69.3,Australie,21.0,cluster_1,62.8,50.0,50.0,83.7,80.8,60.7,88.1,0.0,99.0,13.0,0.0,0.0,0.0,0.55
lnr_402,402,joris-jurand,https://cdn.lnr.fr/joueur/402-joris-jurand/photo/photoFull.b5e9990d9a31ede8327da9bafe6aeb896ea144f3,Joris Jurand,Clermont,CLR,CENTRE,Centre,2025-2026,12,891.0,74.2,3.05,,,0.0,,,,0.72,0.99,,,2.69,,,,,lnr,30.0,188.0,106.0,France,95.91836734693877,81.53846153846153,67.7,63.9,1.0,69,75,67,0,46,94,,13.9,→,5,"[20.2, 12.9, 26.8, 2.6, 14.4]",80,2.61,Centre,CTR,100,Haute,False,Bonne,False,46,39.2,,,,,,,,,,,,0.0,22.5,13.0,1.0,0.0,0.0,0.54
lnr_12425,12425,joseph-carbery,https://cdn.lnr.fr/joueur/12425-joseph-carbery/photo/photoFull.8733abdbcf1971661106014a189cf45096a409a1,Joseph Carbery,Bordeaux,BOR,FLY_HALF,Demi d'ouverture,2025-2026,8,379.0,47.4,4.64,,,0.0,,,,0.21,0.84,,,5.28,,,,,lnr,30.0,183.0,86.0,Irlande,93.36734693877553,66.15384615384615,59.9,64.8,0.816,21,67,54,49,0,66,5.28,12.7,↘,5,"[0, 32.1, 31.9, 19.4, 0]",100,2.61,Ouvreur,10,82,Haute,False,Basse,False,22,44.7,75.4,Irlande,40.0,cluster_1,63.2,74.6,73.1,87.9,91.2,66.3,96.8,0.0400000000000005,56.7,6.0,0.0,0.0,0.0,0.0
lnr_13640,13640,joseph-manu,https://cdn.lnr.fr/joueur/13640-joseph-manu/photo/photoFull.8b942e992ebb42fdd1ca819c8cb833427c776cef,Joseph Manu,Racing 92,R92,CENTRE,Centre,2025-2026,14,811.0,57.9,10.16,,,0.1,,,,0.39,1.28,,,0.49,,,,,lnr,29.0,192.0,102.0,Nouvelle Zélande,97.95918367346938,78.46153846153847,75.9,73.1,1.0,37,95,12,95,19,92,,35.1,↗,5,"[18.3, 33.7, 51.1, 30.1, 48.6]",80,2.96,Centre,CTR,100,Haute,False,Bonne,False,9,89.2,,,,,,,,,,,,0.0,74.3,12.0,1.0,0.0,0.0,0.1
lnr_11736,11736,joseph-marchant,https://cdn.lnr.fr/joueur/11736-joseph-marchant/photo/photoFull.af05d90330b88b7be458e288b68ca734babbf81c,Joseph Marchant,Paris,SFP,CENTRE,Centre,2025-2026,16,993.0,62.1,7.25,,,0.0,,,,0.32,0.16,,,0.81,,,,,lnr,,,,,0.0,0.0,54.4,60.7,1.0,31,12,20,71,14,0,,24.5,→,5,"[31.9, 19.5, 45.4, 35.4, 13.4]",100,0.0,Centre,CTR,100,Haute,False,Bonne,False,71,5.4,71.4,Angleterre,14.0,cluster_1,76.6,60.3,50.0,96.2,86.4,70.4,84.8,0.0,99.8,15.0,0.0,0.0,0.0,0.16
lnr_2492,2492,joshua-brennan,https://cdn.lnr.fr/joueur/2492-joshua-brennan/photo/photoFull.7ca2942712296b23bc0c05ee5ba8a7306bef7b5e,Joshua Brennan,Toulouse,TLS,LOCK,2ème ligne,2025-2026,11,601.0,54.6,10.25,,,0.13,,,,0.13,0.4,,,1.33,,,,,lnr,24.0,199.0,118.0,France,100.0,90.76923076923076,64.4,64.1,1.0,47,34,76,39,55,95,,37.0,↘,5,"[62.3, 30.9, 10.1, 73.3, 35.3]",100,0.5,2ème Ligne,2L,100,Haute,False,Moyenne,False,31,56.5,,,,,,,,,,,,0.0,56.0,12.0,0.0,0.0,0.0,0.27
lnr_1102,1102,josua-tuisova,https://cdn.lnr.fr/joueur/1102-josua-tuisova/photo/photoFull.96cda58e0f1e8428c122bb11e59b9c948b1d0d8b,Josua Tuisova,Racing 92,R92,WINGER,Ailier,2025-2026,15,835.0,55.7,7.76,,,0.67,,,,0.67,1.05,,,0.48,,,,,lnr,32.0,180.0,113.0,Fidji,91.83673469387756,86.92307692307692,62.3,61.4,1.0,46,77,5,95,45,95,0.0,44.2,↘,5,"[100, 25.5, 32.2, 40.0, 62.2]",0,1.26,Ailier,AIL,100,Haute,False,Bonne,False,26,39.0,,,,,,,,,,,,0.0,0.0,13.0,1.0,0.0,1.0,0.1
lnr_13790,13790,jovan-sreckovic,https://cdn.lnr.fr/joueur/13790-jovan-sreckovic/photo/photoFull.26dec662e84c737005260a65b33966bd7438db17,Jovan Sreckovic,Toulon,TLN,BACK_ROW,3ème ligne,2025-2026,1,65.0,65.0,6.15,,,0.0,,,,0.0,0.0,,,0.0,,,,,lnr,19.0,,,France,0.0,0.0,40.0,52.2,0.543,0,0,5,0,0,0,,21.8,→,1,[23.6],100,-1.38,3ème Ligne,3L,54,Basse,True,Basse,True,91,4.3,,,,,,,,,,,,0.0,,,0.0,0.0,0.0,0.0
lnr_2290,2290,jules-coulon,https://cdn.lnr.fr/joueur/2290-jules-coulon/photo/photoFull.2eaacbd11c12f10f571df4cbac07c560d1665acd,Jules Coulon,Toulon,TLN,BACK_ROW,3ème ligne,2025-2026,10,486.0,48.6,8.4,,,0.33,,,,0.0,0.33,,,0.0,,,,,lnr,23.0,189.0,104.0,France,96.42857142857144,80.0,56.8,59.0,0.905,0,37,5,5,22,90,,43.4,↗,5,"[20.7, 16.4, 68.7, 36.7, 68.7]",80,-0.16,3ème Ligne,3L,90,Haute,False,Moyenne,False,78,18.1,,,,,,,,,,,,0.0,92.5,10.0,1.0,0.0,0.0,0.0
lnr_1018,1018,jules-favre,https://cdn.lnr.fr/joueur/1018-jules-favre/photo/photoFull.7cb6d3e8fb1a9ef473f9440830017cd30be5f626,Jules Favre,La Rochelle,LRO,WINGER,Ailier,2025-2026,14,976.0,69.7,5.98,,,0.25,,,,0.82,0.25,,,2.05,,,,,lnr,,,,,0.0,0.0,61.1,59.0,1.0,56,18,5,68,52,0,0.0,20.6,↘,5,"[13.7, 51.1, 18.3, 19.2, 18.0]",80,0.0,Ailier,AIL,100,Haute,False,Bonne,False,30,29.3,,,,,,,,,,,,0.0,64.5,15.0,1.0,0.0,0.0,0.41
lnr_2445,2445,julien-marchand,https://cdn.lnr.fr/joueur/2445-julien-marchand/photo/photoFull.a2503fca1a2646233602741328f9c3f7893fa1e1,Julien Marchand,Toulouse,TLS,FRONT_ROW,1ère ligne,2025-2026,7,372.0,53.1,11.4,,,0.43,,,,0.0,1.94,,,4.3,,,,,lnr,30.0,181.0,110.0,France,92.3469387755102,84.61538461538461,73.1,72.8,0.81,0,95,95,54,84,48,,45.0,↘,5,"[89.1, 58.1, 45.5, 23.4, 64.3]",100,2.61,1ère Ligne,1L,81,Haute,False,Basse,False,21,87.3,80.2,France,28.0,cluster_1,97.3,91.7,50.0,90.1,57.0,70.1,89.4,0.5200000000000002,21.6,7.0,0.0,0.0,0.0,0.86
lnr_13817,13817,justo-piccardo,https://cdn.lnr.fr/joueur/13817-justo-piccardo/photo/photoFull.51bae4c81f5510244486dd81eab22f315e4675c1,Justo Piccardo,Montpellier,MHR,CENTRE,Centre,2025-2026,8,434.0,54.2,9.22,,,0.18,,,,0.37,0.18,,,1.84,,,,,lnr,24.0,183.0,105.0,Argentine,93.36734693877553,80.76923076923077,67.6,66.3,0.862,36,14,46,95,51,93,,36.8,→,5,"[55.0, 41.2, 41.2, 41.2, 40.0]",80,0.5,Centre,CTR,86,Haute,False,Moyenne,False,33,56.8,58.6,URUG,29.0,cluster_0,50.0,50.0,51.2,50.0,100.0,56.2,50.0,0.0,98.4,8.0,1.0,0.0,0.0,0.37
lnr_2391,2391,komiti-junior-alainuuese,https://cdn.lnr.fr/joueur/2391-komiti-junior-alainuuese/photo/photoFull.26dec662e84c737005260a65b33966bd7438db17,K. Alainuuese,Toulon,TLN,LOCK,2ème ligne,2025-2026,19,824.0,43.4,11.07,,,0.1,,,,0.0,0.78,,,1.94,,,,,lnr,32.0,,136.0,Samoa occidental,0.0,100.0,62.2,64.7,1.0,0,66,95,51,64,15,,55.3,↗,5,"[89.9, 34.7, 100, 55.9, 48.9]",100,1.26,2ème Ligne,2L,100,Haute,False,Bonne,False,30,58.0,,,,,,,,,,,,0.0,49.3,21.0,0.0,0.0,0.0,0.39
lnr_1375,1375,karl-anthony-martin,https://cdn.lnr.fr/joueur/1375-karl-anthony-martin/photo/photoFull.4cb2a4ab19ab443ff7739b68884b2f51b78c1bab,K. Martin,Montpellier,MHR,CENTRE,Centre,2025-2026,2,97.0,48.5,8.25,,,0.0,,,,0.0,0.0,,,0.0,,,,,lnr,24.0,189.0,100.0,Irlande,96.42857142857144,76.92307692307693,55.7,65.2,0.565,0,0,5,88,0,90,,61.7,→,3,"[23.6, 42.2, 100]",100,0.5,Centre,CTR,56,Basse,True,Basse,True,38,49.3,,,,,,,,,,,,0.0,,,0.0,0.0,0.0,0.0
lnr_2432,2432,kalvin-gourgues,https://cdn.lnr.fr/joueur/2432-kalvin-gourgues/photo/photoFull.a2503fca1a2646233602741328f9c3f7893fa1e1,Kalvin Gourgues,Toulouse,TLS,CENTRE,Centre,2025-2026,13,859.0,66.1,5.96,,,0.0,,,,1.02,1.21,,,3.91,,,,,lnr,21.0,184.0,93.0,France,93.87755102040816,71.53846153846153,76.0,72.8,1.0,95,92,95,49,47,85,,35.0,↗,5,"[57.5, 9.8, 25.5, 28.0, 60.9]",100,-1.03,Centre,CTR,100,Haute,False,Bonne,False,11,85.1,,,,,,,,,,,,0.0,36.1,13.0,0.0,0.0,0.0,0.56
lnr_360,360,kane-douglas,https://cdn.lnr.fr/joueur/360-kane-douglas/photo/photoFull.01e7e4177db166b370a81655ed844dbb271b4fe2,Kane Douglas,La Rochelle,LRO,LOCK,2ème ligne,2025-2026,10,451.0,45.1,9.22,,,0.35,,,,0.0,0.18,,,0.0,,,,,lnr,36.0,,119.0,Australie,0.0,91.53846153846152,51.6,55.8,0.876,0,15,5,24,24,10,,33.9,↘,5,"[56.5, 15.1, 35.5, 13.3, 60.9]",100,-1.03,2ème Ligne,2L,88,Haute,False,Moyenne,False,58,16.7,65.2,Australie,11.0,cluster_1,56.4,52.8,50.0,77.4,68.1,50.0,77.8,0.0,94.4,10.0,0.0,0.0,0.0,0.0
lnr_1030,1030,karl-sorin,https://cdn.lnr.fr/joueur/1030-karl-sorin/photo/photoFull.01e7e4177db166b370a81655ed844dbb271b4fe2,Karl Sorin,La Rochelle,LRO,FRONT_ROW,1ère ligne,2025-2026,9,349.0,38.8,6.65,,,0.0,,,,0.0,0.69,,,0.0,,,,,lnr,22.0,186.0,135.0,France,94.89795918367348,100.0,59.2,60.7,0.791,0,78,5,0,0,96,,31.9,↘,5,"[62.1, 37.3, 20.4, 20.4, 47.8]",100,-0.67,1ère Ligne,1L,79,Haute,False,Basse,False,116,26.8,,,,,,,,,,,,0.0,91.0,10.0,0.0,0.0,0.0,0.0
lnr_10149,10149,karl-wilkins,https://cdn.lnr.fr/joueur/10149-karl-wilkins/photo/photoFull.28a7076c5091624b9d043c9f795307457230f77f,Karl Wilkins,Montauban,MTB,LOCK,2ème ligne,2025-2026,14,685.0,48.9,10.39,,,0.58,,,,0.12,0.0,,,0.58,,,,,lnr,30.0,196.0,114.0,Angleterre,100.0,87.6923076923077,69.2,67.9,1.0,44,0,33,41,59,93,,36.7,↗,5,"[13.7, 16.2, 58.3, 71.4, 28.7]",80,2.61,2ème Ligne,2L,100,Haute,False,Moyenne,False,20,72.5,,,,,,,,,,,,0.0,50.2,14.0,1.0,0.0,0.0,0.12
lnr_1322,1322,kevin-firmin,https://cdn.lnr.fr/joueur/1322-kevin-firmin/photo/photoFull.28a7076c5091624b9d043c9f795307457230f77f,Kevin Firmin,Montauban,MTB,FRONT_ROW,1ère ligne,2025-2026,12,482.0,40.2,10.62,,,0.0,,,,0.17,0.0,,,0.83,,,,,lnr,33.0,181.0,108.0,France,92.3469387755102,83.07692307692308,55.1,57.2,0.902,67,0,30,44,18,44,,31.7,↘,5,"[71.8, 40.3, 43.2, 19.9, 32.8]",100,0.5,1ère Ligne,1L,90,Haute,False,Moyenne,False,135,14.0,,,,,,,,,,,,0.0,92.3,12.0,0.0,0.0,0.0,0.17
lnr_2282,2282,kieran-brookes,https://cdn.lnr.fr/joueur/2282-kieran-brookes/photo/photoFull.14f86258177c199d0ec3ee9450197974d20d92b1,Kieran Brookes,Perpignan,PER,FRONT_ROW,1ère ligne,2025-2026,16,752.0,47.0,8.09,,,0.0,,,,0.0,0.11,,,0.0,,,,,lnr,35.0,187.0,120.0,Grande-Bretagne,95.40816326530611,92.3076923076923,50.5,51.0,1.0,0,12,5,15,0,71,,25.9,↘,5,"[56.5, 7.6, 5.9, 26.0, 42.2]",80,-0.67,1ère Ligne,1L,100,Haute,False,Moyenne,False,155,1.9,,,,,,,,,,,,0.0,94.1,16.0,1.0,0.0,0.0,0.0
lnr_1105,1105,killian-geraci,https://cdn.lnr.fr/joueur/1105-killian-geraci/photo/photoFull.8e39a4ffde2d58962f9632bb5639326c8c077ac5,Killian Geraci,Lyon,LOU,LOCK,2ème ligne,2025-2026,10,457.0,45.7,13.48,,,0.18,,,,0.0,0.0,,,1.75,,,,,lnr,27.0,,115.0,France,0.0,88.46153846153845,64.8,68.3,0.881,0,0,95,85,69,9,,59.7,↘,5,"[58.9, 100, 100, 20.7, 68.7]",100,2.61,2ème Ligne,2L,88,Haute,False,Moyenne,False,19,73.9,,,,,,,,,,,,0.0,92.7,10.0,0.0,0.0,0.0,0.35
lnr_11554,11554,killian-tixeront,https://cdn.lnr.fr/joueur/11554-killian-tixeront/photo/photoFull.b5e9990d9a31ede8327da9bafe6aeb896ea144f3,Killian Tixeront,Clermont,CLR,BACK_ROW,3ème ligne,2025-2026,16,931.0,58.2,9.71,,,0.0,,,,0.34,0.09,,,0.86,,,,,lnr,24.0,196.0,107.0,France,100.0,82.3076923076923,55.6,57.9,1.0,62,10,39,22,23,93,,44.1,↘,5,"[46.7, 100, 55.7, 64.2, 15.8]",100,0.5,3ème Ligne,3L,100,Haute,False,Bonne,False,84,11.7,,,,,,,,,,,,0.0,92.7,15.0,0.0,0.0,0.0,0.17
lnr_13500,13500,kirill-fraindt,https://cdn.lnr.fr/joueur/13500-kirill-fraindt/photo/photoFull.01e7e4177db166b370a81655ed844dbb271b4fe2,Kirill Fraindt,La Rochelle,LRO,BACK_ROW,3ème ligne,2025-2026,7,298.0,42.6,5.37,,,0.27,,,,0.81,0.0,,,1.34,,,,,lnr,19.0,,,Russie,0.0,0.0,48.8,52.0,0.748,95,0,60,0,54,0,,16.8,↘,5,"[40.8, 0, 4.6, 31.1, 16.4]",80,-1.38,3ème Ligne,3L,75,Moyenne,True,Basse,False,92,3.2,,,,,,,,,,,,0.0,67.2,5.0,1.0,0.0,0.0,0.27
lnr_12366,12366,kleo-labarbe,https://cdn.lnr.fr/joueur/12366-kleo-labarbe/photo/photoFull.8b942e992ebb42fdd1ca819c8cb833427c776cef,Kleo Labarbe,Racing 92,R92,SCRUM_HALF,Demi de mêlée,2025-2026,6,236.0,39.3,7.8,,,0.0,,,,0.0,0.34,,,0.0,,,,,lnr,21.0,175.0,65.0,France,89.28571428571429,50.0,50.6,57.9,0.686,0,9,5,85,0,42,0.0,41.5,↗,5,"[34.0, 29.5, 37.3, 3.6, 93.2]",100,-1.03,Demi de mêlée,9,69,Moyenne,True,Basse,False,31,25.0,,,,,,,,,,,,0.0,96.4,5.0,0.0,0.0,0.0,0.0
lnr_1793,1793,kylan-hamdaoui,https://cdn.lnr.fr/joueur/1793-kylan-hamdaoui/photo/photoFull.b5e9990d9a31ede8327da9bafe6aeb896ea144f3,Kylan Hamdaoui,Clermont,CLR,FULLBACK,Arrière,2025-2026,13,834.0,64.2,2.21,,,0.1,,,,1.25,0.67,,,2.4,,,,,lnr,32.0,182.0,91.0,France,92.85714285714286,70.0,70.7,67.4,1.0,95,47,5,14,72,91,0.0,21.3,→,5,"[23.6, 56.5, 36.7, 24.9, 3.3]",100,1.26,Arrière,ARR,100,Haute,False,Bonne,False,6,83.9,,,,,,,,,,,,0.0,25.8,10.0,0.0,0.0,0.0,0.48
lnr_12566,12566,kyle-sinckler-1,https://cdn.lnr.fr/joueur/12566-kyle-sinckler-1/photo/photoFull.26dec662e84c737005260a65b33966bd7438db17,Kyle Sinckler,Toulon,TLN,FRONT_ROW,1ère ligne,2025-2026,14,667.0,47.6,11.39,,,0.12,,,,0.12,0.12,,,0.0,,,,,lnr,33.0,182.0,122.0,Grande-Bretagne,92.85714285714286,93.84615384615384,64.0,64.5,1.0,47,13,5,54,8,70,,43.0,↘,5,"[34.0, 81.7, 39.9, 38.6, 54.6]",100,0.5,1ère Ligne,1L,100,Haute,False,Moyenne,False,81,48.7,74.8,Angleterre,70.0,cluster_1,93.0,77.0,50.0,88.8,63.8,76.3,86.3,0.0,92.5,16.0,0.0,0.0,0.0,0.0
lnr_1284,1284,kyllian-ringuet,https://cdn.lnr.fr/joueur/1284-kyllian-ringuet/photo/photoFull.7260593a1939529b8f58882fcd9327e3deee5c0d,Kyllian Ringuet,Montauban,MTB,BACK_ROW,3ème ligne,2025-2026,15,996.0,66.4,14.86,,,0.16,,,,0.32,0.88,,,1.61,,,,,lnr,,,,,0.0,0.0,69.1,69.1,1.0,58,95,72,86,54,0,,48.4,↘,5,"[55.0, 79.9, 57.6, 65.5, 41.1]",100,0.0,3ème Ligne,3L,100,Haute,False,Bonne,False,33,65.4,,,,,,,,,,,,0.0,62.5,16.0,0.0,0.0,0.0,0.32
lnr_1052,1052,liam-robson-allen,https://cdn.lnr.fr/joueur/1052-liam-robson-allen/photo/photoFull.8e39a4ffde2d58962f9632bb5639326c8c077ac5,L. Allen,Lyon,LOU,BACK_ROW,3ème ligne,2025-2026,10,486.0,48.6,16.63,,,1.32,,,,0.0,0.16,,,0.82,,,,,lnr,26.0,191.0,105.0,Nouvelle Zélande,97.44897959183672,80.76923076923077,85.3,81.6,0.905,0,18,37,95,59,91,,49.9,↘,5,"[100, 100, 74.0, 50.4, 1.4]",100,2.0,3ème Ligne,3L,90,Haute,False,Moyenne,False,3,97.9,,,,,,,,,,,,0.0,61.0,10.0,0.0,0.0,0.0,0.16
lnr_12674,12674,lucas-andjisseramatchi,https://cdn.lnr.fr/joueur/12674-lucas-andjisseramatchi/photo/photoFull.01e7e4177db166b370a81655ed844dbb271b4fe2,L. Andjisseramatchi,La Rochelle,LRO,BACK_ROW,3ème ligne,2025-2026,10,223.0,22.3,12.91,,,0.36,,,,0.0,0.36,,,0.0,,,,,lnr,20.0,188.0,102.0,France,95.91836734693877,78.46153846153847,65.8,65.2,0.673,0,40,5,62,24,89,,33.1,↘,5,"[100, 21.6, 62.1, 0, 42.7]",100,-1.25,3ème Ligne,3L,67,Moyenne,True,Basse,False,52,45.2,,,,,,,,,,,,0.0,44.6,6.0,0.0,0.0,0.0,0.0
lnr_277,277,louis-bielle-biarrey,https://cdn.lnr.fr/joueur/277-louis-bielle-biarrey/photo/photoFull.dcb886cd35479c542abefe5a2fb2ff29300d8c42,L. Bielle-biarrey,Bordeaux,BOR,WINGER,Arrière,2025-2026,10,713.0,71.3,2.58,,,0.0,,,,1.91,0.9,,,5.61,,,,,lnr,22.0,184.0,83.0,France,93.87755102040816,63.84615384615384,79.6,73.3,1.0,95,66,50,4,57,81,0.0099999999999997,18.0,↗,5,"[26.2, 4.9, 10.5, 34.7, 15.1]",80,-0.67,Ailier,AIL,100,Haute,False,Moyenne,False,5,90.2,,,,,,,,,,,,0.0,46.8,11.0,1.0,0.0,0.0,1.12
lnr_585,585,levan-chilachava,https://cdn.lnr.fr/joueur/585-levan-chilachava/photo/photoFull.bf7e6b3668f1d7c40821cbfca4c5f267bcf81dfe,L. Chilachava,Castres,CAS,FRONT_ROW,1ère ligne,2025-2026,8,195.0,24.4,6.56,,,0.0,,,,0.0,0.41,,,0.0,,,,,lnr,34.0,188.0,133.0,Géorgie,95.91836734693877,100.0,53.1,69.4,0.645,0,46,5,0,0,95,,22.7,↘,5,"[64.3, 34.7, 17.0, 0, 36.2]",60,-0.16,1ère Ligne,1L,64,Moyenne,True,Basse,False,142,10.2,79.5,GEORG,27.0,cluster_0,56.0,50.2,50.0,95.2,85.8,62.3,92.2,0.4499999999999999,100.0,3.0,2.0,0.0,0.0,0.0
lnr_2709,2709,leon-darricarrere,https://cdn.lnr.fr/joueur/2709-leon-darricarrere/photo/photoFull.b5e9990d9a31ede8327da9bafe6aeb896ea144f3,L. Darricarrere,Clermont,CLR,CENTRE,Centre,2025-2026,11,761.0,69.2,4.63,,,0.0,,,,0.32,0.53,,,0.53,,,,,lnr,21.0,187.0,98.0,France,95.40816326530611,75.38461538461539,56.8,55.4,1.0,31,40,13,26,9,89,,18.3,↘,5,"[43.2, 28.8, 15.6, 25.8, 7.4]",100,-1.03,Centre,CTR,100,Haute,False,Moyenne,False,67,10.8,,,,,,,,,,,,0.0,54.5,12.0,0.0,0.0,0.0,0.11
lnr_1457,1457,louis-foursans-bourdette,https://cdn.lnr.fr/joueur/1457-louis-foursans-bourdette/photo/photoFull.eb7c8a121d72a5469d4eb6f17a32ea8cc568bf6c,L. Foursans Bourdette,Paris,SFP,FLY_HALF,Demi d'ouverture,2025-2026,2,80.0,40.0,9.0,,,0.0,,,,1.0,0.0,,,9.0,,,,,lnr,24.0,170.0,80.0,France,86.73469387755102,61.53846153846154,65.7,66.6,0.553,95,0,91,95,0,28,9.0,35.1,→,1,[39.9],100,0.5,Ouvreur,10,55,Basse,True,Basse,True,6,86.8,,,,,,,,,,,,0.0,,,0.0,0.0,0.0,0.0
lnr_560,560,lois-guerois-galisson,https://cdn.lnr.fr/joueur/560-lois-guerois-galisson/photo/photoFull.bf7e6b3668f1d7c40821cbfca4c5f267bcf81dfe,L. Guerois Galisson,Castres,CAS,FRONT_ROW,1ère ligne,2025-2026,18,723.0,40.2,12.5,,,0.0,,,,0.0,0.0,,,0.55,,,,,lnr,24.0,192.0,122.0,France,97.95918367346938,93.84615384615384,63.0,65.1,1.0,0,0,20,66,12,78,,54.7,↘,5,"[87.1, 76.9, 11.4, 100, 42.0]",100,0.5,1ère Ligne,1L,100,Haute,False,Moyenne,False,78,50.6,,,,,,,,,,,,0.0,89.5,19.0,0.0,0.0,0.0,0.11
lnr_317,317,lekso-kaulashvili,https://cdn.lnr.fr/joueur/317-lekso-kaulashvili/photo/photoFull.bf4a801945c52387138b3325d9dd3bcf510292ab,L. Kaulashvili,Pau,PAU,FRONT_ROW,1ère ligne,2025-2026,10,484.0,48.4,9.75,,,0.0,,,,0.0,0.0,,,0.83,,,,,lnr,33.0,185.0,132.0,Géorgie,94.3877551020408,100.0,60.0,60.0,0.903,0,0,30,34,18,90,,30.3,↗,5,"[28.0, 28.0, 39.4, 43.9, 28.0]",80,0.5,1ère Ligne,1L,90,Haute,False,Moyenne,False,119,24.5,,,,,,,,,,,,0.0,93.6,12.0,1.0,0.0,0.0,0.17
lnr_2008,2008,leon-seilala-lam,https://cdn.lnr.fr/joueur/2008-leon-seilala-lam/photo/photoFull.81ae2ff3cf645856004e61f820bf6824a1fce987,L. Lam,Clermont,CLR,FRONT_ROW,1ère ligne,2025-2026,1,94.0,,5.11,,,0.0,,,,0.0,0.0,,,0.0,,,,,lnr,37.0,183.0,102.0,Samoa américain,93.36734693877553,78.46153846153847,40.0,65.3,0.563,0,0,5,0,0,36,,18.3,↗,4,"[11.4, 44.3, 19.9, 9.5]",100,-1.25,1ère Ligne,1L,56,Basse,True,Basse,True,153,2.9,74.9,SAMOA,18.0,cluster_0,58.1,53.6,50.0,90.8,81.7,55.4,88.8,0.0,100.0,3.0,0.0,0.0,0.0,0.0
lnr_1824,1824,latu-silatolu-latu,https://cdn.lnr.fr/joueur/1824-latu-silatolu-latu/photo/photoFull.7cb6d3e8fb1a9ef473f9440830017cd30be5f626,L. Latu,La Rochelle,LRO,FRONT_ROW,1ère ligne,2025-2026,12,537.0,44.8,6.7,,,0.74,,,,0.15,0.89,,,1.49,,,,,lnr,33.0,178.0,110.0,Tonga,90.81632653061224,84.61538461538461,65.0,62.4,0.948,59,95,53,0,70,45,,17.2,↗,5,"[9.0, 25.3, 34.9, 37.5, 0]",100,0.5,1ère Ligne,1L,95,Haute,False,Moyenne,False,100,36.9,72.6,Australie,26.0,cluster_1,75.7,91.7,50.0,86.6,51.5,68.3,86.4,0.0,4.1,12.0,0.0,0.0,0.0,0.3
lnr_12565,12565,lehopoame-leota,https://cdn.lnr.fr/joueur/12565-lehopoame-leota/photo/photoFull.8b942e992ebb42fdd1ca819c8cb833427c776cef,L. Leota,Racing 92,R92,FRONT_ROW,1ère ligne,2025-2026,1,43.0,43.0,9.3,,,0.0,,,,0.0,0.0,,,0.0,,,,,lnr,19.0,175.0,130.0,Nouvelle Zélande,89.28571428571429,100.0,57.8,61.8,0.529,0,0,5,29,0,77,,31.3,→,1,[35.3],100,-1.38,1ère Ligne,1L,53,Basse,True,Basse,True,104,34.4,,,,,,,,,,,,0.0,,,0.0,0.0,0.0,0.0
lnr_12343,12343,leo-michaux-vargas,https://cdn.lnr.fr/joueur/12343-leo-michaux-vargas/photo/photoFull.81ae2ff3cf645856004e61f820bf6824a1fce987,L. Michaux Vargas,Clermont,CLR,LOCK,2ème ligne,2025-2026,4,183.0,45.8,8.31,,,0.44,,,,0.0,0.87,,,0.0,,,,,lnr,18.0,,125.0,France,0.0,96.15384615384616,55.5,63.1,0.633,0,74,5,11,30,12,,59.2,↗,5,"[15.1, 4.6, 34.2, 100, 80.0]",100,-1.45,2ème Ligne,2L,63,Moyenne,True,Basse,True,36,48.6,,,,,,,,,,,,0.0,42.0,4.0,0.0,0.0,0.0,0.0
lnr_416,416,lucas-martin-paulos-adler,https://cdn.lnr.fr/joueur/416-lucas-martin-paulos-adler/photo/photoFull.1d6a32f7ce4a12d423552fb50b73687ec52ba345,L. Paulos Adler,Bayonne,BAY,LOCK,2ème ligne,2025-2026,13,762.0,58.6,9.03,,,0.21,,,,0.0,0.1,,,1.05,,,,,lnr,28.0,199.0,123.0,Espagne,100.0,94.6153846153846,60.8,63.5,1.0,0,8,60,21,50,97,,32.5,↗,5,"[40.3, 0, 44.3, 50.4, 36.7]",100,2.96,2ème Ligne,2L,100,Haute,False,Moyenne,False,44,37.7,74.7,Argentine,10.0,cluster_1,50.0,50.0,50.0,50.0,94.0,50.0,86.3,0.0,94.9,14.0,0.0,0.0,0.0,0.21
lnr_1027,1027,louis-keziah-penverne,https://cdn.lnr.fr/joueur/1027-louis-keziah-penverne/photo/photoFull.01e7e4177db166b370a81655ed844dbb271b4fe2,L. Penverne,La Rochelle,LRO,FRONT_ROW,1ère ligne,2025-2026,8,256.0,32.0,8.44,,,0.62,,,,0.31,0.94,,,1.56,,,,,lnr,23.0,187.0,111.0,France,95.40816326530611,85.38461538461539,68.0,66.7,0.706,95,95,56,19,71,55,,32.4,↘,5,"[45.9, 100, 8.5, 31.8, 28.7]",100,-0.16,1ère Ligne,1L,71,Moyenne,True,Basse,False,66,58.6,,,,,,,,,,,,0.0,55.7,6.0,0.0,0.0,0.0,0.31
lnr_1779,1779,lucas-peyresblanques,https://cdn.lnr.fr/joueur/1779-lucas-peyresblanques/photo/photoFull.af05d90330b88b7be458e288b68ca734babbf81c,L. Peyresblanques,Paris,SFP,FRONT_ROW,1ère ligne,2025-2026,16,507.0,31.7,12.47,,,0.16,,,,0.32,0.32,,,1.58,,,,,lnr,28.0,181.0,96.0,France,92.3469387755102,73.84615384615385,63.9,67.1,0.922,95,36,56,66,44,29,,57.0,↘,5,"[56.5, 100, 100, 69.5, 21.6]",100,2.96,1ère Ligne,1L,92,Haute,False,Moyenne,False,58,63.1,,,,,,,,,,,,0.0,93.4,12.0,0.0,0.0,0.0,0.32
lnr_1911,1911,lekima-vuda-tagitagivalu,https://cdn.lnr.fr/joueur/1911-lekima-vuda-tagitagivalu/photo/photoFull.d27019f52768bff9ad76599574dced3c5044bc4f,L. Tagitagivalu,Racing 92,R92,LOCK,2ème ligne,2025-2026,14,641.0,45.8,14.23,,,0.75,,,,0.12,0.25,,,0.62,,,,,lnr,30.0,195.0,110.0,Fidji,99.48979591836736,84.61538461538461,84.0,81.0,1.0,44,21,36,95,59,92,,44.1,↘,5,"[85.8, 49.3, 43.5, 28.7, 62.2]",100,2.61,2ème Ligne,2L,100,Haute,False,Moyenne,False,1,100.0,,,,,,,,,,,,0.0,64.6,15.0,0.0,0.0,0.0,0.12
lnr_68,68,loris-zarantonello,https://cdn.lnr.fr/joueur/68-loris-zarantonello/photo/photoFull.50e0d211418fb8267083232d5e5561b6e88fe79f,L. Zarantonello,Castres,CAS,FRONT_ROW,1ère ligne,2025-2026,10,303.0,30.3,15.31,,,0.0,,,,0.0,0.0,,,2.64,,,,,lnr,25.0,183.0,102.0,France,93.36734693877553,78.46153846153847,62.4,65.9,0.752,0,0,94,95,57,36,,50.0,↘,5,"[100, 44.8, 33.3, 48.7, 62.1]",100,1.26,1ère Ligne,1L,75,Haute,False,Basse,False,70,55.4,,,,,,,,,,,,0.0,93.2,7.0,0.0,0.0,0.0,0.53
lnr_1376,1376,lenni-nouchi,https://cdn.lnr.fr/joueur/1376-lenni-nouchi/photo/photoFull.4cb2a4ab19ab443ff7739b68884b2f51b78c1bab,Lenni Nouchi,Montpellier,MHR,BACK_ROW,3ème ligne,2025-2026,14,980.0,70.0,10.78,,,0.0,,,,0.82,0.49,,,2.45,,,,,lnr,22.0,192.0,106.0,France,97.95918367346938,81.53846153846153,64.6,65.5,1.0,95,55,95,35,57,92,,49.7,↗,5,"[63.6, 44.4, 53.8, 53.8, 65.5]",100,-0.67,3ème Ligne,3L,100,Haute,False,Bonne,False,49,48.4,,,,,,,,,,,,0.0,65.5,15.0,0.0,0.0,0.0,0.49
lnr_1001,1001,leo-aouf,https://cdn.lnr.fr/joueur/1001-leo-aouf/photo/photoFull.28a7076c5091624b9d043c9f795307457230f77f,Leo Aouf,Montauban,MTB,FRONT_ROW,1ère ligne,2025-2026,8,273.0,34.1,8.79,,,0.0,,,,0.0,0.0,,,0.0,,,,,lnr,29.0,182.0,120.0,France,92.85714285714286,92.3076923076923,56.9,61.2,0.723,0,0,5,23,0,67,,29.2,↘,5,"[48.7, 46.0, 60.9, 17.9, 20.7]",100,2.96,1ère Ligne,1L,72,Moyenne,True,Basse,False,111,29.6,,,,,,,,,,,,0.0,94.0,8.0,0.0,0.0,0.0,0.0
lnr_575,575,leone-nakarawa,https://cdn.lnr.fr/joueur/575-leone-nakarawa/photo/photoFull.bf7e6b3668f1d7c40821cbfca4c5f267bcf81dfe,Leone Nakarawa,Castres,CAS,LOCK,2ème ligne,2025-2026,4,122.0,30.5,5.9,,,0.0,,,,0.0,3.93,,,0.0,,,,,lnr,38.0,,115.0,Fidji,0.0,88.46153846153845,47.6,73.3,0.581,0,95,5,0,0,9,,42.8,↗,4,"[9.4, 17.5, 79.2, 57.5]",100,-1.38,2ème Ligne,2L,58,Basse,True,Basse,True,48,31.9,83.2,FIJI,31.0,cluster_0,96.4,96.5,50.0,92.4,50.0,91.7,92.5,0.8200000000000003,82.4,3.0,0.0,0.0,0.0,0.0
lnr_1788,1788,lester-etien,https://cdn.lnr.fr/joueur/1788-lester-etien/photo/photoFull.af05d90330b88b7be458e288b68ca734babbf81c,Lester Etien,Paris,SFP,CENTRE,Centre,2025-2026,5,282.0,56.4,5.11,,,0.0,,,,0.57,0.85,,,0.0,,,,,lnr,30.0,180.0,93.0,France,91.83673469387756,71.53846153846153,65.8,65.7,0.732,55,65,5,34,0,85,,26.1,↘,5,"[28.8, 27.8, 4.8, 19.0, 47.8]",100,2.61,Centre,CTR,73,Moyenne,True,Basse,False,35,53.4,,,,,,,,,,,,0.0,50.3,5.0,0.0,0.0,0.0,0.0
lnr_4957,4957,lewis-bean,https://cdn.lnr.fr/joueur/4957-lewis-bean/photo/photoFull.7260593a1939529b8f58882fcd9327e3deee5c0d,Lewis Bean,Montauban,MTB,LOCK,2ème ligne,2025-2026,5,147.0,29.4,8.71,,,0.0,,,,0.0,0.0,,,0.0,,,,,lnr,34.0,,129.0,Angleterre,0.0,99.23076923076924,40.8,52.9,0.598,0,0,5,17,0,13,,33.4,↗,5,"[51.8, 0, 38.6, 24.2, 58.3]",80,-0.16,2ème Ligne,2L,60,Basse,True,Basse,True,63,10.1,,,,,,,,,,,,0.0,100.0,4.0,1.0,0.0,0.0,0.0
lnr_553,553,louis-le-brun,https://cdn.lnr.fr/joueur/553-louis-le-brun/photo/photoFull.bf7e6b3668f1d7c40821cbfca4c5f267bcf81dfe,Louis Le Brun,Castres,CAS,FLY_HALF,Demi d'ouverture,2025-2026,3,177.0,59.0,2.71,,,0.45,,,,0.0,0.45,,,6.78,,,,,lnr,24.0,188.0,100.0,France,95.91836734693877,76.92307692307693,56.8,59.1,0.627,0,36,69,15,38,97,6.78,12.3,→,3,"[19.0, 0, 17.0]",100,0.5,Ouvreur,10,63,Moyenne,True,Basse,True,24,39.5,,,,,,,,,,,,0.0,,,0.0,0.0,0.0,0.0
lnr_11838,11838,louka-guilhot,https://cdn.lnr.fr/joueur/11838-louka-guilhot/photo/photoFull.bf7e6b3668f1d7c40821cbfca4c5f267bcf81dfe,Louka Guilhot,Castres,CAS,FLY_HALF,Demi d'ouverture,2025-2026,6,163.0,27.2,5.4,,,0.0,,,,0.0,0.49,,,3.93,,,,,lnr,20.0,183.0,80.0,France,93.36734693877553,61.53846153846154,51.6,56.5,0.613,0,39,40,62,0,59,3.93,17.6,→,5,"[0, 38.6, 34.7, 0, 25.3]",100,-1.25,Ouvreur,10,61,Moyenne,True,Basse,False,31,21.1,,,,,,,,,,,,0.0,8.3,3.0,0.0,0.0,0.0,0.0
lnr_1678,1678,loic-credoz,https://cdn.lnr.fr/joueur/1678-loic-credoz/photo/photoFull.bf4a801945c52387138b3325d9dd3bcf510292ab,Loïc Credoz,Pau,PAU,BACK_ROW,3ème ligne,2025-2026,16,779.0,48.7,11.4,,,0.31,,,,0.1,0.0,,,0.0,,,,,lnr,26.0,189.0,108.0,France,96.42857142857144,83.07692307692308,63.4,64.9,1.0,18,0,5,43,21,92,,48.4,↗,5,"[22.9, 54.1, 54.1, 83.4, 46.8]",100,2.0,3ème Ligne,3L,100,Haute,False,Moyenne,False,55,42.6,,,,,,,,,,,,0.0,100.0,18.0,0.0,0.0,0.0,0.0
lnr_661,661,lucas-dessaigne,https://cdn.lnr.fr/joueur/661-lucas-dessaigne/photo/photoFull.b5e9990d9a31ede8327da9bafe6aeb896ea144f3,Lucas Dessaigne,Clermont,CLR,BACK_ROW,3ème ligne,2025-2026,10,364.0,36.4,16.92,,,0.0,,,,0.0,0.0,,,1.1,,,,,lnr,27.0,188.0,96.0,France,95.91836734693877,73.84615384615385,65.4,70.9,0.803,0,0,49,95,30,86,,80.8,↗,5,"[88.9, 80.0, 100, 68.7, 66.4]",80,2.61,3ème Ligne,3L,80,Haute,False,Basse,False,26,73.4,,,,,,,,,,,,0.0,100.0,7.0,1.0,0.0,0.0,0.22
lnr_2010,2010,lucas-dubois,https://cdn.lnr.fr/joueur/2010-lucas-dubois/photo/photoFull.b817331ae7e7f540e8505004318a8073270e5d10,Lucas Dubois,Perpignan,PER,WINGER,Ailier,2025-2026,7,503.0,71.9,2.39,,,0.0,,,,0.64,0.32,,,0.8,,,,,lnr,27.0,182.0,88.0,France,92.85714285714286,67.6923076923077,56.3,55.1,0.919,44,23,5,0,11,83,0.0,9.1,↗,5,"[9.8, 0, 15.7, 0.4, 13.7]",80,2.61,Ailier,AIL,92,Haute,False,Moyenne,False,39,7.3,,,,,,,,,,,,0.0,44.9,7.0,1.0,0.0,0.0,0.16
lnr_2102,2102,lucas-martin,https://cdn.lnr.fr/joueur/2102-lucas-martin/photo/photoFull.1d6a32f7ce4a12d423552fb50b73687ec52ba345,Lucas Martin,Bayonne,BAY,FRONT_ROW,1ère ligne,2025-2026,17,636.0,37.4,11.82,,,0.25,,,,0.5,0.63,,,3.77,,,,,lnr,23.0,185.0,96.0,France,94.3877551020408,73.84615384615385,64.2,68.0,1.0,95,71,95,59,73,33,,72.2,↗,5,"[55.0, 47.8, 28.9, 87.5, 100]",100,-0.16,1ère Ligne,1L,100,Haute,False,Moyenne,False,49,69.1,,,,,,,,,,,,0.0,39.1,16.0,0.0,0.0,0.0,0.75
lnr_1896,1896,lucas-rey,https://cdn.lnr.fr/joueur/1896-lucas-rey/photo/photoFull.bf4a801945c52387138b3325d9dd3bcf510292ab,Lucas Rey,Pau,PAU,FRONT_ROW,1ère ligne,2025-2026,12,453.0,37.8,12.72,,,0.35,,,,0.18,0.35,,,2.65,,,,,lnr,28.0,175.0,92.0,France,89.28571428571429,70.76923076923077,67.0,69.3,0.878,71,39,95,69,79,22,,54.5,↘,5,"[48.8, 100, 62.8, 49.7, 42.0]",100,2.96,1ère Ligne,1L,88,Haute,False,Moyenne,False,41,74.2,,,,,,,,,,,,0.0,35.2,13.0,0.0,0.0,0.0,0.53
lnr_1341,1341,lucas-seyrolle,https://cdn.lnr.fr/joueur/1341-lucas-seyrolle/photo/photoFull.28a7076c5091624b9d043c9f795307457230f77f,Lucas Seyrolle,Montauban,MTB,FRONT_ROW,1ère ligne,2025-2026,12,364.0,30.3,7.47,,,0.44,,,,0.0,0.0,,,1.1,,,,,lnr,30.0,183.0,131.0,France,93.36734693877553,100.0,66.2,67.1,0.803,0,0,39,8,51,87,,38.2,↗,5,"[39.4, 0, 43.2, 52.3, 55.3]",100,2.61,1ère Ligne,1L,80,Haute,False,Basse,False,58,63.1,,,,,,,,,,,,0.0,37.4,13.0,0.0,0.0,0.0,0.22
lnr_2444,2444,lucas-tauzin,https://cdn.lnr.fr/joueur/2444-lucas-tauzin/photo/photoFull.b5e9990d9a31ede8327da9bafe6aeb896ea144f3,Lucas Tauzin,Clermont,CLR,WINGER,Ailier,2025-2026,9,518.0,57.6,3.4,,,0.15,,,,0.62,0.31,,,1.54,,,,,lnr,27.0,187.0,94.0,France,95.40816326530611,72.3076923076923,61.8,62.2,0.932,42,23,5,19,35,88,0.0,29.7,↗,5,"[3.3, 0, 13.1, 95.4, 18.3]",100,2.61,Ailier,AIL,93,Haute,False,Moyenne,False,25,41.5,,,,,,,,,,,,0.0,66.8,6.0,0.0,0.0,0.0,0.31
lnr_2025,2025,lucas-velarte,https://cdn.lnr.fr/joueur/2025-lucas-velarte/photo/photoFull.b817331ae7e7f540e8505004318a8073270e5d10,Lucas Velarte,Perpignan,PER,FRONT_ROW,1ère ligne,2025-2026,8,430.0,53.8,13.77,,,0.56,,,,0.0,0.74,,,2.79,,,,,lnr,27.0,185.0,108.0,France,94.3877551020408,83.07692307692308,76.1,74.1,0.858,0,83,95,81,92,48,,42.5,↘,5,"[80.5, 54.3, 54.3, 41.2, 42.2]",100,2.61,1ère Ligne,1L,86,Haute,False,Moyenne,False,12,93.0,,,,,,,,,,,,0.0,0.0,9.0,0.0,0.0,0.0,0.56
lnr_2417,2417,lucas-vigneres,https://cdn.lnr.fr/joueur/2417-lucas-vigneres/photo/photoFull.a2503fca1a2646233602741328f9c3f7893fa1e1,Lucas Vigneres,Toulouse,TLS,CENTRE,Centre,2025-2026,2,73.0,36.5,14.25,,,0.0,,,,0.0,0.0,,,5.48,,,,,lnr,20.0,187.0,88.0,France,95.40816326530611,67.6923076923077,61.6,71.7,0.549,0,0,95,95,57,83,,100.0,→,2,"[100, 44.7]",100,-1.25,Centre,CTR,55,Basse,True,Basse,True,16,79.7,,,,,,,,,,,,0.0,,,0.0,0.0,0.0,1.1
lnr_937,937,lucas-zamora,https://cdn.lnr.fr/joueur/937-lucas-zamora/photo/photoFull.b5e9990d9a31ede8327da9bafe6aeb896ea144f3,Lucas Zamora,Clermont,CLR,SCRUM_HALF,Demi de mêlée,2025-2026,12,407.0,33.9,5.7,,,0.0,,,,0.79,1.38,,,2.95,,,,,lnr,21.0,170.0,80.0,France,86.73469387755102,61.53846153846154,68.0,64.4,0.839,78,80,5,45,57,55,4.440892098500626e-16,17.3,↘,5,"[43.9, 26.8, 20.7, 0, 23.6]",100,-1.03,Demi de mêlée,9,84,Haute,False,Moyenne,False,15,65.0,,,,,,,,,,,,0.0,53.6,6.0,0.0,0.0,0.0,0.59
lnr_13461,13461,lucien-richardis,https://cdn.lnr.fr/joueur/13461-lucien-richardis/photo/photoFull.a2503fca1a2646233602741328f9c3f7893fa1e1,Lucien Richardis,Toulouse,TLS,FLY_HALF,Demi d'ouverture,2025-2026,3,117.0,39.0,2.05,,,0.0,,,,0.68,0.0,,,6.84,,,,,lnr,21.0,182.0,88.0,France,92.85714285714286,67.6923076923077,58.1,57.8,0.578,69,0,5,4,57,65,0.0,7.0,→,3,"[0, 23.9, 0]",80,-1.03,Ouvreur,10,58,Basse,True,Basse,True,28,28.9,,,,,,,,,,,,0.0,,,1.0,0.0,0.0,1.37
lnr_3505,3505,lucio-sordoni,https://cdn.lnr.fr/joueur/3505-lucio-sordoni/photo/photoFull.7260593a1939529b8f58882fcd9327e3deee5c0d,Lucio Sordoni,Montauban,MTB,FRONT_ROW,1ère ligne,2025-2026,8,330.0,41.2,6.79,,,0.24,,,,0.0,0.24,,,0.0,,,,,lnr,27.0,190.0,130.0,Italie,96.93877551020408,100.0,61.9,63.2,0.775,0,27,5,0,15,92,,26.9,↗,5,"[26.0, 25.5, 18.3, 55.6, 19.9]",100,2.61,1ère Ligne,1L,78,Haute,False,Basse,False,94,40.8,,,,,,,,,,,,0.0,91.4,7.0,0.0,0.0,0.0,0.0
lnr_454,454,luka-japaridze,https://cdn.lnr.fr/joueur/454-luka-japaridze/photo/photoFull.2a93bdb165edd2cd19ea2b2a060be0a3b3011911,Luka Japaridze,Montpellier,MHR,FRONT_ROW,1ère ligne,2025-2026,11,434.0,39.5,11.8,,,0.0,,,,0.0,0.0,,,0.0,,,,,lnr,27.0,181.0,125.0,Géorgie,92.3469387755102,96.15384615384616,62.6,65.4,0.862,0,0,5,58,0,74,,45.0,↘,5,"[41.2, 100, 19.9, 66.4, 37.7]",80,2.61,1ère Ligne,1L,86,Haute,False,Moyenne,False,81,48.7,76.2,GEORG,7.0,cluster_0,56.1,50.0,50.0,91.1,87.5,57.8,86.0,0.1200000000000002,91.8,11.0,1.0,0.0,0.0,0.0
lnr_2100,2100,luke-tagi,https://cdn.lnr.fr/joueur/2100-luke-tagi/photo/photoFull.1d6a32f7ce4a12d423552fb50b73687ec52ba345,Luke Tagi,Bayonne,BAY,FRONT_ROW,1ère ligne,2025-2026,6,233.0,38.8,8.58,,,0.0,,,,0.0,1.03,,,0.0,,,,,lnr,28.0,187.0,130.0,Fidji,95.40816326530611,100.0,66.5,68.0,0.683,0,95,5,21,0,89,,38.5,↗,5,"[36.2, 38.4, 22.7, 51.0, 53.3]",100,2.96,1ère Ligne,1L,68,Moyenne,True,Basse,False,49,69.1,,,,,,,,,,,,0.0,65.0,6.0,0.0,0.0,0.0,0.0
lnr_1929,1929,luke-whitelock,https://cdn.lnr.fr/joueur/1929-luke-whitelock/photo/photoFull.bf4a801945c52387138b3325d9dd3bcf510292ab,Luke Whitelock,Pau,PAU,BACK_ROW,3ème ligne,2025-2026,12,607.0,50.6,9.62,,,0.26,,,,0.0,0.13,,,0.0,,,,,lnr,35.0,193.0,112.0,Nouvelle Zélande,98.46938775510203,86.15384615384616,57.5,58.9,1.0,0,15,5,21,17,95,,41.8,↗,5,"[51.3, 51.3, 100, 37.0, 22.4]",100,-0.67,3ème Ligne,3L,100,Haute,False,Moyenne,False,79,16.0,,,,,,,,,,,,0.0,91.0,14.0,0.0,0.0,0.0,0.0
lnr_1401,1401,lyam-akrab,https://cdn.lnr.fr/joueur/1401-lyam-akrab/photo/photoFull.4cb2a4ab19ab443ff7739b68884b2f51b78c1bab,Lyam Akrab,Montpellier,MHR,FRONT_ROW,1ère ligne,2025-2026,2,75.0,37.5,5.33,,,0.0,,,,0.0,1.07,,,0.0,,,,,lnr,20.0,178.0,98.0,France,90.81632653061224,75.38461538461539,44.7,57.2,0.55,0,95,5,0,0,26,,41.5,→,3,"[32.7, 7.6, 83.2]",100,-1.25,1ère Ligne,1L,55,Basse,True,Basse,True,135,14.0,,,,,,,,,,,,0.0,14.6,3.0,0.0,0.0,0.0,0.0
lnr_2297,2297,leo-ametlla,https://cdn.lnr.fr/joueur/2297-leo-ametlla/photo/photoFull.2eaacbd11c12f10f571df4cbac07c560d1665acd,Léo Ametlla,Toulon,TLN,FRONT_ROW,1ère ligne,2025-2026,11,293.0,26.6,11.74,,,1.09,,,,0.0,0.0,,,1.37,,,,,lnr,22.0,186.0,107.0,France,94.89795918367348,82.3076923076923,66.5,73.6,0.743,0,0,49,58,67,47,,100.0,↗,5,"[29.3, 12.5, 62.3, 95.4, 100]",100,-0.67,1ère Ligne,1L,74,Moyenne,True,Basse,False,14,91.7,,,,,,,,,,,,0.0,57.8,7.0,0.0,0.0,0.0,0.27
lnr_11251,11251,leo-banos,https://cdn.lnr.fr/joueur/11251-leo-banos/photo/photoFull.a2503fca1a2646233602741328f9c3f7893fa1e1,Léo Banos,Toulouse,TLS,BACK_ROW,3ème ligne,2025-2026,16,864.0,54.0,9.44,,,0.09,,,,0.28,0.65,,,0.46,,,,,lnr,23.0,191.0,100.0,France,97.44897959183672,76.92307692307693,59.3,59.8,1.0,51,73,21,18,18,88,,36.5,↗,5,"[19.1, 50.4, 36.7, 50.4, 40.3]",100,-0.16,3ème Ligne,3L,100,Haute,False,Bonne,False,76,20.2,,,,,,,,,,,,0.0,91.4,16.0,0.0,0.0,0.0,0.09
lnr_1081,1081,leo-berdeu,https://cdn.lnr.fr/joueur/1081-leo-berdeu/photo/photoFull.8e39a4ffde2d58962f9632bb5639326c8c077ac5,Léo Berdeu,Lyon,LOU,FLY_HALF,Demi d'ouverture,2025-2026,15,802.0,53.5,6.18,,,0.0,,,,0.4,1.0,,,9.28,,,,,lnr,27.0,195.0,99.0,France,99.48979591836736,76.15384615384615,68.9,68.3,1.0,41,80,89,75,14,97,8.78,42.3,↗,5,"[51.0, 35.7, 20.5, 45.1, 68.7]",80,2.61,Ouvreur,10,100,Haute,False,Bonne,False,3,94.7,,,,,,,,,,,,0.0,0.0,13.0,1.0,0.0,0.0,0.1
lnr_1460,1460,leo-coly,https://cdn.lnr.fr/joueur/1460-leo-coly/photo/photoFull.2a93bdb165edd2cd19ea2b2a060be0a3b3011911,Léo Coly,Montpellier,MHR,SCRUM_HALF,Demi de mêlée,2025-2026,14,343.0,24.5,3.27,,,0.0,,,,0.47,0.93,,,3.5,,,,,lnr,26.0,175.0,76.0,France,89.28571428571429,58.46153846153847,59.7,62.6,0.786,46,49,93,0,23,60,2.35,36.3,↗,5,"[0, 76.9, 19.2, 47.8, 46.5]",100,2.0,Demi de mêlée,9,79,Haute,False,Basse,False,20,52.5,,,,,,,,,,,,0.0,48.4,8.0,0.0,0.0,0.0,0.23
lnr_1741,1741,leo-monin,https://cdn.lnr.fr/joueur/1741-leo-monin/photo/photoFull.af05d90330b88b7be458e288b68ca734babbf81c,Léo Monin,Paris,SFP,FULLBACK,Arrière,2025-2026,1,42.0,42.0,1.9,,,0.0,,,,0.0,0.0,,,0.0,,,,,lnr,24.0,187.0,86.0,France,95.40816326530611,66.15384615384615,44.2,54.1,0.528,0,0,5,6,0,91,0.0,5.9,→,1,[4.1],100,0.5,Arrière,ARR,53,Basse,True,Basse,True,27,16.1,,,,,,,,,,,,0.0,,,0.0,0.0,0.0,0.0
lnr_1831,1831,moses-eneliko-alo-emile,https://cdn.lnr.fr/joueur/1831-moses-eneliko-alo-emile/photo/photoFull.eb7c8a121d72a5469d4eb6f17a32ea8cc568bf6c,M. Alo Emile,Paris,SFP,FRONT_ROW,1ère ligne,2025-2026,17,658.0,38.7,10.7,,,0.61,,,,0.0,0.12,,,0.0,,,,,lnr,26.0,187.0,125.0,Australie,95.40816326530611,96.15384615384616,70.0,70.2,1.0,0,13,5,45,38,80,,51.7,↗,5,"[66.7, 31.4, 40.9, 52.9, 83.0]",80,2.0,1ère Ligne,1L,100,Haute,False,Moyenne,False,37,77.1,,,,,,,,,,,,0.0,55.5,17.0,1.0,0.0,0.0,0.0
lnr_3252,3252,manex-ariceta-maestro,https://cdn.lnr.fr/joueur/3252-manex-ariceta-maestro/photo/photoFull.1d6a32f7ce4a12d423552fb50b73687ec52ba345,M. Ariceta Maestro,Bayonne,BAY,BACK_ROW,3ème ligne,2025-2026,8,195.0,24.4,14.36,,,0.41,,,,0.82,0.82,,,0.0,,,,,lnr,22.0,192.0,115.0,Espagne,97.95918367346938,88.46153846153845,77.0,73.9,0.645,95,92,5,80,27,97,,55.9,↘,5,"[80.0, 38.6, 30.7, 93.0, 68.7]",100,-0.67,3ème Ligne,3L,64,Moyenne,True,Basse,False,15,85.1,,,,,,,,,,,,0.0,0.0,4.0,0.0,0.0,0.0,0.0
lnr_2401,2401,mathis-castro-ferreira,https://cdn.lnr.fr/joueur/2401-mathis-castro-ferreira/photo/photoFull.a2503fca1a2646233602741328f9c3f7893fa1e1,M. Castro Ferreira,Toulouse,TLS,BACK_ROW,3ème ligne,2025-2026,9,382.0,42.4,9.63,,,0.21,,,,0.0,0.42,,,1.05,,,,,lnr,22.0,192.0,105.0,France,97.95918367346938,80.76923076923077,60.7,59.9,0.818,0,47,47,21,42,91,,19.2,↘,5,"[47.1, 44.6, 11.8, 23.6, 7.6]",100,-0.67,3ème Ligne,3L,82,Haute,False,Basse,False,75,21.3,,,,,,,,,,,,0.0,32.9,8.0,0.0,0.0,0.0,0.21
lnr_323,323,mahamadou-diaby,https://cdn.lnr.fr/joueur/323-mahamadou-diaby/photo/photoFull.93bf43014a7d3027042c0a390b7e811559ec506d,M. Diaby,Perpignan,PER,BACK_ROW,3ème ligne,2025-2026,10,366.0,36.6,12.24,,,0.44,,,,0.0,0.22,,,0.0,,,,,lnr,35.0,192.0,104.0,France,97.95918367346938,80.0,64.1,64.7,0.805,0,25,5,53,29,91,,45.5,↘,5,"[64.2, 59.2, 37.3, 54.1, 54.1]",80,-0.67,3ème Ligne,3L,80,Haute,False,Basse,False,56,40.4,,,,,,,,,,,,0.0,100.0,8.0,1.0,0.0,0.0,0.0
lnr_724,724,marco-lorenzo-fepuleai,https://cdn.lnr.fr/joueur/724-marco-lorenzo-fepuleai/photo/photoFull.673b50508ed570af2802365a4be2390538bb645a,M. Fepulea'i,Bayonne,BAY,FRONT_ROW,1ère ligne,2025-2026,3,110.0,36.7,5.82,,,0.0,,,,0.0,0.0,,,0.0,,,,,lnr,30.0,183.0,128.0,Nouvelle Zélande,93.36734693877553,98.46153846153848,54.6,61.3,0.573,0,0,5,0,0,82,,24.4,→,3,"[16.6, 18.3, 37.7]",100,2.61,1ère Ligne,1L,57,Basse,True,Basse,True,110,30.6,,,,,,,,,,,,0.0,97.6,3.0,0.0,0.0,0.0,0.0
lnr_1123,1123,mickael-guillard,https://cdn.lnr.fr/joueur/1123-mickael-guillard/photo/photoFull.eff1aa9b4a9f2b351be13ae3eed38b31d19c422e,M. Guillard,Lyon,LOU,LOCK,2ème ligne,2025-2026,10,605.0,60.5,14.81,,,0.26,,,,0.26,0.0,,,0.0,,,,,lnr,25.0,197.0,113.0,France,100.0,86.92307692307692,73.5,72.4,1.0,95,0,5,95,18,93,,44.3,↘,5,"[100, 32.1, 66.5, 38.6, 39.2]",100,1.26,2ème Ligne,2L,100,Haute,False,Moyenne,False,8,89.9,,,,,,,,,,,,0.0,98.3,11.0,0.0,0.0,0.0,0.0
lnr_1025,1025,matthias-haddad,https://cdn.lnr.fr/joueur/1025-matthias-haddad/photo/photoFull.01e7e4177db166b370a81655ed844dbb271b4fe2,M. Haddad,La Rochelle,LRO,BACK_ROW,3ème ligne,2025-2026,11,563.0,51.2,10.52,,,0.43,,,,0.14,0.43,,,0.0,,,,,lnr,25.0,192.0,99.0,France,97.95918367346938,76.15384615384615,67.0,67.1,0.969,25,48,5,32,29,88,,42.8,→,5,"[74.9, 22.9, 32.7, 38.5, 68.1]",100,1.26,3ème Ligne,3L,97,Haute,False,Moyenne,False,41,56.4,,,,,,,,,,,,0.0,55.6,11.0,0.0,0.0,0.0,0.0
lnr_2407,2407,malachi-shea-hawkes-faimanifo,https://cdn.lnr.fr/joueur/2407-malachi-shea-hawkes-faimanifo/photo/photoFull.63f02d5f7b00d1429cb1de8aa98d311d3cf445ea,M. Hawkes Faimanifo,Toulouse,TLS,FRONT_ROW,1ère ligne,2025-2026,2,51.0,25.5,7.84,,,0.0,,,,0.0,0.0,,,0.0,,,,,lnr,23.0,179.0,115.0,Australie,91.3265306122449,88.46153846153845,49.7,57.5,0.534,0,0,5,12,0,55,,18.7,→,2,"[54.6, 0]",100,-0.16,1ère Ligne,1L,53,Basse,True,Basse,True,133,15.6,,,,,,,,,,,,0.0,,,0.0,0.0,0.0,0.0
lnr_10338,10338,ma-a-allan-nonu,https://cdn.lnr.fr/joueur/10338-ma-a-allan-nonu/photo/photoFull.2eaacbd11c12f10f571df4cbac07c560d1665acd,M. Nonu,Toulon,TLN,CENTRE,Centre,2025-2026,9,274.0,30.4,8.47,,,0.0,,,,0.29,0.58,,,4.38,,,,,lnr,43.0,183.0,108.0,Samoa américain,93.36734693877553,83.07692307692308,64.6,63.8,0.724,28,44,95,92,57,94,,43.1,↗,5,"[28.7, 60.1, 65.9, 43.2, 47.8]",60,-1.5,Centre,CTR,72,Moyenne,True,Basse,False,47,37.8,,,,,,,,,,,,0.0,40.0,7.0,2.0,0.0,0.0,0.88
lnr_1117,1117,marvin-saint-gys-okuya,https://cdn.lnr.fr/joueur/1117-marvin-saint-gys-okuya/photo/photoFull.eff1aa9b4a9f2b351be13ae3eed38b31d19c422e,M. Okuya,Lyon,LOU,BACK_ROW,3ème ligne,2025-2026,6,284.0,47.3,16.06,,,0.28,,,,0.0,0.28,,,0.0,,,,,lnr,22.0,190.0,110.0,France,96.93877551020408,84.61538461538461,69.4,73.1,0.734,0,31,5,95,19,94,,81.2,↗,5,"[68.7, 51.6, 100, 39.3, 100]",100,-0.67,3ème Ligne,3L,73,Moyenne,True,Basse,False,19,80.3,,,,,,,,,,,,0.0,92.0,5.0,0.0,0.0,0.0,0.0
lnr_929,929,mathis-sarragallet,https://cdn.lnr.fr/joueur/929-mathis-sarragallet/photo/photoFull.eff1aa9b4a9f2b351be13ae3eed38b31d19c422e,M. Sarragallet,Lyon,LOU,FRONT_ROW,1ère ligne,2025-2026,8,212.0,26.5,19.25,,,0.38,,,,0.0,1.13,,,0.0,,,,,lnr,25.0,178.0,109.0,France,90.81632653061224,83.84615384615385,74.2,76.0,0.662,0,95,5,95,24,43,,91.5,↗,5,"[100, 24.7, 0, 100, 100]",60,1.26,1ère Ligne,1L,66,Moyenne,True,Basse,False,10,94.3,,,,,,,,,,,,0.0,33.8,4.0,2.0,0.0,0.0,0.0
lnr_12692,12692,mikheili-shioshvili,https://cdn.lnr.fr/joueur/12692-mikheili-shioshvili/photo/photoFull.c0f6b460611dc90937b0dda14eb3196fa80eebbc,M. Shioshvili,Toulon,TLN,BACK_ROW,3ème ligne,2025-2026,2,86.0,43.0,4.65,,,0.0,,,,0.0,0.0,,,0.0,,,,,lnr,19.0,193.0,,Géorgie,98.46938775510203,0.0,40.0,51.8,0.557,0,0,5,0,0,34,,21.7,→,3,"[25.5, 0, 42.2]",100,-1.38,3ème Ligne,3L,56,Basse,True,Basse,True,93,2.1,,,,,,,,,,,,0.0,83.8,3.0,0.0,0.0,0.0,0.0
lnr_1378,1378,matthieu-uhila,https://cdn.lnr.fr/joueur/1378-matthieu-uhila/photo/photoFull.4cb2a4ab19ab443ff7739b68884b2f51b78c1bab,M. Uhila,Montpellier,MHR,LOCK,2ème ligne,2025-2026,2,67.0,33.5,11.94,,,1.19,,,,0.0,1.19,,,0.0,,,,,lnr,23.0,,113.0,France,0.0,86.92307692307692,72.4,70.0,0.545,0,95,5,63,38,9,,42.4,→,3,"[87.6, 5.4, 60.1]",100,-0.16,2ème Ligne,2L,55,Basse,True,Basse,True,15,79.7,,,,,,,,,,,,0.0,,,0.0,0.0,0.0,0.0
lnr_299,299,madosha-tambwe,https://cdn.lnr.fr/joueur/299-madosha-tambwe/photo/photoFull.9db3e1c64b0fa647759e691550b9e8351884f243,Madosha Tambwe,Montpellier,MHR,WINGER,Ailier,2025-2026,6,244.0,40.7,3.61,,,0.0,,,,0.33,0.66,,,3.28,,,,,lnr,28.0,186.0,92.0,République Démocratique du Congo,94.89795918367348,70.76923076923077,62.1,62.3,0.694,23,48,5,23,46,86,0.0,11.9,→,5,"[10.5, 11.8, 40.3, 2.9, 3.6]",100,2.96,Ailier,AIL,69,Moyenne,True,Basse,False,24,43.9,,,,,,,,,,,,0.0,59.5,6.0,0.0,0.0,0.0,0.66
lnr_11742,11742,mael-castel,https://cdn.lnr.fr/joueur/11742-mael-castel/photo/photoFull.7260593a1939529b8f58882fcd9327e3deee5c0d,Mael Castel,Montauban,MTB,SCRUM_HALF,Demi de mêlée,2025-2026,5,139.0,27.8,2.88,,,0.0,,,,0.58,0.0,,,2.88,,,,,lnr,21.0,,,France,0.0,0.0,52.4,57.6,0.593,57,0,5,0,57,0,0.0,20.3,↗,5,"[9.5, 23.6, 22.9, 32.8, 15.8]",100,-1.03,Demi de mêlée,9,59,Basse,True,Basse,True,32,21.2,,,,,,,,,,,,0.0,88.1,4.0,0.0,0.0,0.0,0.58
lnr_1441,1441,marco-tauleigne,https://cdn.lnr.fr/joueur/1441-marco-tauleigne/photo/photoFull.4cb2a4ab19ab443ff7739b68884b2f51b78c1bab,Marco Tauleigne,Montpellier,MHR,BACK_ROW,3ème ligne,2025-2026,11,372.0,33.8,8.82,,,0.22,,,,0.43,0.43,,,3.23,,,,,lnr,32.0,191.0,115.0,France,97.44897959183672,88.46153846153845,67.4,66.8,0.81,78,48,95,11,72,97,,33.9,↘,5,"[62.3, 62.1, 9.2, 49.7, 30.8]",100,1.26,3ème Ligne,3L,81,Haute,False,Basse,False,45,52.7,,,,,,,,,,,,0.0,97.9,8.0,0.0,0.0,0.0,0.65
lnr_1745,1745,marcos-kremer,https://cdn.lnr.fr/joueur/1745-marcos-kremer/photo/photoFull.b5e9990d9a31ede8327da9bafe6aeb896ea144f3,Marcos Kremer,Clermont,CLR,BACK_ROW,3ème ligne,2025-2026,8,581.0,72.6,12.12,,,0.14,,,,0.0,0.28,,,0.0,,,,,lnr,28.0,195.0,110.0,Argentine,99.48979591836736,84.61538461538461,63.6,64.7,0.984,0,31,5,52,9,95,,42.9,↘,5,"[36.7, 100, 40.1, 33.7, 50.4]",100,2.96,3ème Ligne,3L,98,Haute,False,Moyenne,False,56,40.4,61.9,Argentine,106.0,cluster_1,58.1,50.7,50.0,85.5,69.4,51.2,85.2,0.0,96.7,9.0,0.0,0.0,0.0,0.0
lnr_2291,2291,marius-domon,https://cdn.lnr.fr/joueur/2291-marius-domon/photo/photoFull.2eaacbd11c12f10f571df4cbac07c560d1665acd,Marius Domon,Toulon,TLN,FLY_HALF,Demi d'ouverture,2025-2026,13,622.0,47.8,1.8,,,0.26,,,,0.64,0.26,,,9.26,,,,,lnr,23.0,183.0,85.0,France,93.36734693877553,65.38461538461539,64.0,60.1,1.0,65,21,81,0,75,65,7.96,10.9,→,5,"[12.1, 6.3, 4.3, 0, 24.5]",80,-0.16,Ouvreur,10,100,Haute,False,Moyenne,False,20,48.7,,,,,,,,,,,,0.0,24.6,13.0,1.0,0.0,0.0,0.26
lnr_3607,3607,marko-gazzotti,https://cdn.lnr.fr/joueur/3607-marko-gazzotti/photo/photoFull.9db3e1c64b0fa647759e691550b9e8351884f243,Marko Gazzotti,Bordeaux,BOR,BACK_ROW,3ème ligne,2025-2026,12,599.0,49.9,11.75,,,0.27,,,,0.0,0.8,,,2.67,,,,,lnr,21.0,192.0,110.0,France,97.95918367346938,84.61538461538461,69.9,71.3,0.999,0,89,95,47,75,94,,66.5,↘,5,"[38.6, 100, 53.5, 63.8, 75.9]",80,-1.03,3ème Ligne,3L,100,Haute,False,Moyenne,False,25,74.5,,,,,,,,,,,,0.0,50.4,11.0,1.0,0.0,0.0,0.53
lnr_2122,2122,martin-meliande,https://cdn.lnr.fr/joueur/2122-martin-meliande/photo/photoFull.8e39a4ffde2d58962f9632bb5639326c8c077ac5,Martin Meliande,Lyon,LOU,FLY_HALF,Demi d'ouverture,2025-2026,13,672.0,51.7,2.98,,,0.12,,,,0.48,0.6,,,8.93,,,,,lnr,24.0,187.0,82.0,France,95.40816326530611,63.07692307692307,62.9,59.3,1.0,49,48,85,20,42,74,8.33,10.6,→,5,"[9.2, 9.8, 25.5, 12.9, 0.3]",80,0.5,Ouvreur,10,100,Haute,False,Moyenne,False,23,42.1,,,,,,,,,,,,0.0,91.4,13.0,1.0,0.0,0.0,0.12
lnr_2495,2495,martin-page-relo,https://cdn.lnr.fr/joueur/2495-martin-page-relo/photo/photoFull.9db3e1c64b0fa647759e691550b9e8351884f243,Martin Page Relo,Bordeaux,BOR,SCRUM_HALF,Demi de mêlée,2025-2026,10,459.0,45.9,3.66,,,0.0,,,,0.52,0.52,,,6.62,,,,,lnr,27.0,173.0,77.0,France,88.26530612244898,59.23076923076923,62.3,60.4,0.882,51,21,95,6,51,57,4.02,9.0,↘,5,"[16.2, 20.1, 6.5, 0, 11.4]",100,2.61,Demi de mêlée,9,88,Haute,False,Moyenne,False,26,37.5,,,,,,,,,,,,0.0,1.8,8.0,0.0,0.0,0.0,0.52
lnr_12404,12404,mateo-carreras-1,https://cdn.lnr.fr/joueur/12404-mateo-carreras-1/photo/photoFull.409fb64e5ca518486c03e07b8c688aa07f237184,Mateo Carreras,Bayonne,BAY,WINGER,Ailier,2025-2026,8,541.0,67.6,4.14,,,0.0,,,,1.33,0.59,,,2.96,,,,,lnr,26.0,173.0,84.0,Espagne,88.26530612244898,64.61538461538461,73.0,70.1,0.951,91,43,50,33,41,80,0.0100000000000002,28.0,↗,5,"[20.3, 14.4, 20.3, 19.8, 52.9]",100,2.0,Ailier,AIL,95,Haute,False,Moyenne,False,6,87.8,63.0,Argentine,14.0,cluster_1,61.8,52.2,50.0,87.0,89.9,66.0,90.9,0.0,64.2,8.0,0.0,0.0,0.0,0.59
lnr_11027,11027,mateo-garcia,https://cdn.lnr.fr/joueur/11027-mateo-garcia/photo/photoFull.26dec662e84c737005260a65b33966bd7438db17,Mateo Garcia,Toulon,TLN,FLY_HALF,Demi d'ouverture,2025-2026,8,451.0,56.4,4.26,,,0.0,,,,0.35,0.35,,,4.43,,,,,lnr,23.0,174.0,83.0,France,88.77551020408163,63.84615384615384,52.6,53.8,0.876,35,28,45,42,0,33,4.43,17.3,↘,5,"[36.2, 13.7, 9.2, 15.1, 21.6]",100,-0.16,Ouvreur,10,88,Haute,False,Moyenne,False,36,7.9,,,,,,,,,,,,0.0,48.6,7.0,0.0,0.0,0.0,0.0
lnr_599,599,mathieu-babillot,https://cdn.lnr.fr/joueur/599-mathieu-babillot/photo/photoFull.50e0d211418fb8267083232d5e5561b6e88fe79f,Mathieu Babillot,Castres,CAS,BACK_ROW,3ème ligne,2025-2026,13,797.0,61.3,10.74,,,0.3,,,,0.0,0.5,,,0.0,,,,,lnr,32.0,190.0,110.0,France,96.93877551020408,84.61538461538461,65.0,65.3,1.0,0,56,5,35,20,94,,42.2,→,5,"[26.0, 55.7, 47.8, 45.0, 54.6]",100,1.26,3ème Ligne,3L,100,Haute,False,Moyenne,False,51,46.8,71.7,France,7.0,cluster_1,73.2,54.6,50.0,93.4,80.3,58.3,92.4,0.0,55.3,12.0,0.0,0.0,0.0,0.0
lnr_1780,1780,mathieu-hirigoyen,https://cdn.lnr.fr/joueur/1780-mathieu-hirigoyen/photo/photoFull.af05d90330b88b7be458e288b68ca734babbf81c,Mathieu Hirigoyen,Paris,SFP,BACK_ROW,3ème ligne,2025-2026,17,814.0,47.9,15.53,,,0.0,,,,0.2,0.2,,,1.47,,,,,lnr,27.0,194.0,95.0,France,98.9795918367347,73.07692307692307,66.2,67.5,1.0,36,22,66,94,39,86,,53.6,↘,5,"[26.4, 100, 30.1, 97.9, 43.3]",80,2.61,3ème Ligne,3L,100,Haute,False,Bonne,False,38,60.6,,,,,,,,,,,,0.0,97.2,18.0,1.0,0.0,0.0,0.29
lnr_2361,2361,mathieu-smaili,https://cdn.lnr.fr/joueur/2361-mathieu-smaili/photo/photoFull.2eaacbd11c12f10f571df4cbac07c560d1665acd,Mathieu Smaili,Toulon,TLN,CENTRE,Centre,2025-2026,10,682.0,68.2,4.57,,,0.0,,,,0.94,0.47,,,2.35,,,,,lnr,26.0,180.0,92.0,France,91.83673469387756,70.76923076923077,67.3,64.1,1.0,90,36,59,25,40,84,,19.1,↗,5,"[24.9, 9.2, 22.9, 21.0, 21.2]",80,2.0,Centre,CTR,100,Haute,False,Moyenne,False,45,40.5,,,,,,,,,,,,0.0,33.1,9.0,1.0,0.0,0.0,0.47
lnr_2342,2342,mathieu-tanguy,https://cdn.lnr.fr/joueur/2342-mathieu-tanguy/photo/photoFull.746d583d9f8a2aa9c322b15ebadc8acc096151d2,Mathieu Tanguy,Perpignan,PER,LOCK,2ème ligne,2025-2026,17,775.0,45.6,8.67,,,0.1,,,,0.1,0.31,,,0.0,,,,,lnr,29.0,195.0,107.0,France,99.48979591836736,82.3076923076923,53.7,54.8,1.0,36,26,5,16,7,91,,33.4,↘,5,"[45.1, 45.2, 24.6, 24.6, 49.1]",60,2.96,2ème Ligne,2L,100,Haute,False,Moyenne,False,58,16.7,,,,,,,,,,,,0.0,100.0,17.0,2.0,0.0,0.0,0.0
lnr_648,648,mathys-belaubre,https://cdn.lnr.fr/joueur/648-mathys-belaubre/photo/photoFull.22d524affa325bfad2a5469bb23df8603fc2554d,Mathys Belaubre,Clermont,CLR,CENTRE,Centre,2025-2026,2,158.0,79.0,5.57,,,0.0,,,,0.0,0.51,,,0.0,,,,,lnr,21.0,186.0,107.0,France,94.89795918367348,82.3076923076923,53.9,57.9,0.608,0,39,5,42,0,94,,18.8,→,2,"[34.7, 9.5]",100,-1.03,Centre,CTR,61,Moyenne,True,Basse,True,61,18.9,,,,,,,,,,,,0.0,,,0.0,0.0,0.0,0.0
lnr_1967,1967,mathys-lotrian,https://cdn.lnr.fr/joueur/1967-mathys-lotrian/photo/photoFull.14f86258177c199d0ec3ee9450197974d20d92b1,Mathys Lotrian,Perpignan,PER,FRONT_ROW,1ère ligne,2025-2026,11,420.0,38.2,13.14,,,0.19,,,,0.19,0.0,,,0.95,,,,,lnr,22.0,177.0,110.0,France,90.3061224489796,84.61538461538461,60.9,62.9,0.85,75,0,34,74,32,44,,49.4,↘,5,"[64.2, 58.6, 30.7, 30.7, 87.1]",80,-0.67,1ère Ligne,1L,85,Haute,False,Moyenne,False,98,37.9,,,,,,,,,,,,0.0,98.0,11.0,1.0,0.0,0.0,0.19
lnr_655,655,matheo-frisach,https://cdn.lnr.fr/joueur/655-matheo-frisach/photo/photoFull.b5e9990d9a31ede8327da9bafe6aeb896ea144f3,Mathéo Frisach,Clermont,CLR,FRONT_ROW,1ère ligne,2025-2026,2,88.0,44.0,10.91,,,0.0,,,,0.0,0.0,,,0.0,,,,,lnr,20.0,188.0,127.0,France,95.91836734693877,97.6923076923077,59.9,64.4,0.559,0,0,5,48,0,85,,46.9,→,3,"[9.5, 61.5, 71.3]",100,-1.25,1ère Ligne,1L,56,Basse,True,Basse,True,83,47.5,,,,,,,,,,,,0.0,91.3,3.0,0.0,0.0,0.0,0.0
lnr_12340,12340,matias-remue,https://cdn.lnr.fr/joueur/12340-matias-remue/photo/photoFull.2697f7f0cb7b3da001ecdd411641ac7914939acd,Matias Remue,Toulouse,TLS,FULLBACK,Arrière,2025-2026,3,240.0,80.0,1.67,,,0.0,,,,1.0,0.33,,,2.33,,,,,lnr,23.0,184.0,86.0,Belgique,93.87755102040816,66.15384615384615,60.9,60.1,0.69,92,23,27,0,36,90,0.6799999999999999,10.0,→,3,"[1.3, 3.3, 17.0]",100,-0.16,Arrière,ARR,69,Moyenne,True,Basse,True,15,53.2,,,,,,,,,,,,0.0,74.5,3.0,0.0,0.0,0.0,0.33
lnr_2671,2671,matis-perchaud,https://cdn.lnr.fr/joueur/2671-matis-perchaud/photo/photoFull.9db3e1c64b0fa647759e691550b9e8351884f243,Matis Perchaud,Bordeaux,BOR,FRONT_ROW,1ère ligne,2025-2026,19,684.0,36.0,13.33,,,0.47,,,,0.12,0.58,,,0.0,,,,,lnr,23.0,187.0,112.0,France,95.40816326530611,86.15384615384616,68.9,71.2,1.0,47,65,5,76,30,57,,70.7,↗,5,"[41.5, 63.8, 33.1, 100, 82.1]",80,-0.16,1ère Ligne,1L,100,Haute,False,Moyenne,False,25,84.7,,,,,,,,,,,,0.0,38.9,19.0,1.0,0.0,0.0,0.0
lnr_339,339,matthieu-jalibert,https://cdn.lnr.fr/joueur/339-matthieu-jalibert/photo/photoFull.9db3e1c64b0fa647759e691550b9e8351884f243,Matthieu Jalibert,Bordeaux,BOR,FLY_HALF,Demi d'ouverture,2025-2026,12,872.0,72.7,5.6,,,0.09,,,,1.47,2.2,,,7.71,,,,,lnr,27.0,184.0,84.0,France,93.87755102040816,64.61538461538461,86.7,82.7,1.0,95,95,55,65,76,67,5.41,34.5,↗,5,"[26.2, 25.5, 53.5, 24.0, 50.6]",80,2.61,Ouvreur,10,100,Haute,False,Bonne,False,1,100.0,86.0,France,23.0,cluster_1,80.6,87.2,84.4,85.0,88.5,82.1,93.7,1.1,52.2,12.0,1.0,0.0,0.0,0.46
lnr_2437,2437,matthis-lebel,https://cdn.lnr.fr/joueur/2437-matthis-lebel/photo/photoFull.a2503fca1a2646233602741328f9c3f7893fa1e1,Matthis Lebel,Toulouse,TLS,CENTRE,Centre,2025-2026,13,903.0,69.5,2.57,,,0.0,,,,1.24,0.8,,,3.54,,,,,lnr,27.0,184.0,90.0,France,93.87755102040816,69.23076923076923,73.6,68.6,1.0,95,61,89,0,57,84,,9.8,↗,5,"[0, 2.6, 13.1, 21.0, 2.6]",100,2.61,Centre,CTR,100,Haute,False,Bonne,False,24,68.9,,,,,,,,,,,,0.0,24.5,14.0,0.0,0.0,0.0,0.71
lnr_2383,2383,matteo-le-corvec,https://cdn.lnr.fr/joueur/2383-matteo-le-corvec/photo/photoFull.b817331ae7e7f540e8505004318a8073270e5d10,Mattéo Le Corvec,Perpignan,PER,BACK_ROW,3ème ligne,2025-2026,13,576.0,44.3,11.81,,,0.14,,,,0.14,0.14,,,1.39,,,,,lnr,25.0,192.0,111.0,France,97.95918367346938,85.38461538461539,62.1,62.2,0.98,25,16,62,48,47,95,,38.4,↘,5,"[59.2, 72.5, 46.9, 9.4, 53.3]",80,1.26,3ème Ligne,3L,98,Haute,False,Moyenne,False,66,30.3,,,,,,,,,,,,0.0,94.7,12.0,1.0,0.0,0.0,0.28
lnr_12441,12441,mateo-gracieux,https://cdn.lnr.fr/joueur/12441-mateo-gracieux/photo/photoFull.2eaacbd11c12f10f571df4cbac07c560d1665acd,Matéo Gracieux,Toulon,TLN,WINGER,Ailier,2025-2026,2,141.0,70.5,1.7,,,0.0,,,,0.57,0.57,,,2.84,,,,,lnr,21.0,,,France,0.0,0.0,55.5,57.5,0.594,39,42,5,0,39,0,0.0,7.9,→,2,"[5.7, 7.2]",100,-1.03,Ailier,AIL,59,Basse,True,Basse,True,36,14.6,,,,,,,,,,,,0.0,,,0.0,0.0,0.0,0.57
lnr_2198,2198,max-spring,https://cdn.lnr.fr/joueur/2198-max-spring/photo/photoFull.d27019f52768bff9ad76599574dced3c5044bc4f,Max Spring,Racing 92,R92,FULLBACK,Arrière,2025-2026,13,807.0,62.1,3.97,,,0.2,,,,1.09,0.3,,,3.77,,,,,lnr,25.0,173.0,75.0,France,88.26530612244898,57.692307692307686,77.0,71.4,1.0,95,21,32,62,95,83,0.8200000000000003,12.7,↘,5,"[36.7, 22.9, 13.7, 5.7, 7.2]",100,1.26,Arrière,ARR,100,Haute,False,Bonne,False,2,96.8,,,,,,,,,,,,0.0,51.3,13.0,0.0,0.0,0.0,0.59
lnr_1961,1961,maxim-granell,https://cdn.lnr.fr/joueur/1961-maxim-granell/photo/photoFull.14f86258177c199d0ec3ee9450197974d20d92b1,Maxim Granell,Perpignan,PER,CENTRE,Centre,2025-2026,8,596.0,74.5,8.05,,,0.13,,,,0.54,0.4,,,2.01,,,,,lnr,20.0,182.0,80.0,France,92.85714285714286,61.53846153846154,67.6,64.4,0.997,52,30,50,85,48,77,,21.6,↘,5,"[33.2, 32.1, 53.9, 34.0, 0]",100,-1.25,Centre,CTR,100,Haute,False,Moyenne,False,42,43.9,,,,,,,,,,,,0.0,52.8,8.0,0.0,0.0,0.0,0.4
lnr_1128,1128,maxime-gouzou,https://cdn.lnr.fr/joueur/1128-maxime-gouzou/photo/photoFull.eff1aa9b4a9f2b351be13ae3eed38b31d19c422e,Maxime Gouzou,Lyon,LOU,BACK_ROW,3ème ligne,2025-2026,3,54.0,18.0,5.93,,,0.0,,,,0.0,0.0,,,0.0,,,,,lnr,27.0,189.0,106.0,France,96.42857142857144,81.53846153846153,48.1,57.5,0.536,0,0,5,0,0,91,,11.1,→,2,"[32.1, 0]",100,2.61,3ème Ligne,3L,54,Basse,True,Basse,True,85,10.6,,,,,,,,,,,,0.0,,,0.0,0.0,0.0,0.0
lnr_349,349,maxime-lamothe,https://cdn.lnr.fr/joueur/349-maxime-lamothe/photo/photoFull.9db3e1c64b0fa647759e691550b9e8351884f243,Maxime Lamothe,Bordeaux,BOR,FRONT_ROW,1ère ligne,2025-2026,15,758.0,50.5,13.19,,,0.53,,,,0.32,0.11,,,1.58,,,,,lnr,27.0,183.0,109.0,France,93.36734693877553,83.84615384615385,73.5,72.8,1.0,95,12,56,75,68,48,,45.9,↘,5,"[94.5, 41.2, 54.0, 83.0, 26.0]",100,2.61,1ère Ligne,1L,100,Haute,False,Moyenne,False,17,89.5,,,,,,,,,,,,0.0,95.4,16.0,0.0,0.0,0.0,0.32
lnr_331,331,maxime-lucu,https://cdn.lnr.fr/joueur/331-maxime-lucu/photo/photoFull.9db3e1c64b0fa647759e691550b9e8351884f243,Maxime Lucu,Bordeaux,BOR,SCRUM_HALF,Demi de mêlée,2025-2026,8,637.0,79.6,8.54,,,0.13,,,,0.5,0.38,,,9.04,,,,,lnr,33.0,177.0,83.0,France,90.3061224489796,63.84615384615384,63.6,63.6,1.0,49,11,95,95,30,75,8.389999999999999,38.7,↗,5,"[42.6, 28.8, 27.5, 62.2, 45.8]",100,0.5,Demi de mêlée,9,100,Haute,False,Moyenne,False,16,62.5,70.9,France,14.0,cluster_1,53.6,64.9,52.2,84.4,95.8,55.5,84.3,0.0,60.2,9.0,0.0,0.0,0.0,0.13
lnr_2640,2640,maxime-machenaud,https://cdn.lnr.fr/joueur/2640-maxime-machenaud/photo/photoFull.1d6a32f7ce4a12d423552fb50b73687ec52ba345,Maxime Machenaud,Bayonne,BAY,SCRUM_HALF,Demi de mêlée,2025-2026,4,143.0,35.8,6.15,,,0.0,,,,0.0,1.68,,,0.0,,,,,lnr,37.0,174.0,87.0,France,88.77551020408163,66.92307692307692,61.3,69.3,0.595,0,95,5,54,0,75,0.0,26.5,↘,4,"[41.7, 15.1, 0, 55.9]",100,-1.25,Demi de mêlée,9,60,Basse,True,Basse,True,21,50.0,79.2,France,21.0,cluster_1,64.6,80.9,72.4,88.3,82.8,62.7,93.0,0.4200000000000003,,,0.0,0.0,0.0,0.0
lnr_1330,1330,maxime-mathy,https://cdn.lnr.fr/joueur/1330-maxime-mathy/photo/photoFull.28a7076c5091624b9d043c9f795307457230f77f,Maxime Mathy,Montauban,MTB,CENTRE,Centre,2025-2026,11,435.0,39.5,8.46,,,0.18,,,,0.55,0.37,,,1.84,,,,,lnr,33.0,178.0,88.0,France,90.81632653061224,67.6923076923077,71.1,69.4,0.862,53,28,46,92,51,81,,37.6,→,5,"[56.5, 16.0, 8.1, 59.9, 54.1]",100,0.5,Centre,CTR,86,Haute,False,Moyenne,False,20,73.6,,,,,,,,,,,,0.0,35.1,11.0,0.0,0.0,0.0,0.37
lnr_12733,12733,maxwell-hicks,https://cdn.lnr.fr/joueur/12733-maxwell-hicks/photo/photoFull.14f86258177c199d0ec3ee9450197974d20d92b1,Maxwell Hicks,Perpignan,PER,LOCK,2ème ligne,2025-2026,15,992.0,66.1,8.39,,,0.73,,,,0.08,0.0,,,0.4,,,,,lnr,,,,,0.0,0.0,57.9,57.5,1.0,29,0,23,12,52,0,,29.6,→,5,"[30.6, 30.6, 19.0, 32.7, 41.9]",80,0.0,2ème Ligne,2L,100,Haute,False,Bonne,False,50,29.0,,,,,,,,,,,,0.0,60.7,17.0,1.0,0.0,0.0,0.08
lnr_350,350,mael-moustin,https://cdn.lnr.fr/joueur/350-mael-moustin/photo/photoFull.4cb2a4ab19ab443ff7739b68884b2f51b78c1bab,Maël Moustin,Montpellier,MHR,CENTRE,Centre,2025-2026,11,803.0,73.0,5.28,,,0.0,,,,1.2,1.1,,,1.49,,,,,lnr,22.0,187.0,103.0,France,95.40816326530611,79.23076923076923,75.1,71.3,1.0,95,84,37,37,25,92,,27.7,→,5,"[22.9, 28.5, 24.8, 22.0, 42.6]",100,-0.67,Centre,CTR,100,Haute,False,Bonne,False,18,77.0,,,,,,,,,,,,0.0,39.4,11.0,0.0,0.0,0.0,0.3
lnr_2479,2479,melvyn-jaminet,https://cdn.lnr.fr/joueur/2479-melvyn-jaminet/photo/photoFull.26dec662e84c737005260a65b33966bd7438db17,Melvyn Jaminet,Toulon,TLN,FLY_HALF,Demi d'ouverture,2025-2026,11,589.0,53.5,0.81,,,0.0,,,,0.54,1.36,,,10.46,,,,,lnr,26.0,180.0,80.0,France,91.83673469387756,61.53846153846154,71.4,71.5,0.991,55,95,85,0,57,49,8.41,9.9,↗,5,"[9.2, 0, 15.9, 3.8, 13.2]",80,2.0,Ouvreur,10,99,Haute,False,Moyenne,False,7,84.2,83.1,France,13.0,cluster_1,92.1,76.5,84.2,88.6,78.2,78.8,85.5,0.8099999999999995,1.8,12.0,1.0,0.0,0.0,0.41
lnr_864,864,melvyn-rates,https://cdn.lnr.fr/joueur/864-melvyn-rates/photo/photoFull.4cb2a4ab19ab443ff7739b68884b2f51b78c1bab,Melvyn Rates,Montpellier,MHR,FULLBACK,Arrière,2025-2026,2,88.0,44.0,5.45,,,0.0,,,,0.91,0.0,,,4.55,,,,,lnr,20.0,180.0,84.0,France,91.83673469387756,64.61538461538461,68.5,64.8,0.559,83,0,5,95,57,88,0.0,17.7,→,3,"[32.6, 9.2, 18.3]",100,-1.25,Arrière,ARR,56,Basse,True,Basse,True,7,80.6,,,,,,,,,,,,0.0,,,0.0,0.0,0.0,0.91
lnr_1901,1901,mickael-capelli,https://cdn.lnr.fr/joueur/1901-mickael-capelli/photo/photoFull.bf4a801945c52387138b3325d9dd3bcf510292ab,Mickael Capelli,Pau,PAU,LOCK,2ème ligne,2025-2026,11,457.0,41.5,12.95,,,0.35,,,,0.35,0.53,,,0.0,,,,,lnr,29.0,199.0,129.0,France,100.0,99.23076923076924,77.9,77.3,0.881,95,45,5,78,24,98,,57.3,↘,5,"[42.1, 100, 77.6, 59.2, 37.0]",100,2.96,2ème Ligne,2L,88,Haute,False,Moyenne,False,4,94.9,,,,,,,,,,,,0.0,0.0,12.0,0.0,0.0,0.0,0.0
lnr_1446,1446,mohamed-haouas,https://cdn.lnr.fr/joueur/1446-mohamed-haouas/photo/photoFull.4cb2a4ab19ab443ff7739b68884b2f51b78c1bab,Mohamed Haouas,Montpellier,MHR,FRONT_ROW,1ère ligne,2025-2026,10,305.0,30.5,11.02,,,0.0,,,,0.0,0.26,,,0.0,,,,,lnr,32.0,185.0,127.0,France,94.3877551020408,97.6923076923077,64.0,66.4,0.754,0,29,5,49,0,82,,46.1,→,5,"[44.3, 38.6, 34.0, 76.9, 53.6]",100,1.26,1ère Ligne,1L,75,Haute,False,Basse,False,69,56.7,61.5,France,16.0,cluster_1,68.3,54.2,50.0,91.4,50.3,50.9,92.4,0.0,92.9,10.0,0.0,0.0,0.0,0.0
lnr_11734,11734,monty-ioane,https://cdn.lnr.fr/joueur/11734-monty-ioane/photo/photoFull.8e39a4ffde2d58962f9632bb5639326c8c077ac5,Monty Ioane,Lyon,LOU,WINGER,Ailier,2025-2026,9,621.0,69.0,3.48,,,0.0,,,,0.77,1.16,,,3.22,,,,,lnr,31.0,180.0,91.0,Australie,91.83673469387756,70.0,70.4,70.7,1.0,53,85,95,21,44,85,0.02,11.7,→,5,"[0, 19.9, 18.3, 11.1, 7.9]",100,2.0,Ailier,AIL,100,Haute,False,Moyenne,False,15,65.9,82.4,ITALY,17.0,cluster_1,100.0,78.0,50.0,84.6,71.0,83.9,93.1,0.7400000000000005,31.0,8.0,0.0,0.0,0.0,0.64
lnr_938,938,nathan-bollengier,https://cdn.lnr.fr/joueur/938-nathan-bollengier/photo/photoFull.7cb6d3e8fb1a9ef473f9440830017cd30be5f626,N. Bollengier,La Rochelle,LRO,WINGER,Ailier,2025-2026,3,184.0,61.3,2.61,,,0.43,,,,0.0,0.0,,,4.35,,,,,lnr,22.0,179.0,82.0,France,91.3265306122449,63.07692307692307,55.6,57.4,0.634,0,0,5,4,95,79,0.0,8.8,→,3,"[18.4, 11.0, 0]",100,-0.67,Ailier,AIL,63,Moyenne,True,Basse,True,37,11.0,,,,,,,,,,,,0.0,92.9,3.0,0.0,0.0,0.0,0.87
lnr_1013,1013,noe-della-schiava,https://cdn.lnr.fr/joueur/1013-noe-della-schiava/photo/photoFull.b817331ae7e7f540e8505004318a8073270e5d10,N. Della Schiava,Perpignan,PER,BACK_ROW,3ème ligne,2025-2026,4,152.0,38.0,7.89,,,0.0,,,,0.0,1.05,,,0.0,,,,,lnr,24.0,193.0,95.0,France,98.46938775510203,73.07692307692307,54.2,60.1,0.602,0,95,5,0,0,86,,37.0,↗,4,"[11.8, 100, 37.7, 27.4]",80,0.5,3ème Ligne,3L,60,Moyenne,True,Basse,True,73,22.9,,,,,,,,,,,,0.0,85.0,3.0,1.0,0.0,0.0,0.0
lnr_304,304,nicolas-depoortere,https://cdn.lnr.fr/joueur/304-nicolas-depoortere/photo/photoFull.9db3e1c64b0fa647759e691550b9e8351884f243,N. Depoortere,Bordeaux,BOR,CENTRE,Centre,2025-2026,12,868.0,72.3,6.91,,,0.0,,,,0.92,0.83,,,4.15,,,,,lnr,23.0,193.0,87.0,France,98.46938775510203,66.92307692307692,75.7,72.8,1.0,88,63,95,65,57,83,,36.0,↗,5,"[59.6, 16.4, 30.8, 66.5, 32.1]",100,-0.16,Centre,CTR,100,Haute,False,Bonne,False,11,85.1,,,,,,,,,,,,0.0,29.2,12.0,0.0,0.0,0.0,0.83
lnr_2596,2596,nathanael-hulleu,https://cdn.lnr.fr/joueur/2596-nathanael-hulleu/photo/photoFull.50e0d211418fb8267083232d5e5561b6e88fe79f,N. Hulleu,Castres,CAS,WINGER,Ailier,2025-2026,7,466.0,66.6,3.78,,,0.0,,,,0.86,0.34,,,3.43,,,,,lnr,25.0,178.0,86.0,France,90.81632653061224,66.15384615384615,65.7,63.6,0.888,59,25,5,26,48,82,0.0,18.9,→,5,"[37.8, 12.4, 25.5, 28.0, 10.1]",100,1.26,Ailier,AIL,89,Haute,False,Moyenne,False,21,51.2,,,,,,,,,,,,0.0,48.9,8.0,0.0,0.0,0.0,0.69
lnr_1749,1749,noa-isaac-kanika-bilonda,https://cdn.lnr.fr/joueur/1749-noa-isaac-kanika-bilonda/photo/photoFull.7260593a1939529b8f58882fcd9327e3deee5c0d,N. Kanika-bilonda,Montauban,MTB,LOCK,2ème ligne,2025-2026,16,730.0,45.6,7.56,,,0.0,,,,0.0,0.0,,,0.55,,,,,lnr,24.0,194.0,114.0,France,98.9795918367347,87.6923076923077,48.5,50.7,1.0,0,0,32,0,19,92,,31.7,→,5,"[52.2, 36.2, 19.9, 71.3, 14.6]",100,0.5,2ème Ligne,2L,100,Haute,False,Moyenne,False,66,5.8,,,,,,,,,,,,0.0,92.6,16.0,0.0,0.0,0.0,0.11
lnr_239,239,nafitalai-owen-maafu,https://cdn.lnr.fr/joueur/239-nafitalai-owen-maafu/photo/photoFull.28a7076c5091624b9d043c9f795307457230f77f,N. Maafu,Montauban,MTB,LOCK,2ème ligne,2025-2026,16,827.0,51.7,10.06,,,0.1,,,,0.1,0.58,,,0.0,,,,,lnr,27.0,,110.0,Etats-Unis,0.0,84.61538461538461,53.1,55.4,1.0,36,49,5,36,7,8,,41.8,↘,5,"[77.9, 47.8, 50.4, 56.3, 34.2]",70,2.61,2ème Ligne,2L,100,Haute,False,Bonne,False,54,23.2,,,,,,,,,,,,0.0,47.7,17.0,0.0,1.0,0.0,0.0
lnr_1771,1771,noah-tisie-nene,https://cdn.lnr.fr/joueur/1771-noah-tisie-nene/photo/photoFull.31d0654509a3ddb88ce186340b8e66da46a1efad,N. Nene,Paris,SFP,CENTRE,Centre,2025-2026,11,769.0,69.9,6.45,,,0.1,,,,0.73,0.42,,,3.12,,,,,lnr,21.0,192.0,108.0,France,97.95918367346938,83.07692307692308,70.2,66.5,1.0,70,32,78,57,63,96,,21.2,→,5,"[17.0, 12.4, 58.9, 32.1, 3.6]",100,-1.03,Centre,CTR,100,Haute,False,Moyenne,False,32,58.1,,,,,,,,,,,,0.0,69.0,11.0,0.0,0.0,0.0,0.62
lnr_1784,1784,nemo-gunther-roelofse,https://cdn.lnr.fr/joueur/1784-nemo-gunther-roelofse/photo/photoFull.746d583d9f8a2aa9c322b15ebadc8acc096151d2,N. Roelofse,Perpignan,PER,FRONT_ROW,1ère ligne,2025-2026,9,281.0,31.2,6.26,,,0.28,,,,0.28,0.0,,,0.0,,,,,lnr,30.0,182.0,120.0,Afrique du Sud,92.85714285714286,92.3076923076923,58.4,60.4,0.731,95,0,5,0,18,67,,17.4,↘,5,"[10.7, 50.4, 30.9, 28.6, 0]",100,2.61,1ère Ligne,1L,73,Moyenne,True,Basse,False,118,25.5,,,,,,,,,,,,0.0,89.5,9.0,0.0,0.0,0.0,0.0
lnr_479,479,nugzari-somkhisvhili,https://cdn.lnr.fr/joueur/479-nugzari-somkhisvhili/photo/photoFull.7260593a1939529b8f58882fcd9327e3deee5c0d,N. Somkhisvhili,Montauban,MTB,FRONT_ROW,1ère ligne,2025-2026,3,102.0,34.0,14.12,,,0.78,,,,0.0,0.0,,,0.0,,,,,lnr,24.0,182.0,110.0,Géorgie,92.85714285714286,84.61538461538461,70.7,70.6,0.568,0,0,5,85,38,49,,59.1,→,3,"[36.2, 72.1, 83.4]",80,0.5,1ère Ligne,1L,57,Basse,True,Basse,True,33,79.3,,,,,,,,,,,,0.0,51.4,3.0,1.0,0.0,0.0,0.0
lnr_965,965,nikolozi-sutidze,https://cdn.lnr.fr/joueur/965-nikolozi-sutidze/photo/photoFull.7cb6d3e8fb1a9ef473f9440830017cd30be5f626,N. Sutidze,La Rochelle,LRO,FRONT_ROW,1ère ligne,2025-2026,11,386.0,35.1,8.29,,,0.21,,,,0.0,0.62,,,1.04,,,,,lnr,22.0,180.0,104.0,Géorgie,91.83673469387756,80.0,52.9,56.5,0.822,0,70,37,17,36,36,,33.0,↗,5,"[0, 22.6, 46.0, 37.7, 47.8]",100,-0.67,1ère Ligne,1L,82,Haute,False,Basse,False,140,11.5,,,,,,,,,,,,0.0,93.1,13.0,0.0,0.0,0.0,0.21
lnr_1805,1805,nadir-megdoud,https://cdn.lnr.fr/joueur/1805-nadir-megdoud/photo/photoFull.66c8481f41dae2c760111c9de7f76f50fdc806b3,Nadir Megdoud,Bayonne,BAY,WINGER,Ailier,2025-2026,1,80.0,80.0,6.0,,,0.0,,,,1.0,0.0,,,0.0,,,,,lnr,29.0,181.0,96.0,France,92.3469387755102,73.84615384615385,63.9,65.9,0.553,68,0,5,69,0,88,0.0,23.9,→,1,[26.2],100,2.96,Ailier,AIL,55,Basse,True,Basse,True,16,63.4,,,,,,,,,,,,0.0,,,0.0,0.0,0.0,0.0
lnr_12751,12751,naoto-saito,https://cdn.lnr.fr/joueur/12751-naoto-saito/photo/photoFull.2697f7f0cb7b3da001ecdd411641ac7914939acd,Naoto Saito,Toulouse,TLS,SCRUM_HALF,Demi de mêlée,2025-2026,12,294.0,24.5,4.63,,,0.0,,,,0.0,0.0,,,1.36,,,,,lnr,28.0,165.0,75.0,Japon,84.18367346938776,57.692307692307686,53.2,60.8,0.744,0,0,5,25,27,40,0.01,22.6,↗,5,"[0, 0, 0, 18.3, 60.1]",100,2.96,Demi de mêlée,9,74,Moyenne,True,Basse,False,30,27.5,70.5,Japon,11.0,cluster_1,57.4,67.0,50.0,70.3,82.6,65.9,92.1,0.0,85.2,7.0,0.0,0.0,0.0,0.27
lnr_1902,1902,nathan-decron,https://cdn.lnr.fr/joueur/1902-nathan-decron/photo/photoFull.bf4a801945c52387138b3325d9dd3bcf510292ab,Nathan Decron,Pau,PAU,CENTRE,Centre,2025-2026,10,688.0,68.8,8.84,,,0.47,,,,0.23,0.47,,,1.16,,,,,lnr,28.0,184.0,96.0,France,93.87755102040816,73.84615384615385,73.9,73.5,1.0,22,36,29,95,57,87,,51.5,→,5,"[80.2, 64.8, 64.8, 36.7, 67.2]",80,2.96,Centre,CTR,100,Haute,False,Moyenne,False,8,90.5,,,,,,,,,,,,0.0,0.0,11.0,1.0,0.0,0.0,0.23
lnr_13744,13744,nathan-hughes-1,https://cdn.lnr.fr/joueur/13744-nathan-hughes-1/photo/photoFull.d27019f52768bff9ad76599574dced3c5044bc4f,Nathan Hughes,Racing 92,R92,BACK_ROW,3ème ligne,2025-2026,19,875.0,46.1,12.71,,,0.37,,,,0.37,0.55,,,3.66,,,,,lnr,,,,,0.0,0.0,68.4,68.5,1.0,67,62,95,59,82,0,,50.0,→,0,[],80,0.0,3ème Ligne,3L,100,Haute,False,Bonne,False,36,62.8,75.8,Angleterre,22.0,cluster_1,94.6,77.1,50.0,84.1,55.9,78.7,88.6,0.0799999999999997,,,1.0,0.0,0.0,0.73
lnr_1888,1888,nicolas-corato,https://cdn.lnr.fr/joueur/1888-nicolas-corato/photo/photoFull.bf7e6b3668f1d7c40821cbfca4c5f267bcf81dfe,Nicolas Corato,Castres,CAS,FRONT_ROW,1ère ligne,2025-2026,13,481.0,37.0,9.48,,,0.0,,,,0.0,0.0,,,0.0,,,,,lnr,28.0,184.0,123.0,France,93.87755102040816,94.6153846153846,59.6,64.3,0.901,0,0,5,31,0,74,,58.5,↘,5,"[37.7, 100, 54.1, 48.6, 70.4]",100,2.96,1ère Ligne,1L,90,Haute,False,Moyenne,False,85,46.5,,,,,,,,,,,,0.0,88.2,13.0,0.0,0.0,0.0,0.0
lnr_12541,12541,nika-abuladze-1,https://cdn.lnr.fr/joueur/12541-nika-abuladze-1/photo/photoFull.51bae4c81f5510244486dd81eab22f315e4675c1,Nika Abuladze,Montpellier,MHR,FRONT_ROW,1ère ligne,2025-2026,5,158.0,31.6,10.63,,,0.0,,,,0.0,0.51,,,0.0,,,,,lnr,30.0,187.0,125.0,Géorgie,95.40816326530611,96.15384615384616,65.1,67.4,0.608,0,57,5,45,0,80,,37.1,↘,5,"[93.8, 47.8, 31.9, 0, 65.9]",100,2.61,1ère Ligne,1L,61,Moyenne,True,Basse,False,56,65.0,72.5,GEORG,10.0,cluster_0,53.1,50.8,50.0,92.1,87.9,50.0,76.4,0.0,94.5,5.0,0.0,0.0,0.0,0.0
lnr_3060,3060,nikoloz-narmania,https://cdn.lnr.fr/joueur/3060-nikoloz-narmania/photo/photoFull.d12b43ca6e7fc340fc47e57d679419cdf389ce62,Nikoloz Narmania,Toulon,TLN,FRONT_ROW,1ère ligne,2025-2026,3,93.0,31.0,10.32,,,0.0,,,,0.0,0.0,,,0.0,,,,,lnr,25.0,186.0,125.0,Géorgie,94.89795918367348,96.15384615384616,60.4,65.1,0.562,0,0,5,41,0,79,,38.6,→,3,"[100, 6.9, 31.2]",100,1.26,1ère Ligne,1L,56,Basse,True,Basse,True,78,50.6,,,,,,,,,,,,0.0,79.9,3.0,0.0,0.0,0.0,0.0
lnr_2120,2120,noa-zinzen,https://cdn.lnr.fr/joueur/2120-noa-zinzen/photo/photoFull.63f02d5f7b00d1429cb1de8aa98d311d3cf445ea,Noa Zinzen,Racing 92,R92,BACK_ROW,3ème ligne,2025-2026,7,154.0,22.0,19.74,,,0.0,,,,0.0,0.0,,,0.0,,,,,lnr,22.0,192.0,103.0,France,97.95918367346938,79.23076923076923,62.6,67.2,0.604,0,0,5,95,0,90,,59.0,↘,5,"[47.8, 65.3, 0, 83.4, 100]",100,-0.67,3ème Ligne,3L,60,Moyenne,True,Basse,False,39,59.0,,,,,,,,,,,,0.0,100.0,4.0,0.0,0.0,0.0,0.0
lnr_13792,13792,noam-moreau,https://cdn.lnr.fr/joueur/13792-noam-moreau/photo/photoFull.26dec662e84c737005260a65b33966bd7438db17,Noam Moreau,Toulon,TLN,BACK_ROW,3ème ligne,2025-2026,1,54.0,54.0,13.33,,,0.0,,,,0.0,0.0,,,0.0,,,,,lnr,18.0,,,France,0.0,0.0,50.1,60.5,0.536,0,0,5,67,0,0,,48.7,→,1,[56.5],100,-1.45,3ème Ligne,3L,54,Basse,True,Basse,True,72,24.5,,,,,,,,,,,,0.0,,,0.0,0.0,0.0,0.0
lnr_13419,13419,nolann-donguy,https://cdn.lnr.fr/joueur/13419-nolann-donguy/photo/photoFull.8b942e992ebb42fdd1ca819c8cb833427c776cef,Nolann Donguy,Racing 92,R92,WINGER,Ailier,2025-2026,2,138.0,69.0,5.22,,,0.0,,,,0.58,0.0,,,0.0,,,,,lnr,20.0,183.0,85.0,France,93.36734693877553,65.38461538461539,53.3,58.3,0.592,40,0,5,54,0,82,0.0,23.4,→,2,"[11.5, 35.4]",100,-1.25,Ailier,AIL,59,Basse,True,Basse,True,33,22.0,,,,,,,,,,,,0.0,,,0.0,0.0,0.0,0.0
lnr_2196,2196,nolann-le-garrec,https://cdn.lnr.fr/joueur/2196-nolann-le-garrec/photo/photoFull.7cb6d3e8fb1a9ef473f9440830017cd30be5f626,Nolann Le Garrec,La Rochelle,LRO,SCRUM_HALF,Demi de mêlée,2025-2026,12,836.0,69.7,4.88,,,0.0,,,,0.67,0.86,,,6.7,,,,,lnr,23.0,175.0,75.0,France,89.28571428571429,57.692307692307686,61.3,61.1,1.0,66,44,95,29,48,58,4.300000000000001,37.5,↗,5,"[44.7, 23.1, 30.1, 32.1, 62.9]",80,-0.16,Demi de mêlée,9,100,Haute,False,Bonne,False,24,42.5,,,,,,,,,,,,0.0,28.0,13.0,1.0,0.0,0.0,0.48
lnr_13550,13550,nolhann-couillaud,https://cdn.lnr.fr/joueur/13550-nolhann-couillaud/photo/photoFull.01e7e4177db166b370a81655ed844dbb271b4fe2,Nolhann Couillaud,La Rochelle,LRO,SCRUM_HALF,Demi de mêlée,2025-2026,5,213.0,42.6,6.01,,,0.0,,,,0.0,0.0,,,0.0,,,,,lnr,19.0,180.0,,France,91.83673469387756,0.0,45.7,53.3,0.663,0,0,5,51,0,39,0.0,24.1,↘,4,"[87.1, 4.4, 36.7, 9.2]",100,-1.38,Demi de mêlée,9,66,Moyenne,True,Basse,False,40,2.5,,,,,,,,,,,,0.0,86.4,3.0,0.0,0.0,0.0,0.0
lnr_2317,2317,oliver-cowie,https://cdn.lnr.fr/joueur/2317-oliver-cowie/photo/photoFull.2eaacbd11c12f10f571df4cbac07c560d1665acd,Oliver Cowie,Toulon,TLN,WINGER,Ailier,2025-2026,10,534.0,53.4,7.64,,,0.3,,,,0.3,0.6,,,0.0,,,,,lnr,20.0,193.0,95.0,France,98.46938775510203,73.07692307692307,58.4,58.9,0.945,21,44,5,95,28,89,0.0,33.1,↗,5,"[25.5, 27.6, 27.6, 48.4, 40.6]",100,-1.25,Ailier,AIL,94,Haute,False,Moyenne,False,31,26.8,,,,,,,,,,,,0.0,14.4,9.0,0.0,0.0,0.0,0.0
lnr_939,939,oscar-jegou,https://cdn.lnr.fr/joueur/939-oscar-jegou/photo/photoFull.6bac201ec425d487e49a89af2c561de347f097e7,Oscar Jegou,La Rochelle,LRO,BACK_ROW,3ème ligne,2025-2026,12,805.0,67.1,8.84,,,0.2,,,,0.1,0.8,,,0.99,,,,,lnr,22.0,190.0,90.0,France,96.93877551020408,69.23076923076923,59.5,60.8,1.0,18,89,44,11,40,83,,48.2,↗,5,"[22.9, 34.7, 57.5, 67.4, 62.2]",80,-0.67,3ème Ligne,3L,100,Haute,False,Bonne,False,71,25.5,,,,,,,,,,,,0.0,67.2,12.0,1.0,0.0,0.0,0.2
lnr_11811,11811,owen-sorhaindo,https://cdn.lnr.fr/joueur/11811-owen-sorhaindo/photo/photoFull.26dec662e84c737005260a65b33966bd7438db17,Owen Sorhaindo,Toulon,TLN,FRONT_ROW,1ère ligne,2025-2026,2,69.0,34.5,6.96,,,0.0,,,,0.0,0.0,,,0.0,,,,,lnr,21.0,190.0,125.0,France,96.93877551020408,96.15384615384616,51.4,58.3,0.546,0,0,5,2,0,83,,24.7,→,2,"[33.3, 22.9]",100,-1.03,1ère Ligne,1L,55,Basse,True,Basse,True,128,19.1,,,,,,,,,,,,0.0,,,0.0,0.0,0.0,0.0
lnr_1814,1814,pierre-henri-azagoh-kouadio,https://cdn.lnr.fr/joueur/1814-pierre-henri-azagoh-kouadio/photo/photoFull.0d105085f705532550693973c5545a1d4e020463,P. Azagoh Kouadio,Paris,SFP,LOCK,2ème ligne,2025-2026,18,784.0,43.6,16.33,,,0.1,,,,0.1,0.2,,,0.0,,,,,lnr,27.0,196.0,103.0,France,100.0,79.23076923076923,69.7,72.2,1.0,36,17,5,95,7,90,,69.6,↗,5,"[25.2, 91.9, 90.5, 95.4, 79.0]",80,2.61,2ème Ligne,2L,100,Haute,False,Moyenne,False,9,88.4,,,,,,,,,,,,0.0,97.9,18.0,1.0,0.0,0.0,0.0
lnr_2460,2460,pierre-louis-barassi,https://cdn.lnr.fr/joueur/2460-pierre-louis-barassi/photo/photoFull.a2503fca1a2646233602741328f9c3f7893fa1e1,P. Barassi,Toulouse,TLS,CENTRE,Centre,2025-2026,10,660.0,66.0,5.94,,,0.24,,,,0.61,1.33,,,1.82,,,,,lnr,27.0,187.0,99.0,France,95.40816326530611,76.15384615384615,78.7,75.0,1.0,59,95,46,48,56,90,,29.0,↗,5,"[0, 22.5, 16.4, 50.1, 40.3]",100,2.61,Centre,CTR,100,Haute,False,Moyenne,False,5,94.6,,,,,,,,,,,,0.0,30.5,10.0,0.0,0.0,0.0,0.36
lnr_398,398,pietro-ceccarelli,https://cdn.lnr.fr/joueur/398-pietro-ceccarelli/photo/photoFull.746d583d9f8a2aa9c322b15ebadc8acc096151d2,P. Ceccarelli,Perpignan,PER,FRONT_ROW,1ère ligne,2025-2026,12,454.0,37.8,10.57,,,0.18,,,,0.0,0.0,,,0.0,,,,,lnr,34.0,184.0,115.0,France,93.87755102040816,88.46153846153845,57.9,66.1,0.878,0,0,5,44,11,60,,37.6,↗,5,"[11.7, 11.7, 64.2, 51.0, 45.0]",100,-0.16,1ère Ligne,1L,88,Haute,False,Moyenne,False,119,24.5,77.0,ITALY,25.0,cluster_1,52.2,50.9,50.0,86.4,89.3,50.0,87.9,0.2,96.6,14.0,0.0,0.0,0.0,0.0
lnr_12302,12302,pita-gus-sowakula,https://cdn.lnr.fr/joueur/12302-pita-gus-sowakula/photo/photoFull.c014f51db1da0b1217b367d4a2b9e8cf48e92c3e,P. Sowakula,Clermont,CLR,BACK_ROW,3ème ligne,2025-2026,13,864.0,66.5,8.98,,,0.19,,,,0.19,1.48,,,0.93,,,,,lnr,31.0,196.0,117.0,Fidji,100.0,90.0,66.7,66.9,1.0,35,95,42,13,38,98,,45.9,↗,5,"[28.2, 66.1, 58.6, 44.5, 57.8]",80,2.0,3ème Ligne,3L,100,Haute,False,Bonne,False,44,54.3,,,,,,,,,,,,0.0,78.0,14.0,1.0,0.0,0.0,0.19
lnr_13641,13641,patrick-lucas-tuifua,https://cdn.lnr.fr/joueur/13641-patrick-lucas-tuifua/photo/photoFull.26dec662e84c737005260a65b33966bd7438db17,P. Tuifua,Toulon,TLN,BACK_ROW,3ème ligne,2025-2026,2,52.0,26.0,15.38,,,0.0,,,,0.0,0.0,,,0.0,,,,,lnr,21.0,,,France,0.0,0.0,51.8,58.9,0.535,0,0,5,92,0,0,,50.0,→,0,[],80,-1.03,3ème Ligne,3L,54,Basse,True,Basse,True,79,16.0,,,,,,,,,,,,0.0,,,1.0,0.0,0.0,0.0
lnr_1377,1377,paolo-garbisi,https://cdn.lnr.fr/joueur/1377-paolo-garbisi/photo/photoFull.2eaacbd11c12f10f571df4cbac07c560d1665acd,Paolo Garbisi,Toulon,TLN,FLY_HALF,Demi d'ouverture,2025-2026,8,592.0,74.0,6.22,,,0.0,,,,0.14,0.41,,,0.54,,,,,lnr,25.0,183.0,97.0,Italie,93.36734693877553,74.61538461538461,50.8,65.4,0.993,14,33,5,76,0,78,0.54,18.9,↘,5,"[26.0, 13.7, 32.6, 24.3, 11.8]",80,1.26,Ouvreur,10,99,Haute,False,Moyenne,False,37,5.3,76.7,ITALY,23.0,cluster_1,71.7,77.1,78.4,90.8,73.7,70.0,88.4,0.1700000000000003,98.3,8.0,1.0,0.0,0.0,0.0
lnr_2645,2645,pascal-cotet,https://cdn.lnr.fr/joueur/2645-pascal-cotet/photo/photoFull.1d6a32f7ce4a12d423552fb50b73687ec52ba345,Pascal Cotet,Bayonne,BAY,FRONT_ROW,1ère ligne,2025-2026,13,429.0,33.0,8.21,,,0.0,,,,0.0,0.19,,,0.0,,,,,lnr,32.0,184.0,123.0,France,93.87755102040816,94.6153846153846,52.4,54.2,0.858,0,21,5,16,0,74,,26.1,↘,5,"[0, 64.2, 39.4, 19.7, 26.0]",60,1.26,1ère Ligne,1L,86,Haute,False,Moyenne,False,150,5.1,,,,,,,,,,,,0.0,94.7,12.0,2.0,0.0,0.0,0.0
lnr_415,415,paul-abadie,https://cdn.lnr.fr/joueur/415-paul-abadie/photo/photoFull.af05d90330b88b7be458e288b68ca734babbf81c,Paul Abadie,Paris,SFP,SCRUM_HALF,Demi de mêlée,2025-2026,12,503.0,41.9,10.18,,,0.0,,,,0.32,0.95,,,0.0,,,,,lnr,31.0,176.0,88.0,France,89.79591836734694,67.6923076923077,63.8,66.2,0.919,32,50,5,95,0,81,0.0,52.1,↗,5,"[53.6, 34.9, 37.3, 50.4, 89.7]",100,2.0,Demi de mêlée,9,92,Haute,False,Moyenne,False,10,77.5,,,,,,,,,,,,0.0,58.1,12.0,0.0,0.0,0.0,0.0
lnr_1802,1802,paul-alo-emile,https://cdn.lnr.fr/joueur/1802-paul-alo-emile/photo/photoFull.0d105085f705532550693973c5545a1d4e020463,Paul Alo Emile,Paris,SFP,FRONT_ROW,1ère ligne,2025-2026,17,708.0,41.6,13.9,,,0.11,,,,0.0,0.23,,,0.0,,,,,lnr,34.0,180.0,132.0,Australie,91.83673469387756,100.0,69.9,69.8,1.0,0,26,5,83,7,85,,53.0,↗,5,"[66.8, 60.1, 100, 58.0, 39.4]",80,-0.16,1ère Ligne,1L,100,Haute,False,Moyenne,False,39,75.8,,,,,,,,,,,,0.0,98.3,17.0,1.0,0.0,0.0,0.0
lnr_1017,1017,paul-boudehent,https://cdn.lnr.fr/joueur/1017-paul-boudehent/photo/photoFull.7cb6d3e8fb1a9ef473f9440830017cd30be5f626,Paul Boudehent,La Rochelle,LRO,BACK_ROW,3ème ligne,2025-2026,10,666.0,66.6,9.49,,,0.24,,,,0.24,0.36,,,2.4,,,,,lnr,26.0,192.0,107.0,France,97.95918367346938,82.3076923076923,67.5,67.1,1.0,44,40,95,19,73,92,,39.0,↘,5,"[85.0, 44.5, 67.0, 22.9, 39.3]",100,2.0,3ème Ligne,3L,100,Haute,False,Moyenne,False,41,56.4,,,,,,,,,,,,0.0,98.7,10.0,0.0,0.0,0.0,0.48
lnr_2427,2427,paul-costes,https://cdn.lnr.fr/joueur/2427-paul-costes/photo/photoFull.a2503fca1a2646233602741328f9c3f7893fa1e1,Paul Costes,Toulouse,TLS,CENTRE,Centre,2025-2026,10,662.0,66.2,5.08,,,0.0,,,,0.12,1.57,,,1.21,,,,,lnr,23.0,182.0,85.0,France,92.85714285714286,65.38461538461539,64.0,61.5,1.0,12,95,30,34,20,80,,19.5,↗,5,"[28.8, 0, 16.4, 37.3, 18.3]",100,-0.16,Centre,CTR,100,Haute,False,Moyenne,False,54,28.4,,,,,,,,,,,,0.0,68.4,10.0,0.0,0.0,0.0,0.24
lnr_687,687,paul-jedrasiak,https://cdn.lnr.fr/joueur/687-paul-jedrasiak/photo/photoFull.50e0d211418fb8267083232d5e5561b6e88fe79f,Paul Jedrasiak,Castres,CAS,LOCK,2ème ligne,2025-2026,5,242.0,48.4,9.59,,,0.0,,,,0.0,0.0,,,0.0,,,,,lnr,33.0,,121.0,France,0.0,93.07692307692308,45.4,67.5,0.692,0,0,5,29,0,11,,46.8,↗,5,"[11.8, 50.0, 45.6, 60.9, 65.3]",100,0.5,2ème Ligne,2L,69,Moyenne,True,Basse,False,53,24.6,77.7,France,10.0,cluster_1,73.3,76.2,50.0,84.1,79.4,61.0,82.4,0.2700000000000003,98.9,6.0,0.0,0.0,0.0,0.0
lnr_2485,2485,paul-mallez,https://cdn.lnr.fr/joueur/2485-paul-mallez/photo/photoFull.a2503fca1a2646233602741328f9c3f7893fa1e1,Paul Mallez,Toulouse,TLS,FRONT_ROW,1ère ligne,2025-2026,6,248.0,41.3,11.94,,,1.61,,,,0.0,0.0,,,0.0,,,,,lnr,25.0,180.0,116.0,France,91.83673469387756,89.23076923076924,71.7,72.5,0.698,0,0,5,60,38,58,,57.9,↗,5,"[36.3, 23.6, 39.4, 44.3, 100]",100,1.26,1ère Ligne,1L,70,Moyenne,True,Basse,False,19,88.2,,,,,,,,,,,,0.0,61.4,6.0,0.0,0.0,0.0,0.0
lnr_1385,1385,paul-vallee,https://cdn.lnr.fr/joueur/1385-paul-vallee/photo/photoFull.7260593a1939529b8f58882fcd9327e3deee5c0d,Paul Vallee,Montauban,MTB,CENTRE,Centre,2025-2026,12,790.0,65.8,2.13,,,0.0,,,,0.51,0.71,,,2.03,,,,,lnr,23.0,186.0,83.0,France,94.89795918367348,63.84615384615384,59.1,56.3,1.0,49,54,51,0,35,80,,8.7,→,5,"[20.4, 0, 17.9, 10.5, 0]",100,-0.16,Centre,CTR,100,Haute,False,Moyenne,False,66,12.2,,,,,,,,,,,,0.0,17.9,12.0,0.0,0.0,0.0,0.41
lnr_2461,2461,peato-mauvaka,https://cdn.lnr.fr/joueur/2461-peato-mauvaka/photo/photoFull.a2503fca1a2646233602741328f9c3f7893fa1e1,Peato Mauvaka,Toulouse,TLS,FRONT_ROW,1ère ligne,2025-2026,4,135.0,33.8,17.78,,,0.59,,,,1.19,1.78,,,0.0,,,,,lnr,29.0,184.0,112.0,France,93.87755102040816,86.15384615384616,87.4,82.7,0.59,95,95,5,95,37,54,,74.1,↗,4,"[62.8, 61.9, 95.7, 100]",100,2.96,1ère Ligne,1L,59,Basse,True,Basse,True,1,100.0,73.1,France,20.0,cluster_1,69.6,57.6,50.0,92.4,70.7,75.9,83.3,0.0,24.6,4.0,0.0,0.0,0.0,0.0
lnr_679,679,peceli-yato,https://cdn.lnr.fr/joueur/679-peceli-yato/photo/photoFull.746d583d9f8a2aa9c322b15ebadc8acc096151d2,Peceli Yato,Perpignan,PER,BACK_ROW,3ème ligne,2025-2026,14,697.0,49.8,7.92,,,0.69,,,,0.46,1.26,,,1.72,,,,,lnr,33.0,196.0,105.0,Fidji,100.0,80.76923076923077,79.0,76.6,1.0,84,95,77,0,84,92,,43.8,↘,5,"[36.3, 36.3, 63.1, 44.8, 56.7]",100,0.5,3ème Ligne,3L,100,Haute,False,Moyenne,False,11,89.4,,,,,,,,,,,,0.0,27.3,15.0,0.0,0.0,0.0,0.34
lnr_279,279,pierre-bochaton,https://cdn.lnr.fr/joueur/279-pierre-bochaton/photo/photoFull.9db3e1c64b0fa647759e691550b9e8351884f243,Pierre Bochaton,Bordeaux,BOR,LOCK,2ème ligne,2025-2026,9,597.0,66.3,9.11,,,0.27,,,,0.27,0.54,,,0.0,,,,,lnr,24.0,197.0,103.0,France,100.0,79.23076923076923,64.2,65.0,0.998,95,46,5,22,19,90,,46.0,↗,5,"[54.3, 35.4, 58.0, 51.8, 57.6]",100,0.5,2ème Ligne,2L,100,Haute,False,Moyenne,False,26,63.8,,,,,,,,,,,,0.0,52.3,10.0,0.0,0.0,0.0,0.0
lnr_999,999,pierre-bourgarit,https://cdn.lnr.fr/joueur/999-pierre-bourgarit/photo/photoFull.7cb6d3e8fb1a9ef473f9440830017cd30be5f626,Pierre Bourgarit,La Rochelle,LRO,FRONT_ROW,1ère ligne,2025-2026,6,209.0,34.8,13.01,,,0.77,,,,0.0,0.0,,,1.91,,,,,lnr,28.0,184.0,108.0,France,93.87755102040816,83.07692307692308,73.5,72.9,0.659,0,0,68,72,79,47,,46.7,→,4,"[54.7, 62.9, 42.2, 57.7]",100,2.96,1ère Ligne,1L,66,Moyenne,True,Basse,False,16,90.4,73.1,France,7.0,cluster_1,76.0,56.6,50.0,70.3,81.1,70.1,88.7,0.0,73.4,4.0,0.0,0.0,0.0,0.38
lnr_11813,11813,pierre-castillon,https://cdn.lnr.fr/joueur/11813-pierre-castillon/photo/photoFull.409fb64e5ca518486c03e07b8c688aa07f237184,Pierre Castillon,Bayonne,BAY,FRONT_ROW,1ère ligne,2025-2026,4,116.0,29.0,13.1,,,0.0,,,,0.0,0.69,,,0.0,,,,,lnr,22.0,185.0,104.0,France,94.3877551020408,80.0,58.8,70.1,0.577,0,78,5,74,0,41,,97.2,↗,5,"[39.4, 90.5, 100, 46.2, 100]",100,-0.67,1ère Ligne,1L,58,Basse,True,Basse,True,38,76.4,,,,,,,,,,,,0.0,48.1,3.0,0.0,0.0,0.0,0.0
lnr_637,637,pierre-colonna,https://cdn.lnr.fr/joueur/637-pierre-colonna/photo/photoFull.50e0d211418fb8267083232d5e5561b6e88fe79f,Pierre Colonna,Castres,CAS,FRONT_ROW,1ère ligne,2025-2026,7,230.0,32.9,11.83,,,0.0,,,,0.0,0.0,,,1.74,,,,,lnr,24.0,188.0,113.0,France,95.91836734693877,86.92307692307692,58.7,63.0,0.68,0,0,62,59,37,60,,41.2,↗,5,"[42.7, 41.2, 23.6, 62.1, 52.0]",100,0.5,1ère Ligne,1L,68,Moyenne,True,Basse,False,96,39.2,,,,,,,,,,,,0.0,93.6,7.0,0.0,0.0,0.0,0.35
lnr_2329,2329,pierre-damond,https://cdn.lnr.fr/joueur/2329-pierre-damond/photo/photoFull.2eaacbd11c12f10f571df4cbac07c560d1665acd,Pierre Damond,Toulon,TLN,FRONT_ROW,1ère ligne,2025-2026,14,452.0,32.3,13.27,,,0.53,,,,0.0,0.0,,,0.0,,,,,lnr,22.0,181.0,103.0,France,92.3469387755102,79.23076923076923,63.1,64.1,0.877,0,0,5,76,34,36,,42.9,↗,5,"[43.2, 43.2, 70.2, 100, 7.2]",100,-0.67,1ère Ligne,1L,88,Haute,False,Moyenne,False,86,45.9,,,,,,,,,,,,0.0,38.7,15.0,0.0,0.0,0.0,0.0
lnr_2456,2456,pierre-fouyssac,https://cdn.lnr.fr/joueur/2456-pierre-fouyssac/photo/photoFull.b5e9990d9a31ede8327da9bafe6aeb896ea144f3,Pierre Fouyssac,Clermont,CLR,WINGER,Ailier,2025-2026,4,211.0,52.8,7.96,,,0.0,,,,0.38,1.14,,,0.0,,,,,lnr,31.0,189.0,101.0,France,96.42857142857144,77.6923076923077,62.9,65.3,0.661,26,83,5,95,0,92,0.0,34.3,↘,4,"[57.8, 39.3, 33.3, 36.3]",100,2.0,Ailier,AIL,66,Moyenne,True,Basse,True,18,58.5,,,,,,,,,,,,0.0,76.9,4.0,0.0,0.0,0.0,0.0
lnr_990,990,pierre-popelin,https://cdn.lnr.fr/joueur/990-pierre-popelin/photo/photoFull.72bf58c41a4e33e0b840e29c27cf094ce967c5e1,Pierre Popelin,Castres,CAS,FULLBACK,Arrière,2025-2026,13,691.0,53.2,3.01,,,0.0,,,,0.12,0.69,,,9.96,,,,,lnr,30.0,181.0,87.0,France,92.3469387755102,66.92307692307692,63.3,59.6,1.0,11,49,95,36,13,90,9.36,10.7,→,5,"[0, 25.5, 16.2, 5.9, 8.0]",60,2.61,Arrière,ARR,100,Haute,False,Moyenne,False,18,45.2,,,,,,,,,,,,0.0,37.7,12.0,2.0,0.0,0.0,0.12
lnr_906,906,pio-muarua,https://cdn.lnr.fr/joueur/906-pio-muarua/photo/photoFull.b5e9990d9a31ede8327da9bafe6aeb896ea144f3,Pio Muarua,Clermont,CLR,BACK_ROW,3ème ligne,2025-2026,12,376.0,31.3,8.94,,,0.21,,,,0.21,0.64,,,1.06,,,,,lnr,29.0,191.0,120.0,Fidji,97.44897959183672,92.3076923076923,66.3,70.2,0.813,38,72,48,12,42,98,,63.2,↗,5,"[50.4, 34.0, 100, 66.4, 68.7]",100,2.96,3ème Ligne,3L,81,Haute,False,Basse,False,29,70.2,,,,,,,,,,,,0.0,94.9,11.0,0.0,0.0,0.0,0.21
lnr_1952,1952,posolo-tuilagi,https://cdn.lnr.fr/joueur/1952-posolo-tuilagi/photo/photoFull.14f86258177c199d0ec3ee9450197974d20d92b1,Posolo Tuilagi,Perpignan,PER,BACK_ROW,3ème ligne,2025-2026,7,281.0,40.1,11.67,,,0.85,,,,0.0,1.14,,,1.42,,,,,lnr,21.0,192.0,145.0,Samoa,97.95918367346938,100.0,81.7,75.4,0.731,0,95,64,46,76,99,,48.2,↗,5,"[5.9, 34.7, 46.5, 40.6, 90.5]",80,-1.03,3ème Ligne,3L,73,Moyenne,True,Basse,False,13,87.2,,,,,,,,,,,,0.0,14.4,8.0,1.0,0.0,0.0,0.28
lnr_986,986,quentin-lespiaucq,https://cdn.lnr.fr/joueur/986-quentin-lespiaucq/photo/photoFull.7cb6d3e8fb1a9ef473f9440830017cd30be5f626,Quentin Lespiaucq,La Rochelle,LRO,FRONT_ROW,1ère ligne,2025-2026,10,406.0,40.6,11.23,,,0.2,,,,0.2,0.39,,,2.96,,,,,lnr,31.0,180.0,102.0,France,91.83673469387756,78.46153846153847,62.4,63.7,0.838,79,44,95,52,70,33,,35.0,↗,5,"[19.1, 47.8, 11.7, 38.6, 56.5]",100,2.0,1ère Ligne,1L,84,Haute,False,Moyenne,False,89,43.6,,,,,,,,,,,,0.0,92.6,10.0,0.0,0.0,0.0,0.59
lnr_592,592,quentin-walcker,https://cdn.lnr.fr/joueur/592-quentin-walcker/photo/photoFull.50e0d211418fb8267083232d5e5561b6e88fe79f,Quentin Walcker,Castres,CAS,FRONT_ROW,1ère ligne,2025-2026,9,474.0,52.7,9.79,,,0.0,,,,0.17,0.0,,,0.0,,,,,lnr,30.0,181.0,109.0,France,92.3469387755102,83.84615384615385,53.4,57.2,0.895,67,0,5,35,0,46,,40.7,↗,5,"[27.0, 26.0, 62.6, 46.9, 50.8]",80,2.61,1ère Ligne,1L,90,Haute,False,Moyenne,False,135,14.0,,,,,,,,,,,,0.0,100.0,9.0,1.0,0.0,0.0,0.0
lnr_12341,12341,romeo-bonnard-martin,https://cdn.lnr.fr/joueur/12341-romeo-bonnard-martin/photo/photoFull.2697f7f0cb7b3da001ecdd411641ac7914939acd,R. Bonnard Martin,Toulouse,TLS,BACK_ROW,3ème ligne,2025-2026,4,60.0,15.0,16.0,,,0.0,,,,0.0,0.0,,,0.0,,,,,lnr,19.0,196.0,107.0,France,100.0,82.3076923076923,59.9,65.2,0.54,0,0,5,95,0,93,,53.1,↗,4,"[0, 100, 80.0, 26.0]",100,-1.38,3ème Ligne,3L,54,Basse,True,Basse,True,52,45.2,,,,,,,,,,,,0.0,,,0.0,0.0,0.0,0.0
lnr_12571,12571,rohan-janse-van-rensburg-2,https://cdn.lnr.fr/joueur/12571-rohan-janse-van-rensburg-2/photo/photoFull.dcb886cd35479c542abefe5a2fb2ff29300d8c42,R. Janse Van Rensburg,Bordeaux,BOR,CENTRE,Centre,2025-2026,13,758.0,58.3,8.87,,,0.74,,,,0.32,0.42,,,0.0,,,,,lnr,31.0,185.0,109.0,Afrique du Sud,94.3877551020408,83.84615384615385,75.0,75.4,1.0,31,32,5,95,38,95,,58.7,↗,5,"[39.3, 60.9, 45.3, 100, 45.9]",100,2.0,Centre,CTR,100,Haute,False,Moyenne,False,4,95.9,,,,,,,,,,,,0.0,1.8,14.0,0.0,0.0,0.0,0.0
lnr_2443,2443,rodrigue-neti,https://cdn.lnr.fr/joueur/2443-rodrigue-neti/photo/photoFull.a2503fca1a2646233602741328f9c3f7893fa1e1,R. Neti,Toulouse,TLS,FRONT_ROW,1ère ligne,2025-2026,10,497.0,49.7,7.4,,,0.0,,,,0.0,0.16,,,0.0,,,,,lnr,30.0,185.0,121.0,France,94.3877551020408,93.07692307692308,55.1,56.3,0.914,0,18,5,7,0,71,,21.0,↘,5,"[29.8, 40.6, 13.7, 17.0, 23.1]",100,2.61,1ère Ligne,1L,91,Haute,False,Moyenne,False,141,10.8,,,,,,,,,,,,0.0,92.5,10.0,0.0,0.0,0.0,0.0
lnr_13460,13460,ricky-riccitelli,https://cdn.lnr.fr/joueur/13460-ricky-riccitelli/photo/photoFull.51bae4c81f5510244486dd81eab22f315e4675c1,R. Riccitelli,Montpellier,MHR,FRONT_ROW,1ère ligne,2025-2026,8,294.0,36.8,10.88,,,0.27,,,,0.0,0.0,,,4.08,,,,,lnr,31.0,178.0,110.0,Nouvelle Zélande,90.81632653061224,84.61538461538461,63.0,67.0,0.744,0,0,95,48,74,45,,52.7,↗,5,"[36.3, 29.8, 36.9, 100, 43.2]",100,2.0,1ère Ligne,1L,74,Moyenne,True,Basse,False,61,61.1,,,,,,,,,,,,0.0,91.7,9.0,0.0,0.0,0.0,0.82
lnr_1093,1093,romain-taofifenua,https://cdn.lnr.fr/joueur/1093-romain-taofifenua/photo/photoFull.8b942e992ebb42fdd1ca819c8cb833427c776cef,R. Taofifenua,Racing 92,R92,LOCK,2ème ligne,2025-2026,12,581.0,48.4,7.3,,,0.69,,,,0.0,0.55,,,2.75,,,,,lnr,35.0,,138.0,France,0.0,100.0,58.2,62.2,0.984,0,47,95,0,95,15,,30.6,→,5,"[36.8, 36.2, 20.3, 23.1, 47.8]",50,-0.67,2ème Ligne,2L,98,Haute,False,Moyenne,False,52,26.1,73.1,France,35.0,cluster_1,66.2,74.1,50.0,90.6,69.4,62.7,85.2,0.0,15.8,11.0,1.0,1.0,0.0,0.55
lnr_14057,14057,raphael-marchesin,https://cdn.lnr.fr/joueur/14057-raphael-marchesin/photo/photoFull.409fb64e5ca518486c03e07b8c688aa07f237184,Raphael Marchesin,Bayonne,BAY,BACK_ROW,3ème ligne,2025-2026,2,62.0,31.0,15.48,,,0.0,,,,0.0,0.0,,,0.0,,,,,lnr,20.0,188.0,94.0,France,95.91836734693877,72.3076923076923,58.6,65.6,0.541,0,0,5,94,0,85,,59.7,→,1,[70.0],100,-1.25,3ème Ligne,3L,54,Basse,True,Basse,True,48,50.0,,,,,,,,,,,,0.0,,,0.0,0.0,0.0,0.0
lnr_2381,2381,rayan-rebbadj,https://cdn.lnr.fr/joueur/2381-rayan-rebbadj/photo/photoFull.26dec662e84c737005260a65b33966bd7438db17,Rayan Rebbadj,Toulon,TLN,CENTRE,Centre,2025-2026,4,273.0,68.2,4.69,,,0.0,,,,1.17,1.17,,,1.47,,,,,lnr,26.0,190.0,93.0,France,96.93877551020408,71.53846153846153,76.6,71.4,0.723,95,89,37,27,25,86,,22.6,↘,4,"[36.8, 5.9, 0, 47.1]",100,2.0,Centre,CTR,72,Moyenne,True,Basse,True,17,78.4,,,,,,,,,,,,0.0,47.4,4.0,0.0,0.0,0.0,0.29
lnr_1000,1000,reda-wardi,https://cdn.lnr.fr/joueur/1000-reda-wardi/photo/photoFull.7cb6d3e8fb1a9ef473f9440830017cd30be5f626,Reda Wardi,La Rochelle,LRO,FRONT_ROW,1ère ligne,2025-2026,12,568.0,47.3,10.56,,,0.0,,,,0.0,0.56,,,0.7,,,,,lnr,30.0,185.0,110.0,France,94.3877551020408,84.61538461538461,59.4,63.5,0.973,0,63,25,44,15,52,,60.3,↗,5,"[60.9, 44.5, 38.0, 83.7, 88.9]",100,2.61,1ère Ligne,1L,97,Haute,False,Moyenne,False,93,41.4,,,,,,,,,,,,0.0,44.5,13.0,0.0,0.0,0.0,0.14
lnr_1940,1940,reece-hewat,https://cdn.lnr.fr/joueur/1940-reece-hewat/photo/photoFull.b948a9307d0771aeee5c40d614c45938eb2eb700,Reece Hewat,Pau,PAU,BACK_ROW,3ème ligne,2025-2026,17,856.0,50.4,11.96,,,0.19,,,,0.37,0.56,,,1.87,,,,,lnr,28.0,191.0,106.0,Australie,97.44897959183672,81.53846153846153,70.0,68.8,1.0,67,63,84,50,62,92,,38.2,↗,5,"[18.3, 19.9, 19.9, 58.3, 59.3]",80,2.96,3ème Ligne,3L,100,Haute,False,Bonne,False,35,63.8,,,,,,,,,,,,0.0,96.5,17.0,1.0,0.0,0.0,0.37
lnr_2677,2677,remy-baget,https://cdn.lnr.fr/joueur/2677-remy-baget/photo/photoFull.50e0d211418fb8267083232d5e5561b6e88fe79f,Remy Baget,Castres,CAS,WINGER,Ailier,2025-2026,6,387.0,64.5,3.72,,,0.62,,,,0.21,1.24,,,1.03,,,,,lnr,28.0,182.0,89.0,France,92.85714285714286,68.46153846153847,65.7,64.3,0.822,14,91,5,25,52,84,0.0,17.4,↗,5,"[11.9, 21.6, 35.4, 9.5, 16.4]",100,2.96,Ailier,AIL,82,Haute,False,Basse,False,20,53.7,,,,,,,,,,,,0.0,27.2,6.0,0.0,0.0,0.0,0.21
lnr_13647,13647,robert-leota,https://cdn.lnr.fr/joueur/13647-robert-leota/photo/photoFull.409fb64e5ca518486c03e07b8c688aa07f237184,Robert Leota,Bayonne,BAY,BACK_ROW,3ème ligne,2025-2026,11,753.0,68.5,9.77,,,0.11,,,,0.32,0.21,,,0.53,,,,,lnr,29.0,190.0,110.0,Australie,96.93877551020408,84.61538461538461,61.0,62.2,1.0,58,23,24,23,22,94,,40.1,↗,5,"[44.5, 27.0, 39.7, 65.3, 42.4]",100,2.96,3ème Ligne,3L,100,Haute,False,Moyenne,False,66,30.3,68.3,Australie,26.0,cluster_1,55.8,50.0,50.0,86.1,91.0,54.5,75.8,0.0,100.0,9.0,0.0,0.0,0.0,0.11
lnr_5847,5847,robert-simmons-1,https://cdn.lnr.fr/joueur/5847-robert-simmons-1/photo/photoFull.b5e9990d9a31ede8327da9bafe6aeb896ea144f3,Robert Simmons,Clermont,CLR,LOCK,2ème ligne,2025-2026,15,778.0,51.9,9.15,,,0.31,,,,0.1,0.51,,,0.0,,,,,lnr,36.0,,115.0,Australie,0.0,88.46153846153845,51.5,62.6,1.0,36,43,5,23,21,9,,36.9,→,5,"[29.3, 28.9, 59.2, 41.2, 41.9]",70,-1.03,2ème Ligne,2L,100,Haute,False,Moyenne,False,64,8.7,73.6,Australie,67.0,cluster_1,66.3,54.0,50.0,87.1,78.1,57.8,87.3,0.0,97.4,15.0,0.0,1.0,0.0,0.0
lnr_462,462,rodrigo-bruni,https://cdn.lnr.fr/joueur/462-rodrigo-bruni/photo/photoFull.1d6a32f7ce4a12d423552fb50b73687ec52ba345,Rodrigo Bruni,Bayonne,BAY,BACK_ROW,3ème ligne,2025-2026,13,870.0,66.9,10.48,,,0.46,,,,0.46,0.83,,,0.92,,,,,lnr,32.0,187.0,109.0,Argentine,95.40816326530611,83.84615384615385,72.4,71.7,1.0,84,93,41,31,55,93,,49.4,↗,5,"[62.6, 39.3, 51.1, 74.6, 53.3]",80,1.26,3ème Ligne,3L,100,Haute,False,Bonne,False,24,75.5,63.4,Argentine,38.0,cluster_1,50.1,52.1,50.0,66.5,86.0,52.0,70.0,0.0,55.3,14.0,1.0,0.0,0.0,0.18
lnr_1790,1790,romain-briatte,https://cdn.lnr.fr/joueur/1790-romain-briatte/photo/photoFull.af05d90330b88b7be458e288b68ca734babbf81c,Romain Briatte,Paris,SFP,LOCK,2ème ligne,2025-2026,15,921.0,61.4,14.68,,,0.09,,,,0.0,0.43,,,0.0,,,,,lnr,33.0,194.0,97.0,France,98.9795918367347,74.61538461538461,60.9,63.5,1.0,0,36,5,95,6,87,,65.5,↗,5,"[56.9, 57.5, 64.2, 100, 67.5]",40,0.5,2ème Ligne,2L,100,Haute,False,Bonne,False,32,55.1,,,,,,,,,,,,0.0,98.9,16.0,3.0,0.0,0.0,0.0
lnr_318,318,romain-buros,https://cdn.lnr.fr/joueur/318-romain-buros/photo/photoFull.9db3e1c64b0fa647759e691550b9e8351884f243,Romain Buros,Bordeaux,BOR,FULLBACK,Arrière,2025-2026,10,667.0,66.7,2.4,,,0.0,,,,0.48,0.6,,,3.0,,,,,lnr,28.0,187.0,90.0,France,95.40816326530611,69.23076923076923,64.8,61.7,1.0,44,42,5,19,57,93,0.0,10.8,→,5,"[16.6, 10.1, 16.9, 4.6, 9.2]",100,2.96,Arrière,ARR,100,Haute,False,Moyenne,False,11,67.7,,,,,,,,,,,,0.0,18.8,10.0,0.0,0.0,0.0,0.6
lnr_1873,1873,romain-fonnicola,https://cdn.lnr.fr/joueur/1873-romain-fonnicola/photo/photoFull.7260593a1939529b8f58882fcd9327e3deee5c0d,Romain Fonnicola,Montauban,MTB,WINGER,Ailier,2025-2026,2,91.0,45.5,6.15,,,0.0,,,,0.0,1.76,,,4.4,,,,,lnr,23.0,186.0,96.0,France,94.89795918367348,73.84615384615385,64.8,65.1,0.561,0,95,5,72,57,89,0.0,29.2,→,2,"[19.2, 42.0]",100,-0.16,Ailier,AIL,56,Basse,True,Basse,True,19,56.1,,,,,,,,,,,,0.0,,,0.0,0.0,0.0,0.88
lnr_2436,2436,romain-ntamack,https://cdn.lnr.fr/joueur/2436-romain-ntamack/photo/photoFull.a2503fca1a2646233602741328f9c3f7893fa1e1,Romain Ntamack,Toulouse,TLS,FLY_HALF,Demi d'ouverture,2025-2026,11,712.0,64.7,6.18,,,0.0,,,,0.45,0.9,,,5.28,,,,,lnr,26.0,186.0,91.0,France,94.89795918367348,70.0,70.4,71.4,1.0,46,72,36,75,48,81,3.58,24.0,↘,5,"[49.1, 36.7, 35.4, 13.7, 21.6]",100,2.0,Ouvreur,10,100,Haute,False,Moyenne,False,4,92.1,83.0,France,36.0,cluster_1,77.4,82.2,86.8,91.6,76.4,80.6,93.0,0.8,51.7,11.0,0.0,0.0,0.0,0.34
lnr_2266,2266,ru-hann-greyling,https://cdn.lnr.fr/joueur/2266-ru-hann-greyling/photo/photoFull.28a7076c5091624b9d043c9f795307457230f77f,Ru-hann Greyling,Montauban,MTB,FRONT_ROW,1ère ligne,2025-2026,12,568.0,47.3,8.73,,,0.0,,,,0.0,0.14,,,0.0,,,,,lnr,26.0,181.0,108.0,Afrique du Sud,92.3469387755102,83.07692307692308,49.5,53.6,0.973,0,16,5,22,0,44,,46.9,↗,5,"[23.6, 45.4, 31.2, 76.1, 60.9]",80,2.0,1ère Ligne,1L,97,Haute,False,Moyenne,False,152,3.8,,,,,,,,,,,,0.0,87.6,12.0,1.0,0.0,0.0,0.0
lnr_1804,1804,ryan-chapuis,https://cdn.lnr.fr/joueur/1804-ryan-chapuis/photo/photoFull.0d105085f705532550693973c5545a1d4e020463,Ryan Chapuis,Paris,SFP,BACK_ROW,3ème ligne,2025-2026,5,247.0,49.4,13.6,,,0.32,,,,0.0,0.0,,,0.0,,,,,lnr,28.0,190.0,105.0,France,96.93877551020408,80.76923076923077,67.6,70.0,0.697,0,0,5,70,21,91,,49.3,↘,5,"[47.1, 100, 57.6, 0, 82.0]",100,2.96,3ème Ligne,3L,70,Moyenne,True,Basse,False,30,69.1,,,,,,,,,,,,0.0,97.8,4.0,0.0,0.0,0.0,0.0
lnr_921,921,regis-montagne,https://cdn.lnr.fr/joueur/921-regis-montagne/photo/photoFull.b5e9990d9a31ede8327da9bafe6aeb896ea144f3,Régis Montagne,Clermont,CLR,FRONT_ROW,1ère ligne,2025-2026,13,600.0,46.2,9.73,,,0.4,,,,0.0,0.27,,,0.0,,,,,lnr,25.0,186.0,132.0,France,94.89795918367348,100.0,67.9,66.6,1.0,0,30,5,34,25,91,,36.5,↗,5,"[41.4, 28.2, 30.3, 42.9, 50.8]",80,1.26,1ère Ligne,1L,100,Haute,False,Moyenne,False,67,58.0,,,,,,,,,,,,0.0,100.0,13.0,1.0,0.0,0.0,0.0
lnr_994,994,remi-picquette,https://cdn.lnr.fr/joueur/994-remi-picquette/photo/photoFull.bf4a801945c52387138b3325d9dd3bcf510292ab,Rémi Picquette,Pau,PAU,LOCK,2ème ligne,2025-2026,7,235.0,33.6,8.17,,,0.0,,,,0.0,0.0,,,0.0,,,,,lnr,31.0,,117.0,France,0.0,90.0,43.8,53.9,0.685,0,0,5,9,0,10,,28.2,→,5,"[55.3, 10.1, 15.8, 37.7, 36.2]",100,2.0,2ème Ligne,2L,68,Moyenne,True,Basse,False,61,13.0,,,,,,,,,,,,0.0,95.9,6.0,0.0,0.0,0.0,0.0
lnr_1889,1889,remi-seneca,https://cdn.lnr.fr/joueur/1889-remi-seneca/photo/photoFull.bf4a801945c52387138b3325d9dd3bcf510292ab,Rémi Seneca,Pau,PAU,FRONT_ROW,1ère ligne,2025-2026,11,333.0,30.3,17.06,,,0.24,,,,0.0,0.48,,,1.2,,,,,lnr,31.0,185.0,113.0,France,94.3877551020408,86.92307692307692,76.0,76.6,0.778,0,54,43,95,41,57,,67.8,↗,5,"[81.0, 39.4, 83.9, 100, 56.5]",100,2.0,1ère Ligne,1L,78,Haute,False,Basse,False,9,94.9,,,,,,,,,,,,0.0,98.1,9.0,0.0,0.0,0.0,0.24
lnr_1736,1736,sergo-abramishvili,https://cdn.lnr.fr/joueur/1736-sergo-abramishvili/photo/photoFull.af05d90330b88b7be458e288b68ca734babbf81c,S. Abramishvili,Paris,SFP,FRONT_ROW,1ère ligne,2025-2026,6,277.0,46.2,13.0,,,0.0,,,,0.0,0.0,,,1.44,,,,,lnr,22.0,184.0,105.0,Géorgie,93.87755102040816,80.76923076923077,56.2,61.7,0.727,0,0,51,72,31,42,,50.2,↗,5,"[62.8, 33.0, 85.3, 68.7, 45.4]",100,-0.67,1ère Ligne,1L,73,Moyenne,True,Basse,False,105,33.4,,,,,,,,,,,,0.0,98.2,6.0,0.0,0.0,0.0,0.29
lnr_1747,1747,stephane-ahmed,https://cdn.lnr.fr/joueur/1747-stephane-ahmed/photo/photoFull.7260593a1939529b8f58882fcd9327e3deee5c0d,S. Ahmed,Montauban,MTB,WINGER,Ailier,2025-2026,6,439.0,73.2,3.83,,,0.18,,,,1.46,1.28,,,1.82,,,,,lnr,27.0,182.0,83.0,France,92.85714285714286,63.84615384615384,79.7,74.2,0.866,95,93,95,27,42,81,0.0200000000000002,22.7,↗,5,"[25.5, 11.8, 29.2, 30.6, 22.8]",100,2.61,Ailier,AIL,87,Haute,False,Moyenne,False,4,92.7,,,,,,,,,,,,0.0,57.1,6.0,0.0,0.0,0.0,0.36
lnr_555,555,santiago-arata-perrone,https://cdn.lnr.fr/joueur/555-santiago-arata-perrone/photo/photoFull.bf7e6b3668f1d7c40821cbfca4c5f267bcf81dfe,S. Arata Perrone,Castres,CAS,SCRUM_HALF,Demi de mêlée,2025-2026,13,770.0,59.2,7.48,,,0.0,,,,0.42,1.25,,,1.56,,,,,lnr,29.0,174.0,75.0,Italie,88.77551020408163,57.692307692307686,67.5,65.7,1.0,42,71,5,79,31,56,0.01,25.7,↘,5,"[8.7, 73.4, 46.0, 18.0, 16.2]",100,2.96,Demi de mêlée,9,100,Haute,False,Moyenne,False,11,72.5,60.2,URUG,32.0,cluster_0,50.0,50.0,50.0,77.0,100.0,56.6,88.8,0.0,61.6,13.0,0.0,0.0,0.0,0.31
lnr_669,669,sebastien-bezy,https://cdn.lnr.fr/joueur/669-sebastien-bezy/photo/photoFull.b5e9990d9a31ede8327da9bafe6aeb896ea144f3,S. Bezy,Clermont,CLR,SCRUM_HALF,Demi de mêlée,2025-2026,9,286.0,31.8,5.59,,,0.0,,,,0.84,1.68,,,1.4,,,,,lnr,34.0,174.0,76.0,France,88.77551020408163,58.46153846153847,67.3,65.3,0.736,83,95,5,43,28,57,0.0,25.1,↘,5,"[100, 50.4, 58.8, 9.8, 0]",100,-0.16,Demi de mêlée,9,74,Moyenne,True,Basse,False,14,67.5,68.2,France,8.0,cluster_1,52.1,60.8,50.0,80.4,97.6,50.7,95.1,0.0,32.0,7.0,0.0,0.0,0.0,0.28
lnr_12612,12612,soumaila-camara,https://cdn.lnr.fr/joueur/12612-soumaila-camara/photo/photoFull.7379d926936176d3eaa666ae7f05a48b45011660,S. Camara,Racing 92,R92,BACK_ROW,3ème ligne,2025-2026,4,134.0,33.5,11.94,,,0.6,,,,0.0,0.6,,,0.0,,,,,lnr,22.0,187.0,101.0,France,95.40816326530611,77.6923076923077,72.0,70.3,0.589,0,67,5,50,38,88,,47.7,↘,5,"[100, 46.3, 32.1, 41.2, 68.7]",100,-0.67,3ème Ligne,3L,59,Basse,True,Basse,True,28,71.3,74.5,France,17.0,cluster_1,77.2,96.8,50.0,93.2,60.7,65.1,87.6,0.0,44.0,4.0,0.0,0.0,0.0,0.0
lnr_2397,2397,santiago-chocobares,https://cdn.lnr.fr/joueur/2397-santiago-chocobares/photo/photoFull.a2503fca1a2646233602741328f9c3f7893fa1e1,S. Chocobares,Toulouse,TLS,CENTRE,Centre,2025-2026,7,509.0,72.7,6.44,,,0.0,,,,0.16,1.26,,,0.0,,,,,lnr,27.0,188.0,100.0,Argentine,95.91836734693877,76.92307692307693,64.4,62.9,0.924,15,95,5,57,0,90,,23.8,→,5,"[6.3, 33.9, 34.7, 19.0, 28.8]",80,2.61,Centre,CTR,92,Haute,False,Moyenne,False,48,36.5,62.8,Argentine,20.0,cluster_1,58.2,57.3,50.0,87.9,90.9,54.6,94.1,0.0,78.4,8.0,1.0,0.0,0.0,0.0
lnr_14049,14049,sione-tulimaiau-mafileo,https://cdn.lnr.fr/joueur/14049-sione-tulimaiau-mafileo/photo/photoFull.3c8952573828e322d296760ba729a481e1e3b662,S. Mafile'o,Montauban,MTB,FRONT_ROW,1ère ligne,2025-2026,5,199.0,39.8,12.06,,,0.0,,,,0.0,0.0,,,0.0,,,,,lnr,33.0,180.0,135.0,Nouvelle Zélande,91.83673469387756,100.0,67.2,67.7,0.649,0,0,5,61,0,90,,41.0,→,2,"[60.6, 37.7]",100,0.5,1ère Ligne,1L,65,Moyenne,True,Basse,False,54,66.2,,,,,,,,,,,,0.0,,,0.0,0.0,0.0,0.0
lnr_13637,13637,sama-leonardo-malolo,https://cdn.lnr.fr/joueur/13637-sama-leonardo-malolo/photo/photoFull.14f86258177c199d0ec3ee9450197974d20d92b1,S. Malolo,Perpignan,PER,FRONT_ROW,1ère ligne,2025-2026,11,474.0,43.1,11.14,,,0.51,,,,0.84,0.51,,,0.84,,,,,lnr,28.0,184.0,109.0,Samoa occidental,93.87755102040816,83.84615384615385,71.3,72.1,0.895,95,57,30,51,50,49,,52.2,↗,5,"[45.5, 49.1, 60.9, 34.4, 87.1]",100,2.96,1ère Ligne,1L,90,Haute,False,Moyenne,False,22,86.3,,,,,,,,,,,,0.0,28.3,7.0,0.0,0.0,0.0,0.17
lnr_11803,11803,shingirai-dylan-masimba-manyarara,https://cdn.lnr.fr/joueur/11803-shingirai-dylan-masimba-manyarara/photo/photoFull.8b942e992ebb42fdd1ca819c8cb833427c776cef,S. Manyarara,Racing 92,R92,BACK_ROW,3ème ligne,2025-2026,11,579.0,52.6,13.13,,,0.0,,,,0.28,0.0,,,0.69,,,,,lnr,22.0,185.0,100.0,Zimbabwe,94.3877551020408,76.92307692307693,58.3,61.4,0.982,51,0,31,64,19,87,,56.3,↗,5,"[39.7, 79.4, 49.3, 100, 46.9]",100,-0.67,3ème Ligne,3L,98,Haute,False,Moyenne,False,69,27.7,,,,,,,,,,,,0.0,97.7,11.0,0.0,0.0,0.0,0.14
lnr_12704,12704,sikumbuzo-notshe,https://cdn.lnr.fr/joueur/12704-sikumbuzo-notshe/photo/photoFull.7260593a1939529b8f58882fcd9327e3deee5c0d,S. Notshe,Montauban,MTB,BACK_ROW,3ème ligne,2025-2026,12,617.0,51.4,8.3,,,0.39,,,,0.13,0.13,,,0.65,,,,,lnr,32.0,186.0,105.0,Afrique du Sud,94.89795918367348,80.76923076923077,62.0,61.8,1.0,24,15,29,4,43,90,,32.8,↗,5,"[33.3, 13.7, 18.3, 32.1, 58.6]",100,1.26,3ème Ligne,3L,100,Haute,False,Moyenne,False,68,28.7,63.8,SA,8.0,cluster_1,50.0,50.0,50.0,50.0,89.0,50.0,87.3,0.0,96.1,12.0,0.0,0.0,0.0,0.13
lnr_13613,13613,selesitino-ravutaumada,https://cdn.lnr.fr/joueur/13613-selesitino-ravutaumada/photo/photoFull.7379d926936176d3eaa666ae7f05a48b45011660,S. Ravutaumada,Racing 92,R92,WINGER,Ailier,2025-2026,8,499.0,62.4,5.61,,,0.16,,,,0.16,0.8,,,0.8,,,,,lnr,26.0,183.0,93.0,Fidji,93.36734693877553,71.53846153846153,56.9,57.8,0.916,11,58,5,61,26,87,0.0,28.0,↗,5,"[45.2, 15.7, 36.3, 25.2, 34.9]",80,2.0,Ailier,AIL,92,Haute,False,Moyenne,False,34,19.5,,,,,,,,,,,,0.0,62.6,7.0,1.0,0.0,0.0,0.16
lnr_1850,1850,siate-folau-tokolahi,https://cdn.lnr.fr/joueur/1850-siate-folau-tokolahi/photo/photoFull.bf4a801945c52387138b3325d9dd3bcf510292ab,S. Tokolahi,Pau,PAU,FRONT_ROW,1ère ligne,2025-2026,10,306.0,30.6,10.98,,,0.0,,,,0.0,0.0,,,0.0,,,,,lnr,34.0,179.0,123.0,Tonga,91.3265306122449,94.6153846153846,59.3,63.6,0.755,0,0,5,49,0,69,,51.4,↘,5,"[15.8, 87.1, 20.7, 45.4, 90.5]",100,-0.16,1ère Ligne,1L,76,Haute,False,Basse,False,91,42.4,,,,,,,,,,,,0.0,95.5,9.0,0.0,0.0,0.0,0.0
lnr_2446,2446,selevasio-tolofua,https://cdn.lnr.fr/joueur/2446-selevasio-tolofua/photo/photoFull.b5e9990d9a31ede8327da9bafe6aeb896ea144f3,S. Tolofua,Clermont,CLR,CENTRE,Centre,2025-2026,15,865.0,57.7,11.38,,,0.09,,,,0.09,1.57,,,0.92,,,,,lnr,28.0,186.0,116.0,France,94.89795918367348,89.23076923076924,77.1,76.5,1.0,9,95,23,95,25,97,,52.1,↗,5,"[54.3, 47.8, 98.9, 68.7, 42.3]",100,2.96,Centre,CTR,100,Haute,False,Bonne,False,3,97.3,,,,,,,,,,,,0.0,61.3,15.0,0.0,0.0,0.0,0.18
lnr_429,429,setariki-tuicuvu,https://cdn.lnr.fr/joueur/429-setariki-tuicuvu/photo/photoFull.2eaacbd11c12f10f571df4cbac07c560d1665acd,S. Tuicuvu,Toulon,TLN,CENTRE,Centre,2025-2026,11,628.0,57.1,3.44,,,0.38,,,,0.76,0.0,,,1.27,,,,,lnr,30.0,175.0,94.0,Fidji,89.28571428571429,72.3076923076923,67.8,65.9,1.0,73,0,32,5,59,85,,15.7,↗,5,"[13.9, 9.2, 21.6, 31.0, 5.9]",100,2.61,Centre,CTR,100,Haute,False,Moyenne,False,41,45.9,77.3,FIJI,11.0,cluster_0,83.6,75.3,51.3,89.1,80.6,72.2,86.9,0.2299999999999997,41.3,11.0,0.0,0.0,0.0,0.25
lnr_2023,2023,sacha-lotrian,https://cdn.lnr.fr/joueur/2023-sacha-lotrian/photo/photoFull.b5e9990d9a31ede8327da9bafe6aeb896ea144f3,Sacha Lotrian,Clermont,CLR,FRONT_ROW,1ère ligne,2025-2026,11,344.0,31.3,15.12,,,0.0,,,,0.0,0.47,,,2.33,,,,,lnr,25.0,180.0,100.0,France,91.83673469387756,76.92307692307693,63.6,64.8,0.787,0,53,83,95,50,29,,36.3,↘,5,"[68.7, 33.6, 27.3, 36.2, 47.8]",100,1.26,1ère Ligne,1L,79,Haute,False,Basse,False,80,49.7,,,,,,,,,,,,0.0,48.5,9.0,0.0,0.0,0.0,0.47
lnr_1914,1914,sacha-zegueur,https://cdn.lnr.fr/joueur/1914-sacha-zegueur/photo/photoFull.bf4a801945c52387138b3325d9dd3bcf510292ab,Sacha Zegueur,Pau,PAU,BACK_ROW,3ème ligne,2025-2026,15,757.0,50.5,15.96,,,0.0,,,,0.11,0.21,,,0.0,,,,,lnr,26.0,192.0,105.0,France,97.95918367346938,80.76923076923077,63.2,63.5,1.0,20,23,5,95,0,91,,41.4,↘,5,"[81.7, 81.7, 77.9, 26.0, 28.0]",80,2.0,3ème Ligne,3L,100,Haute,False,Moyenne,False,61,36.2,,,,,,,,,,,,0.0,96.3,17.0,1.0,0.0,0.0,0.0
lnr_12774,12774,salesi-rayasi,https://cdn.lnr.fr/joueur/12774-salesi-rayasi/photo/photoFull.69fbb6c0ebf33080bfca02a9de0a33e02ddaed63,Salesi Rayasi,Bordeaux,BOR,WINGER,Ailier,2025-2026,15,865.0,57.7,3.24,,,0.18,,,,1.29,0.74,,,3.7,,,,,lnr,29.0,193.0,105.0,Nouvelle Zélande,98.46938775510203,80.76923076923077,75.0,69.2,1.0,88,54,5,16,68,95,0.0,8.6,↗,5,"[0, 13.4, 25.6, 13.1, 0]",80,2.96,Ailier,AIL,100,Haute,False,Bonne,False,7,85.4,,,,,,,,,,,,0.0,20.1,14.0,1.0,0.0,0.0,0.74
lnr_660,660,samuel-ezeala,https://cdn.lnr.fr/joueur/660-samuel-ezeala/photo/photoFull.af05d90330b88b7be458e288b68ca734babbf81c,Samuel Ezeala,Paris,SFP,CENTRE,Centre,2025-2026,14,849.0,60.6,4.71,,,0.19,,,,0.66,0.09,,,0.0,,,,,lnr,26.0,187.0,99.0,Espagne,95.40816326530611,76.15384615384615,61.8,62.1,1.0,63,7,5,27,20,90,,38.5,↗,5,"[9.2, 67.4, 18.2, 81.7, 30.8]",80,2.0,Centre,CTR,100,Haute,False,Bonne,False,50,33.1,,,,,,,,,,,,0.0,60.8,11.0,1.0,0.0,0.0,0.0
lnr_12647,12647,samuel-james,https://cdn.lnr.fr/joueur/12647-samuel-james/photo/photoFull.7379d926936176d3eaa666ae7f05a48b45011660,Samuel James,Racing 92,R92,CENTRE,Centre,2025-2026,12,865.0,72.1,2.68,,,0.0,,,,0.55,0.74,,,0.92,,,,,lnr,31.0,195.0,94.0,Grande-Bretagne,99.48979591836736,72.3076923076923,57.3,55.3,1.0,53,56,23,0,15,87,,15.6,↗,5,"[0, 0, 12.4, 11.8, 30.3]",60,2.0,Centre,CTR,100,Haute,False,Bonne,False,68,9.5,,,,,,,,,,,,0.0,5.2,12.0,2.0,0.0,0.0,0.18
lnr_1794,1794,sekou-macalou,https://cdn.lnr.fr/joueur/1794-sekou-macalou/photo/photoFull.af05d90330b88b7be458e288b68ca734babbf81c,Sekou Macalou,Paris,SFP,BACK_ROW,3ème ligne,2025-2026,12,519.0,43.2,10.64,,,0.62,,,,0.15,0.15,,,0.0,,,,,lnr,30.0,198.0,108.0,France,100.0,83.07692307692308,71.1,69.1,0.932,27,17,5,33,38,94,,30.5,↘,5,"[53.0, 68.1, 17.6, 14.7, 39.9]",100,2.61,3ème Ligne,3L,93,Haute,False,Moyenne,False,33,65.4,69.0,France,17.0,cluster_1,61.8,62.0,50.0,88.4,77.5,61.9,82.2,0.0,0.0,10.0,0.0,0.0,0.0,0.0
lnr_3221,3221,semi-lagivala,https://cdn.lnr.fr/joueur/3221-semi-lagivala/photo/photoFull.7cb6d3e8fb1a9ef473f9440830017cd30be5f626,Semi Lagivala,La Rochelle,LRO,CENTRE,Centre,2025-2026,10,491.0,49.1,5.05,,,0.16,,,,0.49,1.14,,,0.81,,,,,lnr,23.0,190.0,94.0,Fidji,96.93877551020408,72.3076923076923,68.3,66.7,0.909,47,87,20,33,31,87,,33.6,↗,5,"[20.8, 37.1, 37.1, 17.6, 57.3]",100,-0.16,Centre,CTR,91,Haute,False,Moyenne,False,31,59.5,,,,,,,,,,,,0.0,11.0,12.0,0.0,0.0,0.0,0.16
lnr_966,966,simeli-daunivucu,https://cdn.lnr.fr/joueur/966-simeli-daunivucu/photo/photoFull.7cb6d3e8fb1a9ef473f9440830017cd30be5f626,Simeli Daunivucu,La Rochelle,LRO,WINGER,Ailier,2025-2026,7,293.0,41.9,10.38,,,0.0,,,,0.27,0.82,,,0.55,,,,,lnr,21.0,180.0,85.0,Fidji,91.83673469387756,65.38461538461539,58.0,61.2,0.743,18,60,95,95,0,81,0.55,39.8,→,5,"[21.6, 50.4, 23.6, 32.1, 70.1]",100,-1.03,Ailier,AIL,74,Moyenne,True,Basse,False,27,36.6,,,,,,,,,,,,0.0,63.0,4.0,0.0,0.0,0.0,0.0
lnr_533,533,simon-meka,https://cdn.lnr.fr/joueur/533-simon-meka/photo/photoFull.50e0d211418fb8267083232d5e5561b6e88fe79f,Simon Meka,Castres,CAS,LOCK,2ème ligne,2025-2026,3,153.0,51.0,13.07,,,0.0,,,,0.0,0.0,,,2.61,,,,,lnr,26.0,193.0,110.0,France,98.46938775510203,84.61538461538461,66.3,70.2,0.603,0,0,95,79,57,91,,57.3,→,3,"[51.0, 36.7, 96.2]",100,2.0,2ème Ligne,2L,60,Moyenne,True,Basse,True,14,81.2,,,,,,,,,,,,0.0,95.9,3.0,0.0,0.0,0.0,0.52
lnr_1244,1244,simon-renda,https://cdn.lnr.fr/joueur/1244-simon-renda/photo/photoFull.28a7076c5091624b9d043c9f795307457230f77f,Simon Renda,Montauban,MTB,CENTRE,Centre,2025-2026,12,735.0,61.2,5.99,,,0.22,,,,0.22,0.65,,,0.0,,,,,lnr,25.0,186.0,97.0,France,94.89795918367348,74.61538461538461,64.4,62.4,1.0,21,49,5,49,24,88,,22.2,→,5,"[41.2, 22.9, 41.9, 27.4, 9.2]",100,1.26,Centre,CTR,100,Haute,False,Moyenne,False,49,35.1,,,,,,,,,,,,0.0,50.0,13.0,0.0,0.0,0.0,0.0
lnr_311,311,sipili-falatea,https://cdn.lnr.fr/joueur/311-sipili-falatea/photo/photoFull.9db3e1c64b0fa647759e691550b9e8351884f243,Sipili Falatea,Bordeaux,BOR,FRONT_ROW,1ère ligne,2025-2026,7,230.0,32.9,10.09,,,0.0,,,,0.0,0.7,,,1.74,,,,,lnr,28.0,183.0,115.0,France,93.36734693877553,88.46153846153845,62.5,66.5,0.68,0,79,62,38,37,59,,43.3,↗,5,"[36.2, 62.1, 91.1, 27.3, 44.7]",100,2.96,1ère Ligne,1L,68,Moyenne,True,Basse,False,68,57.3,68.6,France,11.0,cluster_1,71.7,70.1,50.0,85.1,61.6,69.2,81.5,0.0,48.1,7.0,0.0,0.0,0.0,0.35
lnr_2612,2612,sireli-maqala,https://cdn.lnr.fr/joueur/2612-sireli-maqala/photo/photoFull.1d6a32f7ce4a12d423552fb50b73687ec52ba345,Sireli Maqala,Bayonne,BAY,CENTRE,Centre,2025-2026,15,973.0,64.9,5.59,,,0.41,,,,0.74,0.82,,,2.88,,,,,lnr,,,,,0.0,0.0,68.5,65.7,1.0,71,62,72,42,87,0,,31.2,↘,5,"[21.0, 72.6, 32.7, 38.0, 24.9]",60,0.0,Centre,CTR,100,Haute,False,Bonne,False,35,53.4,,,,,,,,,,,,0.0,0.0,15.0,2.0,0.0,0.0,0.58
lnr_12786,12786,stuart-hogg-1,https://cdn.lnr.fr/joueur/12786-stuart-hogg-1/photo/photoFull.51bae4c81f5510244486dd81eab22f315e4675c1,Stuart Hogg,Montpellier,MHR,FULLBACK,Arrière,2025-2026,5,155.0,31.0,5.16,,,0.0,,,,1.03,2.06,,,5.16,,,,,lnr,33.0,183.0,93.0,Ecosse,93.36734693877553,71.53846153846153,83.2,76.2,0.605,94,95,95,94,57,92,2.56,15.6,↘,5,"[27.4, 19.9, 19.0, 19.0, 8.5]",100,0.5,Arrière,ARR,60,Moyenne,True,Basse,False,1,100.0,86.4,SCOT,64.0,cluster_1,99.0,93.1,64.2,85.7,65.7,92.4,88.5,1.1400000000000006,12.4,4.0,0.0,0.0,0.0,0.52
lnr_13364,13364,suliasi-vunivalu,https://cdn.lnr.fr/joueur/13364-suliasi-vunivalu/photo/photoFull.01e7e4177db166b370a81655ed844dbb271b4fe2,Suliasi Vunivalu,La Rochelle,LRO,WINGER,Ailier,2025-2026,4,217.0,54.2,5.9,,,0.0,,,,1.11,0.37,,,3.69,,,,,lnr,30.0,192.0,99.0,Fidji,97.95918367346938,76.15384615384615,71.1,67.6,0.667,76,27,5,67,51,92,0.0,22.9,↗,4,"[22.2, 38.1, 32.2, 14.4]",80,2.61,Ailier,AIL,67,Moyenne,True,Basse,True,11,75.6,,,,,,,,,,,,0.0,68.8,4.0,1.0,0.0,0.0,0.74
lnr_2669,2669,swan-cormenier,https://cdn.lnr.fr/joueur/2669-swan-cormenier/photo/photoFull.1d6a32f7ce4a12d423552fb50b73687ec52ba345,Swan Cormenier,Bayonne,BAY,FRONT_ROW,1ère ligne,2025-2026,7,199.0,28.4,7.24,,,0.4,,,,0.0,0.0,,,0.0,,,,,lnr,30.0,175.0,118.0,France,89.28571428571429,90.76923076923076,58.9,61.7,0.649,0,0,5,5,25,56,,18.9,↘,5,"[36.2, 31.2, 7.2, 18.3, 19.9]",100,2.61,1ère Ligne,1L,65,Moyenne,True,Basse,False,105,33.4,,,,,,,,,,,,0.0,34.9,6.0,0.0,0.0,0.0,0.0
lnr_2363,2363,swan-rebbadj,https://cdn.lnr.fr/joueur/2363-swan-rebbadj/photo/photoFull.2eaacbd11c12f10f571df4cbac07c560d1665acd,Swan Rebbadj,Toulon,TLN,LOCK,2ème ligne,2025-2026,10,525.0,52.5,11.12,,,0.15,,,,0.0,0.15,,,0.0,,,,,lnr,31.0,,115.0,France,0.0,88.46153846153845,50.3,53.4,0.938,0,13,5,51,10,9,,38.8,↘,5,"[57.6, 56.5, 100, 9.5, 33.0]",60,2.0,2ème Ligne,2L,94,Haute,False,Moyenne,False,62,11.6,,,,,,,,,,,,0.0,94.7,10.0,2.0,0.0,0.0,0.0
lnr_1944,1944,theo-attissogbe,https://cdn.lnr.fr/joueur/1944-theo-attissogbe/photo/photoFull.251395c196877a86dc9ce79b715f471d40431d54,T. Attissogbe,Pau,PAU,FULLBACK,Arrière,2025-2026,5,350.0,70.0,5.71,,,0.23,,,,0.0,1.14,,,1.14,,,,,lnr,21.0,181.0,84.0,France,92.3469387755102,64.61538461538461,65.7,62.8,0.792,0,80,5,95,63,89,0.0,15.4,→,5,"[21.6, 7.6, 32.1, 18.3, 7.5]",100,-1.03,Arrière,ARR,79,Haute,False,Basse,False,9,74.2,,,,,,,,,,,,0.0,60.7,6.0,0.0,0.0,0.0,0.23
lnr_11695,11695,toshi-richard-butlin,https://cdn.lnr.fr/joueur/11695-toshi-richard-butlin/photo/photoFull.251395c196877a86dc9ce79b715f471d40431d54,T. Butlin,Pau,PAU,WINGER,Ailier,2025-2026,1,62.0,62.0,6.45,,,0.0,,,,0.0,0.0,,,0.0,,,,,lnr,21.0,178.0,88.0,Australie,90.81632653061224,67.6923076923077,47.5,57.4,0.541,0,0,5,77,0,83,0.0,50.0,→,0,[],100,-1.03,Ailier,AIL,54,Basse,True,Basse,True,37,11.0,,,,,,,,,,,,0.0,,,0.0,0.0,0.0,0.0
lnr_1895,1895,thibault-daubagna,https://cdn.lnr.fr/joueur/1895-thibault-daubagna/photo/photoFull.bf4a801945c52387138b3325d9dd3bcf510292ab,T. Daubagna,Pau,PAU,SCRUM_HALF,Demi de mêlée,2025-2026,15,775.0,51.7,5.06,,,0.21,,,,0.62,0.83,,,0.52,,,,,lnr,31.0,177.0,83.0,France,90.3061224489796,63.84615384615384,66.1,65.7,1.0,61,42,5,33,38,75,0.02,36.6,↘,5,"[32.8, 71.3, 51.6, 21.1, 43.2]",100,2.0,Demi de mêlée,9,100,Haute,False,Moyenne,False,11,72.5,,,,,,,,,,,,0.0,0.0,16.0,0.0,0.0,0.0,0.1
lnr_909,909,tanginoa-palu-halaifonua,https://cdn.lnr.fr/joueur/909-tanginoa-palu-halaifonua/photo/photoFull.0d105085f705532550693973c5545a1d4e020463,T. Halaifonua,Paris,SFP,BACK_ROW,3ème ligne,2025-2026,17,911.0,53.6,11.33,,,0.53,,,,0.18,0.35,,,2.2,,,,,lnr,29.0,196.0,115.0,Tonga,100.0,88.46153846153845,73.6,76.7,1.0,33,39,95,42,92,97,,83.8,↗,5,"[50.4, 51.6, 100, 100, 66.1]",60,2.96,3ème Ligne,3L,100,Haute,False,Bonne,False,10,90.4,75.3,TONGA,8.0,cluster_0,57.2,63.6,50.0,87.7,79.4,53.7,94.4,0.0299999999999997,50.8,18.0,2.0,0.0,0.0,0.44
lnr_981,981,tawera-kerr-barlow,https://cdn.lnr.fr/joueur/981-tawera-kerr-barlow/photo/photoFull.af05d90330b88b7be458e288b68ca734babbf81c,T. Kerr Barlow,Paris,SFP,SCRUM_HALF,Demi de mêlée,2025-2026,15,719.0,47.9,5.34,,,0.11,,,,0.0,0.33,,,1.11,,,,,lnr,35.0,187.0,91.0,Nouvelle Zélande,95.40816326530611,70.0,56.7,57.0,1.0,0,8,5,38,37,94,0.01,31.1,↗,5,"[16.4, 27.3, 38.2, 36.9, 39.2]",100,-0.67,Demi de mêlée,9,100,Haute,False,Moyenne,False,34,16.2,,,,,,,,,,,,0.0,40.2,16.0,0.0,0.0,0.0,0.22
lnr_1769,1769,thibaut-robert-motassi-dibongue,https://cdn.lnr.fr/joueur/1769-thibaut-robert-motassi-dibongue/photo/photoFull.af05d90330b88b7be458e288b68ca734babbf81c,T. Motassi Dibongue,Paris,SFP,SCRUM_HALF,Demi de mêlée,2025-2026,11,322.0,29.3,9.69,,,0.25,,,,0.99,1.99,,,3.73,,,,,lnr,21.0,175.0,79.0,France,89.28571428571429,60.76923076923077,83.6,74.8,0.768,95,95,5,95,91,64,0.0,29.4,↘,5,"[49.5, 33.9, 63.3, 37.9, 10.1]",80,-1.03,Demi de mêlée,9,77,Haute,False,Basse,False,1,100.0,,,,,,,,,,,,0.0,4.0,8.0,1.0,0.0,0.0,0.75
lnr_2200,2200,thomas-moukoro-abouem,https://cdn.lnr.fr/joueur/2200-thomas-moukoro-abouem/photo/photoFull.eff1aa9b4a9f2b351be13ae3eed38b31d19c422e,T. Moukoro Abouem,Lyon,LOU,FRONT_ROW,1ère ligne,2025-2026,14,506.0,36.1,17.23,,,0.32,,,,0.32,0.0,,,4.74,,,,,lnr,24.0,185.0,121.0,France,94.3877551020408,93.07692307692308,79.5,79.4,0.922,95,0,95,95,77,71,,73.9,↗,5,"[100, 46.0, 87.1, 58.3, 100]",80,0.5,1ère Ligne,1L,92,Haute,False,Moyenne,False,3,98.7,,,,,,,,,,,,0.0,99.1,15.0,1.0,0.0,0.0,0.95
lnr_2486,2486,theo-ntamack-muyenga,https://cdn.lnr.fr/joueur/2486-theo-ntamack-muyenga/photo/photoFull.a2503fca1a2646233602741328f9c3f7893fa1e1,T. Ntamack Muyenga,Toulouse,TLS,BACK_ROW,3ème ligne,2025-2026,12,491.0,40.9,10.1,,,0.33,,,,1.3,1.3,,,2.44,,,,,lnr,23.0,193.0,103.0,France,98.46938775510203,79.23076923076923,76.6,73.5,0.909,95,95,95,27,79,90,,39.8,↘,5,"[91.4, 37.3, 96.2, 19.4, 30.9]",100,-0.16,3ème Ligne,3L,91,Haute,False,Moyenne,False,16,84.0,,,,,,,,,,,,0.0,8.6,10.0,0.0,0.0,0.0,0.49
lnr_460,460,tevita-kasikasi-ratuva,https://cdn.lnr.fr/joueur/460-tevita-kasikasi-ratuva/photo/photoFull.b5e9990d9a31ede8327da9bafe6aeb896ea144f3,T. Ratuva,Clermont,CLR,LOCK,2ème ligne,2025-2026,8,550.0,68.8,7.71,,,0.44,,,,0.44,1.31,,,1.45,,,,,lnr,30.0,198.0,122.0,Fidji,100.0,93.84615384615384,77.2,74.0,0.958,95,95,83,2,80,96,,26.4,↘,5,"[45.0, 28.7, 26.2, 31.9, 25.2]",100,2.61,2ème Ligne,2L,96,Haute,False,Moyenne,False,7,91.3,82.2,FIJI,13.0,cluster_0,79.3,54.9,50.0,94.7,85.4,67.8,95.1,0.7200000000000002,71.6,8.0,0.0,0.0,0.0,0.29
lnr_640,640,thomas-staniforth,https://cdn.lnr.fr/joueur/640-thomas-staniforth/photo/photoFull.50e0d211418fb8267083232d5e5561b6e88fe79f,T. Staniforth,Castres,CAS,LOCK,2ème ligne,2025-2026,15,732.0,48.8,15.74,,,0.11,,,,0.0,0.11,,,0.0,,,,,lnr,31.0,198.0,124.0,Australie,100.0,95.3846153846154,64.0,64.8,1.0,0,9,5,95,8,97,,51.6,↘,5,"[65.0, 98.1, 68.3, 46.9, 51.0]",50,2.0,2ème Ligne,2L,100,Haute,False,Moyenne,False,28,60.1,,,,,,,,,,,,0.0,100.0,14.0,1.0,1.0,0.0,0.0
lnr_903,903,tomaakino-taufa,https://cdn.lnr.fr/joueur/903-tomaakino-taufa/photo/photoFull.9db3e1c64b0fa647759e691550b9e8351884f243,T. Taufa,Bordeaux,BOR,FRONT_ROW,1ère ligne,2025-2026,4,106.0,26.5,6.79,,,0.75,,,,0.75,0.0,,,0.0,,,,,lnr,31.0,180.0,145.0,Tonga,91.83673469387756,100.0,73.0,69.3,0.571,95,0,5,0,38,90,,23.7,↘,4,"[84.5, 0, 12.9, 29.8]",100,2.0,1ère Ligne,1L,57,Basse,True,Basse,True,41,74.2,,,,,,,,,,,,0.0,0.0,4.0,0.0,0.0,0.0,0.0
lnr_1976,1976,tristan-james-tedder,https://cdn.lnr.fr/joueur/1976-tristan-james-tedder/photo/photoFull.746d583d9f8a2aa9c322b15ebadc8acc096151d2,T. Tedder,Perpignan,PER,FLY_HALF,Demi d'ouverture,2025-2026,8,530.0,66.2,2.42,,,0.0,,,,0.3,1.21,,,2.42,,,,,lnr,29.0,180.0,78.0,Autriche,91.83673469387756,60.0,57.6,56.4,0.942,30,95,25,10,0,47,2.42,8.7,→,5,"[2.6, 11.8, 11.8, 4.6, 7.2]",100,2.96,Ouvreur,10,94,Haute,False,Moyenne,False,32,17.1,,,,,,,,,,,,0.0,73.4,8.0,0.0,0.0,0.0,0.0
lnr_336,336,tani-vili,https://cdn.lnr.fr/joueur/336-tani-vili/photo/photoFull.0d105085f705532550693973c5545a1d4e020463,Tani Vili,Paris,SFP,CENTRE,Centre,2025-2026,10,684.0,68.4,5.73,,,0.12,,,,0.7,0.7,,,1.17,,,,,lnr,25.0,187.0,109.0,France,95.40816326530611,83.84615384615385,70.8,68.4,1.0,67,53,29,45,32,96,,29.5,↗,5,"[28.8, 30.1, 47.8, 36.7, 25.3]",100,1.26,Centre,CTR,100,Haute,False,Moyenne,False,25,67.6,,,,,,,,,,,,0.0,36.4,11.0,0.0,0.0,0.0,0.23
lnr_1047,1047,tavite-veredamu,https://cdn.lnr.fr/joueur/1047-tavite-veredamu/photo/photoFull.14f86258177c199d0ec3ee9450197974d20d92b1,Tavite Veredamu,Perpignan,PER,BACK_ROW,3ème ligne,2025-2026,7,531.0,75.9,6.18,,,0.15,,,,1.05,1.05,,,0.75,,,,,lnr,36.0,188.0,108.0,France,95.91836734693877,83.07692307692308,58.7,58.4,0.942,95,95,34,0,30,92,,30.3,↗,5,"[39.9, 26.2, 23.8, 52.2, 27.5]",80,-1.03,3ème Ligne,3L,94,Haute,False,Moyenne,False,82,13.8,,,,,,,,,,,,0.0,35.6,7.0,1.0,0.0,0.0,0.15
lnr_2373,2373,teddy-baubigny,https://cdn.lnr.fr/joueur/2373-teddy-baubigny/photo/photoFull.2eaacbd11c12f10f571df4cbac07c560d1665acd,Teddy Baubigny,Toulon,TLN,FRONT_ROW,1ère ligne,2025-2026,17,817.0,48.1,12.04,,,0.29,,,,0.29,0.29,,,0.98,,,,,lnr,27.0,184.0,118.0,France,93.87755102040816,90.76923076923076,71.6,71.1,1.0,95,33,35,61,40,65,,43.9,↗,5,"[40.4, 40.4, 37.7, 59.7, 56.5]",100,2.61,1ère Ligne,1L,100,Haute,False,Bonne,False,26,83.4,,,,,,,,,,,,0.0,95.7,18.0,0.0,0.0,0.0,0.2
lnr_11435,11435,teddy-durand,https://cdn.lnr.fr/joueur/11435-teddy-durand/photo/photoFull.50e0d211418fb8267083232d5e5561b6e88fe79f,Teddy Durand,Castres,CAS,FRONT_ROW,1ère ligne,2025-2026,18,961.0,53.4,11.9,,,0.08,,,,0.08,0.42,,,1.25,,,,,lnr,26.0,180.0,102.0,France,91.83673469387756,78.46153846153847,57.6,60.8,1.0,31,47,45,59,32,33,,55.7,↘,5,"[98.1, 89.0, 34.0, 93.5, 44.3]",80,2.0,1ère Ligne,1L,100,Haute,False,Bonne,False,115,27.4,,,,,,,,,,,,0.0,40.5,19.0,1.0,0.0,0.0,0.25
lnr_987,987,teddy-thomas,https://cdn.lnr.fr/joueur/987-teddy-thomas/photo/photoFull.a2503fca1a2646233602741328f9c3f7893fa1e1,Teddy Thomas,Toulouse,TLS,WINGER,Ailier,2025-2026,14,850.0,60.7,3.48,,,0.0,,,,0.94,1.22,,,4.24,,,,,lnr,32.0,185.0,94.0,France,94.3877551020408,72.3076923076923,72.5,72.8,1.0,64,89,5,21,57,87,0.0,13.3,↗,5,"[0, 17.7, 24.6, 23.6, 2.2]",100,1.26,Ailier,AIL,100,Haute,False,Bonne,False,10,78.0,84.5,France,26.0,cluster_1,92.7,81.0,50.0,83.7,78.4,95.1,95.8,0.95,22.0,14.0,0.0,0.0,0.0,0.85
lnr_205,205,temo-matiu,https://cdn.lnr.fr/joueur/205-temo-matiu/photo/photoFull.9db3e1c64b0fa647759e691550b9e8351884f243,Temo Matiu,Bordeaux,BOR,BACK_ROW,3ème ligne,2025-2026,15,942.0,62.8,11.3,,,0.25,,,,0.51,0.59,,,0.85,,,,,lnr,,,,,0.0,0.0,62.2,63.9,1.0,93,66,38,42,39,0,,51.4,↗,5,"[35.4, 14.3, 39.9, 77.9, 78.3]",100,0.0,3ème Ligne,3L,100,Haute,False,Bonne,False,59,38.3,,,,,,,,,,,,0.0,1.5,16.0,0.0,0.0,0.0,0.17
lnr_2674,2674,tevita-tatafu,https://cdn.lnr.fr/joueur/2674-tevita-tatafu/photo/photoFull.1d6a32f7ce4a12d423552fb50b73687ec52ba345,Tevita Tatafu,Bayonne,BAY,FRONT_ROW,1ère ligne,2025-2026,4,147.0,36.8,8.16,,,0.0,,,,0.0,0.0,,,2.72,,,,,lnr,23.0,183.0,133.0,Tonga,93.36734693877553,100.0,60.0,63.1,0.598,0,0,95,16,57,90,,33.5,→,5,"[23.6, 52.7, 21.6, 34.4, 46.7]",100,-0.16,1ère Ligne,1L,60,Basse,True,Basse,True,95,40.1,67.5,Japon,26.0,cluster_1,52.2,51.0,50.0,65.6,93.6,62.4,69.6,0.0,99.5,5.0,0.0,0.0,0.0,0.54
lnr_1971,1971,theo-forner,https://cdn.lnr.fr/joueur/1971-theo-forner/photo/photoFull.14f86258177c199d0ec3ee9450197974d20d92b1,Theo Forner,Perpignan,PER,FULLBACK,Arrière,2025-2026,11,847.0,77.0,4.16,,,0.28,,,,1.13,0.94,,,0.0,,,,,lnr,24.0,180.0,80.0,France,91.83673469387756,61.53846153846154,71.4,68.0,1.0,95,66,5,67,38,87,0.0,23.5,↗,5,"[28.2, 24.9, 24.9, 17.7, 31.4]",100,0.5,Arrière,ARR,100,Haute,False,Bonne,False,5,87.1,,,,,,,,,,,,0.0,58.6,13.0,0.0,0.0,0.0,0.0
lnr_2405,2405,thibaud-flament,https://cdn.lnr.fr/joueur/2405-thibaud-flament/photo/photoFull.a2503fca1a2646233602741328f9c3f7893fa1e1,Thibaud Flament,Toulouse,TLS,LOCK,2ème ligne,2025-2026,9,578.0,64.2,7.47,,,0.14,,,,0.14,0.55,,,1.38,,,,,lnr,28.0,,116.0,France,0.0,89.23076923076924,56.4,65.4,0.982,51,47,79,0,58,9,,32.0,↘,5,"[39.9, 21.0, 30.9, 47.8, 34.7]",100,2.96,2ème Ligne,2L,98,Haute,False,Moyenne,False,49,30.4,76.6,France,15.0,cluster_1,90.8,66.9,50.0,90.2,68.6,100.0,80.2,0.1599999999999994,68.6,10.0,0.0,0.0,0.0,0.28
lnr_711,711,thibaud-lanen,https://cdn.lnr.fr/joueur/711-thibaud-lanen/photo/photoFull.b5e9990d9a31ede8327da9bafe6aeb896ea144f3,Thibaud Lanen,Clermont,CLR,LOCK,2ème ligne,2025-2026,11,480.0,43.6,13.83,,,0.33,,,,0.0,0.67,,,0.0,,,,,lnr,28.0,198.0,109.0,France,100.0,83.84615384615385,74.2,74.9,0.9,0,57,5,90,23,92,,58.9,↘,5,"[24.7, 100, 70.1, 65.3, 63.3]",100,2.96,2ème Ligne,2L,90,Haute,False,Moyenne,False,6,92.8,,,,,,,,,,,,0.0,51.4,11.0,0.0,0.0,0.0,0.0
lnr_1101,1101,thibaut-regard,https://cdn.lnr.fr/joueur/1101-thibaut-regard/photo/photoFull.8e39a4ffde2d58962f9632bb5639326c8c077ac5,Thibaut Regard,Lyon,LOU,CENTRE,Centre,2025-2026,4,231.0,57.8,7.27,,,0.0,,,,0.0,0.0,,,0.0,,,,,lnr,32.0,180.0,95.0,France,91.83673469387756,73.07692307692307,54.6,59.8,0.681,0,0,5,71,0,86,,30.5,↗,4,"[1.6, 48.6, 27.5, 43.2]",100,1.26,Centre,CTR,68,Moyenne,True,Basse,True,57,24.3,,,,,,,,,,,,0.0,92.2,4.0,0.0,0.0,0.0,0.0
lnr_984,984,thierry-paiva,https://cdn.lnr.fr/joueur/984-thierry-paiva/photo/photoFull.af05d90330b88b7be458e288b68ca734babbf81c,Thierry Paiva,Paris,SFP,FRONT_ROW,1ère ligne,2025-2026,10,389.0,38.9,10.08,,,0.41,,,,0.21,0.0,,,0.0,,,,,lnr,30.0,184.0,115.0,France,93.87755102040816,88.46153846153845,65.3,67.9,0.824,83,0,5,38,26,60,,51.2,↗,5,"[22.1, 77.1, 83.9, 100, 10.1]",100,2.61,1ère Ligne,1L,82,Haute,False,Basse,False,51,67.5,,,,,,,,,,,,0.0,88.7,11.0,0.0,0.0,0.0,0.0
lnr_2415,2415,thomas-alary,https://cdn.lnr.fr/joueur/2415-thomas-alary/photo/photoFull.a2503fca1a2646233602741328f9c3f7893fa1e1,Thomas Alary,Toulouse,TLS,FULLBACK,Arrière,2025-2026,1,80.0,80.0,4.0,,,0.0,,,,0.0,2.0,,,0.0,,,,,lnr,19.0,191.0,92.0,France,97.44897959183672,70.76923076923077,56.1,59.2,0.553,0,95,5,62,0,95,0.0,18.0,→,1,[19.0],100,-1.38,Arrière,ARR,55,Basse,True,Basse,True,19,41.9,,,,,,,,,,,,0.0,,,0.0,0.0,0.0,0.0
lnr_1004,1004,thomas-berjon,https://cdn.lnr.fr/joueur/1004-thomas-berjon/photo/photoFull.7cb6d3e8fb1a9ef473f9440830017cd30be5f626,Thomas Berjon,La Rochelle,LRO,SCRUM_HALF,Demi de mêlée,2025-2026,15,664.0,44.3,4.34,,,0.12,,,,0.24,0.36,,,0.6,,,,,lnr,28.0,171.0,76.0,France,87.24489795918367,58.46153846153847,58.4,58.9,1.0,24,10,5,19,28,51,0.0,30.0,↘,5,"[44.3, 38.3, 19.3, 29.3, 39.4]",100,2.96,Demi de mêlée,9,100,Haute,False,Moyenne,False,29,30.0,,,,,,,,,,,,0.0,39.3,11.0,0.0,0.0,0.0,0.12
lnr_2713,2713,thomas-bue,https://cdn.lnr.fr/joueur/2713-thomas-bue/photo/photoFull.7260593a1939529b8f58882fcd9327e3deee5c0d,Thomas Bue,Montauban,MTB,FRONT_ROW,1ère ligne,2025-2026,15,781.0,52.1,9.01,,,0.0,,,,0.0,0.31,,,0.51,,,,,lnr,23.0,181.0,123.0,France,92.3469387755102,94.6153846153846,57.5,57.8,1.0,0,35,18,26,11,71,,32.0,↘,5,"[44.1, 96.8, 70.1, 1.8, 20.6]",100,-0.16,1ère Ligne,1L,100,Haute,False,Moyenne,False,131,17.2,,,,,,,,,,,,0.0,92.5,16.0,0.0,0.0,0.0,0.1
lnr_2655,2655,thomas-ceyte,https://cdn.lnr.fr/joueur/2655-thomas-ceyte/photo/photoFull.b5e9990d9a31ede8327da9bafe6aeb896ea144f3,Thomas Ceyte,Clermont,CLR,LOCK,2ème ligne,2025-2026,15,961.0,64.1,9.07,,,0.17,,,,0.25,1.91,,,0.0,,,,,lnr,,,,,0.0,0.0,56.8,57.4,1.0,91,95,5,22,12,0,,39.9,↘,5,"[71.1, 38.3, 43.3, 39.4, 47.8]",60,0.0,2ème Ligne,2L,100,Haute,False,Bonne,False,51,27.5,,,,,,,,,,,,0.0,76.9,16.0,2.0,0.0,0.0,0.0
lnr_1445,1445,thomas-darmon,https://cdn.lnr.fr/joueur/1445-thomas-darmon/photo/photoFull.4cb2a4ab19ab443ff7739b68884b2f51b78c1bab,Thomas Darmon,Montpellier,MHR,FLY_HALF,Demi d'ouverture,2025-2026,5,114.0,22.8,7.72,,,0.0,,,,0.7,0.0,,,0.0,,,,,lnr,27.0,181.0,88.0,France,92.3469387755102,67.6923076923077,57.9,61.9,0.576,71,0,5,95,0,62,0.0,17.5,→,5,"[20.3, 17.0, 68.7, 15.8, 0]",100,2.61,Ouvreur,10,58,Basse,True,Basse,True,13,68.4,,,,,,,,,,,,0.0,,,0.0,0.0,0.0,0.0
lnr_891,891,thomas-fortunel,https://cdn.lnr.fr/joueur/891-thomas-fortunel/photo/photoFull.7260593a1939529b8f58882fcd9327e3deee5c0d,Thomas Fortunel,Montauban,MTB,FLY_HALF,Demi d'ouverture,2025-2026,11,534.0,48.5,4.94,,,0.0,,,,0.0,0.3,,,5.84,,,,,lnr,30.0,178.0,83.0,France,90.81632653061224,63.84615384615384,54.6,55.2,0.945,0,24,59,54,0,46,5.84,18.5,↗,5,"[21.6, 0, 26.8, 21.1, 22.6]",100,2.61,Ouvreur,10,94,Haute,False,Moyenne,False,35,10.5,,,,,,,,,,,,0.0,90.7,11.0,0.0,0.0,0.0,0.0
lnr_320,320,thomas-jolmes,https://cdn.lnr.fr/joueur/320-thomas-jolmes/photo/photoFull.bf4a801945c52387138b3325d9dd3bcf510292ab,Thomas Jolmes,Pau,PAU,LOCK,2ème ligne,2025-2026,7,369.0,52.7,12.14,,,0.22,,,,0.0,0.43,,,0.0,,,,,lnr,30.0,,117.0,France,0.0,90.0,60.4,66.3,0.808,0,36,5,66,15,10,,63.1,↗,5,"[91.9, 36.7, 100, 100, 45.4]",100,2.61,2ème Ligne,2L,81,Haute,False,Basse,False,22,69.6,,,,,,,,,,,,0.0,38.0,8.0,0.0,0.0,0.0,0.0
lnr_1707,1707,thomas-laclayat,https://cdn.lnr.fr/joueur/1707-thomas-laclayat/photo/photoFull.bf4a801945c52387138b3325d9dd3bcf510292ab,Thomas Laclayat,Pau,PAU,FRONT_ROW,1ère ligne,2025-2026,16,799.0,49.9,8.11,,,0.3,,,,0.0,0.1,,,1.0,,,,,lnr,28.0,176.0,125.0,France,89.79591836734694,96.15384615384616,63.7,62.3,1.0,0,11,36,15,40,70,,22.8,↘,5,"[55.9, 55.9, 30.0, 7.6, 16.4]",100,2.96,1ère Ligne,1L,100,Haute,False,Moyenne,False,101,35.7,,,,,,,,,,,,0.0,95.4,18.0,0.0,0.0,0.0,0.2
lnr_2429,2429,thomas-lacombre,https://cdn.lnr.fr/joueur/2429-thomas-lacombre/photo/photoFull.a2503fca1a2646233602741328f9c3f7893fa1e1,Thomas Lacombre,Toulouse,TLS,FRONT_ROW,1ère ligne,2025-2026,13,518.0,39.8,10.81,,,0.62,,,,0.31,0.77,,,0.0,,,,,lnr,21.0,174.0,106.0,France,88.77551020408163,81.53846153846153,67.7,67.0,0.932,95,87,5,47,38,35,,41.3,↘,5,"[100, 46.0, 41.8, 48.7, 30.9]",100,-1.03,1ère Ligne,1L,93,Haute,False,Moyenne,False,61,61.1,,,,,,,,,,,,0.0,3.7,13.0,0.0,0.0,0.0,0.0
lnr_888,888,thomas-lainault,https://cdn.lnr.fr/joueur/888-thomas-lainault/photo/photoFull.8b942e992ebb42fdd1ca819c8cb833427c776cef,Thomas Lainault,Racing 92,R92,LOCK,2ème ligne,2025-2026,16,935.0,58.4,15.49,,,0.26,,,,0.0,0.26,,,0.0,,,,,lnr,32.0,197.0,112.0,France,100.0,86.15384615384616,70.0,71.7,1.0,0,22,5,95,18,93,,65.1,→,5,"[50.4, 100, 100, 39.2, 79.2]",80,1.26,2ème Ligne,2L,100,Haute,False,Bonne,False,10,86.2,,,,,,,,,,,,0.0,51.3,17.0,1.0,0.0,0.0,0.0
lnr_626,626,thomas-larregain,https://cdn.lnr.fr/joueur/626-thomas-larregain/photo/photoFull.28a7076c5091624b9d043c9f795307457230f77f,Thomas Larregain,Montauban,MTB,FULLBACK,Arrière,2025-2026,3,197.0,65.7,3.25,,,0.41,,,,0.0,0.41,,,0.0,,,,,lnr,28.0,184.0,93.0,France,93.87755102040816,71.53846153846153,57.8,60.5,0.647,0,29,5,42,38,93,0.0,11.5,→,3,"[19.5, 20.3, 0.3]",100,2.96,Arrière,ARR,65,Moyenne,True,Basse,True,13,61.3,,,,,,,,,,,,0.0,91.2,3.0,0.0,0.0,0.0,0.0
lnr_982,982,thomas-lavault,https://cdn.lnr.fr/joueur/982-thomas-lavault/photo/photoFull.7cb6d3e8fb1a9ef473f9440830017cd30be5f626,Thomas Lavault,La Rochelle,LRO,LOCK,2ème ligne,2025-2026,12,606.0,50.5,7.66,,,0.0,,,,0.0,0.26,,,0.66,,,,,lnr,26.0,198.0,108.0,France,100.0,83.07692307692308,48.3,52.1,1.0,0,22,38,2,22,92,,48.5,↗,5,"[15.5, 74.0, 15.4, 51.8, 83.1]",60,2.0,2ème Ligne,2L,100,Haute,False,Moyenne,False,65,7.2,,,,,,,,,,,,0.0,91.3,14.0,2.0,0.0,0.0,0.13
lnr_1060,1060,thomas-marceline,https://cdn.lnr.fr/joueur/1060-thomas-marceline/photo/photoFull.8e39a4ffde2d58962f9632bb5639326c8c077ac5,Thomas Marceline,Lyon,LOU,FRONT_ROW,1ère ligne,2025-2026,2,53.0,26.5,13.58,,,0.0,,,,1.51,0.0,,,7.55,,,,,lnr,20.0,179.0,112.0,France,91.3265306122449,86.15384615384616,64.8,67.3,0.535,95,0,95,79,57,50,,51.7,→,2,"[51.8, 66.1]",100,-1.25,1ère Ligne,1L,54,Basse,True,Basse,True,57,64.3,,,,,,,,,,,,0.0,,,0.0,0.0,0.0,1.51
lnr_2450,2450,thomas-ramos,https://cdn.lnr.fr/joueur/2450-thomas-ramos/photo/photoFull.a2503fca1a2646233602741328f9c3f7893fa1e1,Thomas Ramos,Toulouse,TLS,FULLBACK,Arrière,2025-2026,10,663.0,66.3,2.17,,,0.0,,,,0.6,1.45,,,13.27,,,,,lnr,30.0,178.0,87.0,France,90.81632653061224,66.92307692307692,74.2,70.4,1.0,55,95,95,13,13,89,12.67,15.9,↗,5,"[6.3, 5.9, 2.0, 28.2, 21.1]",100,2.61,Arrière,ARR,100,Haute,False,Moyenne,False,4,90.3,81.0,France,26.0,cluster_1,85.3,70.9,95.7,84.4,81.0,73.3,91.0,0.6,16.2,11.0,0.0,0.0,0.0,0.12
lnr_1877,1877,thomas-souverbie,https://cdn.lnr.fr/joueur/1877-thomas-souverbie/photo/photoFull.bf4a801945c52387138b3325d9dd3bcf510292ab,Thomas Souverbie,Pau,PAU,SCRUM_HALF,Demi de mêlée,2025-2026,12,278.0,23.2,8.92,,,0.0,,,,0.29,0.29,,,0.0,,,,,lnr,21.0,175.0,79.0,France,89.28571428571429,60.76923076923077,54.0,56.4,0.728,29,5,5,95,0,64,0.0,17.5,↘,5,"[0, 43.7, 36.2, 11.4, 11.4]",100,-1.03,Demi de mêlée,9,73,Moyenne,True,Basse,False,37,10.0,,,,,,,,,,,,0.0,85.6,9.0,0.0,0.0,0.0,0.0
lnr_88,88,thomas-vincent,https://cdn.lnr.fr/joueur/88-thomas-vincent/photo/photoFull.2a93bdb165edd2cd19ea2b2a060be0a3b3011911,Thomas Vincent,Montpellier,MHR,FLY_HALF,Demi d'ouverture,2025-2026,5,169.0,33.8,7.57,,,0.0,,,,0.0,0.47,,,6.63,,,,,lnr,26.0,185.0,82.0,France,94.3877551020408,63.07692307692307,60.0,63.4,0.619,0,37,67,95,0,68,6.63,27.6,↘,5,"[27.3, 53.3, 22.9, 19.9, 35.3]",100,2.0,Ouvreur,10,62,Moyenne,True,Basse,False,10,76.3,,,,,,,,,,,,0.0,100.0,4.0,0.0,0.0,0.0,0.0
lnr_203,203,tiaan-jacobs,https://cdn.lnr.fr/joueur/203-tiaan-jacobs/photo/photoFull.9db3e1c64b0fa647759e691550b9e8351884f243,Tiaan Jacobs,Bordeaux,BOR,LOCK,2ème ligne,2025-2026,13,498.0,38.3,12.21,,,0.48,,,,0.0,0.16,,,0.0,,,,,lnr,21.0,193.0,107.0,Afrique du Sud,98.46938775510203,82.3076923076923,66.5,67.3,0.915,0,14,5,67,33,90,,50.9,↗,5,"[82.7, 44.3, 41.9, 47.8, 75.2]",100,-1.03,2ème Ligne,2L,92,Haute,False,Moyenne,False,21,71.0,,,,,,,,,,,,0.0,87.0,11.0,0.0,0.0,0.0,0.0
lnr_13540,13540,timeo-frier,https://cdn.lnr.fr/joueur/13540-timeo-frier/photo/photoFull.c014f51db1da0b1217b367d4a2b9e8cf48e92c3e,Timéo Frier,Clermont,CLR,CENTRE,Centre,2025-2026,2,40.0,20.0,2.0,,,2.0,,,,0.0,0.0,,,0.0,,,,,lnr,,,,France,0.0,0.0,49.0,58.9,0.527,0,0,5,0,38,0,,50.0,→,0,[],100,0.0,Centre,CTR,53,Basse,True,Basse,True,58,23.0,,,,,,,,,,,,0.0,,,0.0,0.0,0.0,0.0
lnr_1318,1318,tjiuee-uanivi,https://cdn.lnr.fr/joueur/1318-tjiuee-uanivi/photo/photoFull.28a7076c5091624b9d043c9f795307457230f77f,Tjiuee Uanivi,Montauban,MTB,LOCK,2ème ligne,2025-2026,15,829.0,55.3,6.47,,,0.19,,,,0.0,0.19,,,0.0,,,,,lnr,35.0,,99.0,Namibie,0.0,76.15384615384615,44.5,58.6,1.0,0,16,5,0,13,4,,24.6,↘,5,"[17.0, 63.3, 28.2, 29.1, 15.1]",100,-0.67,2ème Ligne,2L,100,Haute,False,Bonne,False,67,4.3,69.0,NAMIB,15.0,cluster_0,54.6,53.9,50.0,84.0,92.6,56.1,63.5,0.0,96.3,15.0,0.0,0.0,0.0,0.0
lnr_1987,1987,tom-ecochard,https://cdn.lnr.fr/joueur/1987-tom-ecochard/photo/photoFull.746d583d9f8a2aa9c322b15ebadc8acc096151d2,Tom Ecochard,Perpignan,PER,SCRUM_HALF,Demi de mêlée,2025-2026,16,755.0,47.2,7.42,,,0.0,,,,0.11,0.42,,,0.53,,,,,lnr,33.0,173.0,85.0,France,88.26530612244898,65.38461538461539,54.2,54.0,1.0,11,14,5,78,11,70,0.0,24.6,↗,5,"[31.5, 31.5, 94.8, 13.7, 0.5]",80,0.5,Demi de mêlée,9,100,Haute,False,Moyenne,False,39,5.0,,,,,,,,,,,,0.0,88.2,16.0,1.0,0.0,0.0,0.11
lnr_382,382,tom-raffy,https://cdn.lnr.fr/joueur/382-tom-raffy/photo/photoFull.b5e9990d9a31ede8327da9bafe6aeb896ea144f3,Tom Raffy,Clermont,CLR,FLY_HALF,Demi d'ouverture,2025-2026,10,180.0,18.0,4.0,,,0.0,,,,0.0,0.0,,,9.78,,,,,lnr,21.0,179.0,76.0,France,91.3265306122449,58.46153846153847,52.1,55.7,0.63,0,0,95,38,0,41,9.78,10.1,↘,5,"[18.3, 26.0, 18.3, 11.4, 0]",100,-1.03,Ouvreur,10,63,Moyenne,True,Basse,False,34,13.2,,,,,,,,,,,,0.0,100.0,3.0,0.0,0.0,0.0,0.0
lnr_14078,14078,tomas-albornoz-1,https://cdn.lnr.fr/joueur/14078-tomas-albornoz-1/photo/photoFull.26dec662e84c737005260a65b33966bd7438db17,Tomas Albornoz,Toulon,TLN,FLY_HALF,Demi d'ouverture,2025-2026,6,401.0,66.8,5.39,,,0.0,,,,1.2,0.4,,,1.0,,,,,lnr,28.0,177.0,84.0,Italie,90.3061224489796,64.61538461538461,66.6,65.4,0.834,95,32,5,62,28,44,0.0,22.2,↘,5,"[44.5, 22.3, 27.6, 7.9, 29.5]",100,2.96,Ouvreur,10,83,Haute,False,Moyenne,False,8,81.6,,,,,,,,,,,,0.0,62.8,8.0,0.0,0.0,0.0,0.2
lnr_9603,9603,tommaso-allan,https://cdn.lnr.fr/joueur/9603-tommaso-allan/photo/photoFull.746d583d9f8a2aa9c322b15ebadc8acc096151d2,Tommaso Allan,Perpignan,PER,FLY_HALF,Demi d'ouverture,2025-2026,8,477.0,59.6,1.84,,,0.0,,,,0.34,0.34,,,10.06,,,,,lnr,32.0,183.0,90.0,Italie,93.36734693877553,69.23076923076923,59.4,72.6,0.898,34,27,94,0,24,70,9.21,14.5,↗,5,"[3.4, 0, 10.6, 18.5, 21.6]",80,1.26,Ouvreur,10,90,Haute,False,Moyenne,False,27,31.6,83.8,ITALY,53.0,cluster_1,73.5,79.3,95.7,90.2,79.0,77.8,92.1,0.8799999999999997,81.5,9.0,1.0,0.0,0.0,0.17
lnr_1858,1858,tumua-manu,https://cdn.lnr.fr/joueur/1858-tumua-manu/photo/photoFull.bf4a801945c52387138b3325d9dd3bcf510292ab,Tumua Manu,Pau,PAU,CENTRE,Centre,2025-2026,4,234.0,58.5,5.47,,,0.34,,,,0.68,0.68,,,1.71,,,,,lnr,32.0,183.0,97.0,Nouvelle Zélande,93.36734693877553,74.61538461538461,72.1,67.9,0.684,65,52,43,40,65,88,,25.4,→,3,"[14.6, 24.2, 37.3]",80,1.26,Centre,CTR,68,Moyenne,True,Basse,True,28,63.5,,,,,,,,,,,,0.0,49.3,3.0,1.0,0.0,0.0,0.34
lnr_550,550,tyler-ardron,https://cdn.lnr.fr/joueur/550-tyler-ardron/photo/photoFull.bf7e6b3668f1d7c40821cbfca4c5f267bcf81dfe,Tyler Ardron,Castres,CAS,LOCK,2ème ligne,2025-2026,13,855.0,65.8,9.73,,,0.28,,,,0.19,0.65,,,0.94,,,,,lnr,34.0,197.0,108.0,Canada,100.0,83.07692307692308,65.1,66.1,1.0,69,55,54,31,52,92,,53.8,↗,5,"[54.3, 45.8, 34.5, 100, 51.0]",80,-0.16,2ème Ligne,2L,100,Haute,False,Bonne,False,25,65.2,,,,,,,,,,,,0.0,47.7,13.0,1.0,0.0,0.0,0.19
lnr_1312,1312,tyrone-viiga,https://cdn.lnr.fr/joueur/1312-tyrone-viiga/photo/photoFull.7260593a1939529b8f58882fcd9327e3deee5c0d,Tyrone Viiga,Montauban,MTB,BACK_ROW,3ème ligne,2025-2026,9,495.0,55.0,10.67,,,0.0,,,,0.16,0.16,,,0.0,,,,,lnr,33.0,192.0,114.0,Nouvelle Zélande,97.95918367346938,87.6923076923077,47.4,51.2,0.912,29,18,5,34,0,96,,47.3,↗,5,"[42.6, 47.8, 47.8, 62.6, 58.0]",20,0.5,3ème Ligne,3L,91,Haute,False,Moyenne,False,94,1.1,,,,,,,,,,,,0.0,100.0,10.0,0.0,0.0,1.0,0.0
lnr_309,309,ugo-boniface,https://cdn.lnr.fr/joueur/309-ugo-boniface/photo/photoFull.9db3e1c64b0fa647759e691550b9e8351884f243,Ugo Boniface,Bordeaux,BOR,FRONT_ROW,1ère ligne,2025-2026,4,117.0,29.2,10.26,,,0.0,,,,0.0,2.05,,,3.42,,,,,lnr,27.0,190.0,125.0,France,96.93877551020408,96.15384615384616,68.0,66.8,0.578,0,95,95,40,57,83,,28.2,↘,5,"[84.2, 55.5, 37.3, 13.7, 19.9]",80,2.61,1ère Ligne,1L,58,Basse,True,Basse,True,65,59.2,,,,,,,,,,,,0.0,73.3,4.0,1.0,0.0,0.0,0.68
lnr_11875,11875,ugo-pacome,https://cdn.lnr.fr/joueur/11875-ugo-pacome/photo/photoFull.01e7e4177db166b370a81655ed844dbb271b4fe2,Ugo Pacome,La Rochelle,LRO,FULLBACK,Arrière,2025-2026,8,378.0,47.2,1.69,,,0.0,,,,0.0,0.63,,,0.0,,,,,lnr,20.0,187.0,85.0,France,95.40816326530611,65.38461538461539,45.3,48.5,0.815,0,44,5,0,0,91,0.0,7.9,↘,5,"[26.0, 7.4, 2.9, 13.2, 0]",100,-1.25,Arrière,ARR,82,Haute,False,Basse,False,31,3.2,,,,,,,,,,,,0.0,59.5,6.0,0.0,0.0,0.0,0.0
lnr_983,983,uini-atonio,https://cdn.lnr.fr/joueur/983-uini-atonio/photo/photoFull.7cb6d3e8fb1a9ef473f9440830017cd30be5f626,Uini Atonio,La Rochelle,LRO,FRONT_ROW,1ère ligne,2025-2026,3,143.0,47.7,3.92,,,0.0,,,,0.0,0.0,,,0.0,,,,,lnr,36.0,196.0,145.0,Nouvelle Zélande,100.0,100.0,54.0,58.1,0.595,0,0,5,0,0,100,,13.7,→,3,"[3.6, 26.0, 10.1]",100,-1.03,1ère Ligne,1L,60,Basse,True,Basse,True,133,15.6,66.8,France,39.0,cluster_1,71.8,57.1,50.0,89.5,61.2,50.5,87.8,0.0,91.1,3.0,0.0,0.0,0.0,0.0
lnr_950,950,ultan-dillane,https://cdn.lnr.fr/joueur/950-ultan-dillane/photo/photoFull.7cb6d3e8fb1a9ef473f9440830017cd30be5f626,Ultan Dillane,La Rochelle,LRO,LOCK,2ème ligne,2025-2026,6,296.0,49.3,8.38,,,0.27,,,,0.0,0.27,,,1.35,,,,,lnr,32.0,198.0,115.0,Irlande,100.0,88.46153846153845,60.9,69.0,0.746,0,23,77,12,65,94,,34.8,→,5,"[34.0, 41.2, 21.0, 54.1, 39.3]",100,1.26,2ème Ligne,2L,75,Moyenne,True,Basse,False,35,50.7,79.5,Irlande,19.0,cluster_1,79.7,50.0,50.0,89.5,85.3,73.6,89.9,0.4499999999999999,100.0,5.0,0.0,0.0,0.0,0.27
lnr_988,988,ulupano-seuteni,https://cdn.lnr.fr/joueur/988-ulupano-seuteni/photo/photoFull.7cb6d3e8fb1a9ef473f9440830017cd30be5f626,Ulupano Seuteni,La Rochelle,LRO,CENTRE,Centre,2025-2026,12,705.0,58.8,4.31,,,0.11,,,,0.45,1.25,,,1.13,,,,,lnr,32.0,187.0,103.0,Australie,95.40816326530611,79.23076923076923,68.9,67.5,1.0,43,95,28,20,31,92,,16.0,→,5,"[0, 27.0, 22.9, 21.0, 11.8]",100,1.26,Centre,CTR,100,Haute,False,Moyenne,False,37,51.4,78.9,SAMOA,11.0,cluster_0,94.3,93.6,57.3,89.5,70.4,90.6,84.6,0.3900000000000005,63.4,12.0,0.0,0.0,0.0,0.23
lnr_12387,12387,upaleto-feao,https://cdn.lnr.fr/joueur/12387-upaleto-feao/photo/photoFull.4661c0ccaf4bb05c8c2173743a961e18783779f8,Upaleto Feao,La Rochelle,LRO,FRONT_ROW,1ère ligne,2025-2026,3,139.0,46.3,8.63,,,0.0,,,,0.0,0.0,,,0.0,,,,,lnr,20.0,,,France,0.0,0.0,43.8,55.8,0.593,0,0,5,21,0,0,,40.0,↗,4,"[26.6, 38.6, 40.1, 60.1]",100,-1.25,1ère Ligne,1L,59,Basse,True,Basse,True,143,9.2,,,,,,,,,,,,0.0,100.0,4.0,0.0,0.0,0.0,0.0
lnr_549,549,vilimoni-botitu,https://cdn.lnr.fr/joueur/549-vilimoni-botitu/photo/photoFull.bf7e6b3668f1d7c40821cbfca4c5f267bcf81dfe,V. Botitu,Castres,CAS,CENTRE,Centre,2025-2026,14,898.0,64.1,6.86,,,0.0,,,,0.62,0.89,,,1.78,,,,,lnr,27.0,183.0,98.0,Fidji,93.36734693877553,75.38461538461539,70.5,67.0,1.0,60,68,45,64,30,88,,20.6,↗,5,"[32.1, 0, 36.0, 25.5, 19.7]",80,2.61,Centre,CTR,100,Haute,False,Bonne,False,30,60.8,,,,,,,,,,,,0.0,31.2,13.0,1.0,0.0,0.0,0.36
lnr_2414,2414,valentin-delpy,https://cdn.lnr.fr/joueur/2414-valentin-delpy/photo/photoFull.a97287bb803b4a1d8c8c4ddb0d569a833c424553,V. Delpy,Toulouse,TLS,FLY_HALF,Demi d'ouverture,2025-2026,4,286.0,71.5,5.31,,,0.0,,,,0.28,0.56,,,12.59,,,,,lnr,22.0,185.0,89.0,France,94.3877551020408,68.46153846153847,63.6,62.6,0.736,28,45,95,60,0,76,12.59,21.9,→,4,"[22.6, 17.9, 9.2, 37.3]",100,-0.67,Ouvreur,10,74,Moyenne,True,Basse,True,11,73.7,,,,,,,,,,,,0.0,98.1,4.0,0.0,0.0,0.0,0.0
lnr_1424,1424,vincent-giudicelli,https://cdn.lnr.fr/joueur/1424-vincent-giudicelli/photo/photoFull.1d6a32f7ce4a12d423552fb50b73687ec52ba345,V. Giudicelli,Bayonne,BAY,FRONT_ROW,1ère ligne,2025-2026,7,218.0,31.1,13.94,,,0.37,,,,0.37,0.0,,,1.83,,,,,lnr,28.0,184.0,102.0,France,93.87755102040816,78.46153846153847,66.6,67.0,0.668,95,0,65,83,63,37,,40.4,↘,5,"[100, 27.5, 53.7, 83.9, 9.5]",70,2.96,1ère Ligne,1L,67,Moyenne,True,Basse,False,61,61.1,,,,,,,,,,,,0.0,91.8,7.0,0.0,1.0,0.0,0.37
lnr_13482,13482,valentin-hutteau,https://cdn.lnr.fr/joueur/13482-valentin-hutteau/photo/photoFull.69fbb6c0ebf33080bfca02a9de0a33e02ddaed63,V. Hutteau,Bordeaux,BOR,SCRUM_HALF,Demi de mêlée,2025-2026,10,334.0,33.4,3.35,,,0.48,,,,0.48,2.16,,,1.2,,,,,lnr,18.0,167.0,75.0,France,85.20408163265306,57.692307692307686,76.3,68.8,0.778,47,95,5,0,62,40,0.0,11.7,↘,5,"[63.3, 47.8, 0, 0, 3.4]",100,-1.45,Demi de mêlée,9,78,Haute,False,Basse,False,8,82.5,,,,,,,,,,,,0.0,0.0,7.0,0.0,0.0,0.0,0.24
lnr_13511,13511,vuate-karawalevu,https://cdn.lnr.fr/joueur/13511-vuate-karawalevu/photo/photoFull.4642c44ed278f6098c2a5539d4813be7e55d2618,V. Karawalevu,Castres,CAS,WINGER,Ailier,2025-2026,11,699.0,63.5,2.98,,,0.0,,,,1.37,1.03,,,0.57,,,,,lnr,25.0,193.0,104.0,Fidji,98.46938775510203,80.0,71.9,67.1,1.0,94,75,95,11,8,95,0.0199999999999999,11.3,↗,5,"[0, 5.3, 21.6, 18.4, 4.6]",100,1.26,Ailier,AIL,100,Haute,False,Moyenne,False,12,73.2,,,,,,,,,,,,0.0,46.8,10.0,0.0,0.0,0.0,0.11
lnr_2009,2009,victor-montgaillard,https://cdn.lnr.fr/joueur/2009-victor-montgaillard/photo/photoFull.b817331ae7e7f540e8505004318a8073270e5d10,V. Montgaillard,Perpignan,PER,FRONT_ROW,1ère ligne,2025-2026,5,153.0,30.6,17.78,,,0.52,,,,0.0,0.0,,,0.0,,,,,lnr,23.0,181.0,108.0,France,92.3469387755102,83.07692307692308,72.5,71.1,0.603,0,0,5,95,33,44,,50.2,↘,5,"[100, 94.7, 62.1, 40.1, 34.7]",100,-0.16,1ère Ligne,1L,60,Moyenne,True,Basse,False,26,83.4,,,,,,,,,,,,0.0,37.0,4.0,0.0,0.0,0.0,0.0
lnr_1264,1264,veresa-tuqovu-ramototabua,https://cdn.lnr.fr/joueur/1264-veresa-tuqovu-ramototabua/photo/photoFull.50e0d211418fb8267083232d5e5561b6e88fe79f,V. Ramototabua,Castres,CAS,WINGER,Ailier,2025-2026,7,279.0,39.9,14.34,,,0.29,,,,0.0,0.0,,,2.87,,,,,lnr,25.0,195.0,107.0,Fidji,99.48979591836736,82.3076923076923,61.0,66.4,0.729,0,0,95,95,66,96,0.0200000000000004,59.2,↗,5,"[46.0, 64.2, 31.2, 79.2, 88.6]",100,1.26,Ailier,AIL,73,Moyenne,True,Basse,False,14,68.3,,,,,,,,,,,,0.0,99.1,7.0,0.0,0.0,0.0,0.57
lnr_10999,10999,valentin-simutoga,https://cdn.lnr.fr/joueur/10999-valentin-simutoga/photo/photoFull.28a7076c5091624b9d043c9f795307457230f77f,V. Simutoga,Montauban,MTB,FRONT_ROW,1ère ligne,2025-2026,11,459.0,41.7,9.76,,,0.35,,,,0.0,0.35,,,0.0,,,,,lnr,23.0,184.0,125.0,France,93.87755102040816,96.15384615384616,65.2,65.4,0.882,0,39,5,34,22,77,,40.7,↗,5,"[5.6, 33.3, 55.5, 56.5, 50.0]",100,-0.16,1ère Ligne,1L,88,Haute,False,Moyenne,False,76,51.9,,,,,,,,,,,,0.0,92.2,10.0,0.0,0.0,0.0,0.0
lnr_3063,3063,victor-hannoun,https://cdn.lnr.fr/joueur/3063-victor-hannoun/photo/photoFull.1d6a32f7ce4a12d423552fb50b73687ec52ba345,Victor Hannoun,Bayonne,BAY,WINGER,Ailier,2025-2026,3,218.0,72.7,4.04,,,0.37,,,,0.0,0.0,,,0.0,,,,,lnr,22.0,182.0,85.0,France,92.85714285714286,65.38461538461539,49.0,54.0,0.668,0,0,5,31,34,82,0.0,12.8,→,3,"[13.7, 21.0, 6.0]",100,-0.67,Ailier,AIL,67,Moyenne,True,Basse,True,40,4.9,,,,,,,,,,,,0.0,99.0,3.0,0.0,0.0,0.0,0.0
lnr_1991,1991,victor-moreaux,https://cdn.lnr.fr/joueur/1991-victor-moreaux/photo/photoFull.28a7076c5091624b9d043c9f795307457230f77f,Victor Moreaux,Montauban,MTB,LOCK,2ème ligne,2025-2026,2,54.0,27.0,7.41,,,0.0,,,,0.0,2.96,,,0.0,,,,,lnr,32.0,198.0,127.0,France,100.0,97.6923076923077,56.5,63.4,0.536,0,95,5,0,0,98,,36.5,→,2,"[51.3, 34.7]",100,1.26,2ème Ligne,2L,54,Basse,True,Basse,True,33,52.9,,,,,,,,,,,,0.0,,,0.0,0.0,0.0,0.0
lnr_1437,1437,vincent-rattez,https://cdn.lnr.fr/joueur/1437-vincent-rattez/photo/photoFull.8e39a4ffde2d58962f9632bb5639326c8c077ac5,Vincent Rattez,Lyon,LOU,CENTRE,Centre,2025-2026,3,175.0,58.3,6.4,,,0.46,,,,0.0,1.37,,,2.29,,,,,lnr,34.0,181.0,89.0,France,92.3469387755102,68.46153846153847,73.5,68.0,0.625,0,95,57,56,77,82,,19.7,→,3,"[39.2, 0, 30.1]",100,-0.16,Centre,CTR,62,Moyenne,True,Basse,True,27,64.9,68.7,France,9.0,cluster_1,72.5,62.6,50.0,85.0,83.7,70.6,93.8,0.0,37.4,3.0,0.0,0.0,0.0,0.46
lnr_11673,11673,vladi-ashvetia,https://cdn.lnr.fr/joueur/11673-vladi-ashvetia/photo/photoFull.8b942e992ebb42fdd1ca819c8cb833427c776cef,Vladi Ashvetia,Racing 92,R92,CENTRE,Centre,2025-2026,2,115.0,57.5,6.26,,,0.0,,,,2.09,1.39,,,3.48,,,,,lnr,21.0,185.0,90.0,France,94.3877551020408,69.23076923076923,80.7,72.0,0.577,95,95,87,54,57,84,,30.7,→,2,"[26.8, 39.9]",100,-1.03,Centre,CTR,58,Basse,True,Basse,True,15,81.1,,,,,,,,,,,,0.0,,,0.0,0.0,0.0,0.7
lnr_574,574,wilfrid-hounkpatin,https://cdn.lnr.fr/joueur/574-wilfrid-hounkpatin/photo/photoFull.4cb2a4ab19ab443ff7739b68884b2f51b78c1bab,W. Hounkpatin,Montpellier,MHR,FRONT_ROW,1ère ligne,2025-2026,16,743.0,46.4,7.75,,,0.65,,,,0.0,0.11,,,2.69,,,,,lnr,34.0,192.0,124.0,France,97.95918367346938,95.3846153846154,64.1,61.6,1.0,0,12,95,11,95,81,,22.8,↘,5,"[54.7, 11.4, 49.5, 36.2, 2.3]",80,-0.16,1ère Ligne,1L,100,Haute,False,Moyenne,False,107,31.8,,,,,,,,,,,,0.0,49.1,17.0,1.0,0.0,0.0,0.54
lnr_916,916,wilfried-hulleu,https://cdn.lnr.fr/joueur/916-wilfried-hulleu/photo/photoFull.d27019f52768bff9ad76599574dced3c5044bc4f,W. Hulleu,Racing 92,R92,CENTRE,Centre,2025-2026,14,993.0,70.9,6.61,,,0.08,,,,1.05,0.73,,,4.03,,,,,lnr,23.0,184.0,97.0,France,93.87755102040816,74.61538461538461,78.0,72.8,1.0,95,56,95,60,66,88,,20.3,↗,5,"[29.5, 5.6, 13.6, 19.0, 31.3]",100,-0.16,Centre,CTR,100,Haute,False,Bonne,False,11,85.1,,,,,,,,,,,,0.0,20.4,14.0,0.0,0.0,0.0,0.81
lnr_1245,1245,wame-naituvi,https://cdn.lnr.fr/joueur/1245-wame-naituvi/photo/photoFull.d27019f52768bff9ad76599574dced3c5044bc4f,Wame Naituvi,Racing 92,R92,WINGER,Ailier,2025-2026,3,156.0,52.0,3.59,,,0.0,,,,2.05,1.03,,,2.56,,,,,lnr,29.0,180.0,92.0,Fidji,91.83673469387756,70.76923076923077,82.5,74.6,0.606,95,75,50,23,35,85,0.0100000000000002,24.4,↘,4,"[39.9, 14.4, 31.0, 25.3]",100,2.96,Ailier,AIL,61,Moyenne,True,Basse,True,3,95.1,,,,,,,,,,,,0.0,68.5,4.0,0.0,0.0,0.0,0.51
lnr_11839,11839,will-rowlands-1,https://cdn.lnr.fr/joueur/11839-will-rowlands-1/photo/photoFull.8b942e992ebb42fdd1ca819c8cb833427c776cef,Will Rowlands,Racing 92,R92,LOCK,2ème ligne,2025-2026,6,329.0,54.8,13.13,,,0.24,,,,0.0,0.24,,,0.0,,,,,lnr,34.0,,125.0,Pays de Galles,0.0,96.15384615384616,56.9,63.4,0.774,0,20,5,80,16,12,,69.7,↗,5,"[53.0, 73.6, 45.4, 83.1, 100]",80,-0.16,2ème Ligne,2L,77,Haute,False,Basse,False,33,52.9,70.3,WALES,23.0,cluster_1,90.7,62.8,50.0,90.0,55.2,83.3,86.7,0.0,97.0,7.0,1.0,0.0,0.0,0.0
lnr_12516,12516,william-collier,https://cdn.lnr.fr/joueur/12516-william-collier/photo/photoFull.bf7e6b3668f1d7c40821cbfca4c5f267bcf81dfe,William Collier,Castres,CAS,FRONT_ROW,1ère ligne,2025-2026,9,391.0,43.4,7.57,,,0.2,,,,0.0,0.0,,,1.02,,,,,lnr,34.0,183.0,120.0,Angleterre,93.36734693877553,92.3076923076923,55.2,58.5,0.826,0,0,36,9,34,67,,36.9,↗,5,"[31.9, 24.7, 8.1, 28.2, 76.9]",100,-0.16,1ère Ligne,1L,83,Haute,False,Basse,False,127,19.7,,,,,,,,,,,,0.0,88.1,9.0,0.0,0.0,0.0,0.2
lnr_1015,1015,william-skelton,https://cdn.lnr.fr/joueur/1015-william-skelton/photo/photoFull.7cb6d3e8fb1a9ef473f9440830017cd30be5f626,William Skelton,La Rochelle,LRO,LOCK,2ème ligne,2025-2026,5,248.0,49.6,5.81,,,0.32,,,,0.0,0.97,,,1.61,,,,,lnr,33.0,,145.0,Nouvelle Zélande,0.0,100.0,58.1,61.2,0.698,0,82,92,0,77,15,,30.7,↗,5,"[13.7, 13.7, 24.2, 59.9, 33.9]",100,0.5,2ème Ligne,2L,70,Moyenne,True,Basse,False,43,39.1,63.1,Australie,10.0,cluster_1,77.6,61.3,50.0,92.0,50.0,61.0,76.9,0.0,53.9,7.0,0.0,0.0,0.0,0.32
lnr_3536,3536,xan-mousques,https://cdn.lnr.fr/joueur/3536-xan-mousques/photo/photoFull.9db3e1c64b0fa647759e691550b9e8351884f243,Xan Mousques,Bordeaux,BOR,FULLBACK,Arrière,2025-2026,11,523.0,47.5,3.67,,,0.0,,,,0.76,1.07,,,1.53,,,,,lnr,20.0,178.0,89.0,France,90.81632653061224,68.46153846153847,60.2,59.7,0.936,70,75,5,54,34,89,0.0,36.3,↗,5,"[13.7, 7.2, 100, 37.3, 25.1]",60,-1.25,Arrière,ARR,94,Haute,False,Moyenne,False,17,48.4,,,,,,,,,,,,0.0,31.2,8.0,2.0,0.0,0.0,0.31
lnr_338,338,yoram-falatea-moefana,https://cdn.lnr.fr/joueur/338-yoram-falatea-moefana/photo/photoFull.9db3e1c64b0fa647759e691550b9e8351884f243,Y. Falatea Moefana,Bordeaux,BOR,CENTRE,Centre,2025-2026,6,365.0,60.8,7.01,,,0.22,,,,0.22,1.75,,,0.0,,,,,lnr,25.0,182.0,97.0,France,92.85714285714286,74.61538461538461,73.1,69.7,0.804,21,95,5,67,24,88,,27.0,↗,5,"[29.5, 34.7, 57.0, 34.7, 11.8]",100,1.26,Centre,CTR,80,Haute,False,Basse,False,19,75.7,74.0,France,15.0,cluster_1,73.7,75.5,50.0,88.7,88.9,66.1,87.9,0.0,66.2,7.0,0.0,0.0,0.0,0.0
lnr_975,975,yoan-tanga-mangene,https://cdn.lnr.fr/joueur/975-yoan-tanga-mangene/photo/photoFull.af05d90330b88b7be458e288b68ca734babbf81c,Y. Tanga Mangene,Paris,SFP,BACK_ROW,3ème ligne,2025-2026,15,742.0,49.5,11.11,,,0.43,,,,0.43,1.62,,,1.62,,,,,lnr,29.0,185.0,107.0,France,94.3877551020408,82.3076923076923,80.5,80.0,1.0,78,95,73,39,72,91,,58.3,↘,5,"[100, 84.6, 40.8, 63.6, 67.6]",100,2.96,3ème Ligne,3L,100,Haute,False,Moyenne,False,5,95.7,,,,,,,,,,,,0.0,26.7,14.0,0.0,0.0,0.0,0.32
lnr_1434,1434,yacouba-camara,https://cdn.lnr.fr/joueur/1434-yacouba-camara/photo/photoFull.4cb2a4ab19ab443ff7739b68884b2f51b78c1bab,Yacouba Camara,Montpellier,MHR,BACK_ROW,3ème ligne,2025-2026,10,684.0,68.4,11.23,,,0.58,,,,0.12,0.35,,,0.0,,,,,lnr,31.0,195.0,112.0,France,99.48979591836736,86.15384615384616,72.2,72.8,1.0,22,39,5,41,38,96,,55.4,↗,5,"[26.4, 30.0, 49.9, 57.0, 98.6]",100,2.0,3ème Ligne,3L,100,Haute,False,Moyenne,False,21,78.7,74.5,France,17.0,cluster_1,77.2,96.8,50.0,93.2,60.7,65.1,87.6,0.0,22.8,11.0,0.0,0.0,0.0,0.0
lnr_13447,13447,yanis-basse,https://cdn.lnr.fr/joueur/13447-yanis-basse/photo/photoFull.8b942e992ebb42fdd1ca819c8cb833427c776cef,Yanis Basse,Racing 92,R92,FRONT_ROW,1ère ligne,2025-2026,10,167.0,16.7,15.33,,,0.48,,,,0.0,0.0,,,2.4,,,,,lnr,19.0,175.0,103.0,France,89.28571428571429,79.23076923076923,67.5,74.0,0.617,0,0,86,95,82,30,,100.0,↗,5,"[78.7, 37.3, 100, 56.5, 100]",100,-1.38,1ère Ligne,1L,62,Moyenne,True,Basse,False,13,92.4,,,,,,,,,,,,0.0,42.0,3.0,0.0,0.0,0.0,0.48
lnr_11002,11002,yerim-fall,https://cdn.lnr.fr/joueur/11002-yerim-fall/photo/photoFull.b5e9990d9a31ede8327da9bafe6aeb896ea144f3,Yerim Fall,Clermont,CLR,CENTRE,Centre,2025-2026,4,320.0,80.0,4.25,,,0.25,,,,0.0,0.25,,,2.5,,,,,lnr,22.0,178.0,90.0,France,90.81632653061224,69.23076923076923,57.2,57.8,0.767,0,19,63,19,69,83,,16.4,↗,4,"[2.6, 9.2, 27.5, 18.3]",100,-0.67,Centre,CTR,77,Haute,False,Basse,True,62,17.6,,,,,,,,,,,,0.0,91.1,4.0,0.0,0.0,0.0,0.5
lnr_2628,2628,yohan-orabe,https://cdn.lnr.fr/joueur/2628-yohan-orabe/photo/photoFull.1d6a32f7ce4a12d423552fb50b73687ec52ba345,Yohan Orabe,Bayonne,BAY,FULLBACK,Arrière,2025-2026,14,775.0,55.4,4.85,,,0.0,,,,0.93,0.41,,,0.52,,,,,lnr,23.0,182.0,83.0,France,92.85714285714286,63.84615384615384,63.1,60.4,1.0,85,29,5,85,11,89,0.02,16.6,↘,5,"[29.5, 14.4, 0, 24.2, 20.9]",100,-0.16,Arrière,ARR,100,Haute,False,Moyenne,False,14,58.1,,,,,,,,,,,,0.0,7.5,13.0,0.0,0.0,0.0,0.1
lnr_1917,1917,youri-delhommel,https://cdn.lnr.fr/joueur/1917-youri-delhommel/photo/photoFull.bf4a801945c52387138b3325d9dd3bcf510292ab,Youri Delhommel,Pau,PAU,FRONT_ROW,1ère ligne,2025-2026,16,605.0,37.8,8.6,,,0.66,,,,0.0,0.13,,,3.31,,,,,lnr,30.0,181.0,101.0,France,92.3469387755102,77.6923076923077,59.5,61.2,1.0,0,15,95,21,95,32,,46.0,↘,5,"[58.6, 100, 43.2, 43.2, 47.8]",80,2.61,1ère Ligne,1L,100,Haute,False,Moyenne,False,111,29.6,,,,,,,,,,,,0.0,94.2,16.0,1.0,0.0,0.0,0.66
lnr_1897,1897,yvan-reilhac,https://cdn.lnr.fr/joueur/1897-yvan-reilhac/photo/photoFull.28a7076c5091624b9d043c9f795307457230f77f,Yvan Reilhac,Montauban,MTB,CENTRE,Centre,2025-2026,2,144.0,72.0,3.33,,,0.0,,,,1.11,1.67,,,5.56,,,,,lnr,30.0,181.0,98.0,France,92.3469387755102,75.38461538461539,81.4,73.0,0.596,95,95,95,3,57,88,,18.1,→,2,"[14.4, 22.4]",100,2.61,Centre,CTR,60,Basse,True,Basse,True,10,87.8,,,,,,,,,,,,0.0,,,0.0,0.0,0.0,1.11
lnr_1373,1373,zach-yvan-mercer,https://cdn.lnr.fr/joueur/1373-zach-yvan-mercer/photo/photoFull.2eaacbd11c12f10f571df4cbac07c560d1665acd,Z. Mercer,Toulon,TLN,BACK_ROW,3ème ligne,2025-2026,14,789.0,56.4,9.13,,,0.2,,,,0.0,0.71,,,1.52,,,,,lnr,28.0,191.0,108.0,Angleterre,97.44897959183672,83.07692307692308,66.7,69.4,1.0,0,79,68,15,54,93,,61.8,↘,5,"[100, 76.9, 21.6, 28.7, 100]",100,2.96,3ème Ligne,3L,100,Haute,False,Moyenne,False,31,67.6,,,,,,,,,,,,0.0,0.0,14.0,0.0,0.0,0.0,0.3
lnr_1939,1939,zack-henry,https://cdn.lnr.fr/joueur/1939-zack-henry/photo/photoFull.eb7c8a121d72a5469d4eb6f17a32ea8cc568bf6c,Zack Henry,Paris,SFP,FLY_HALF,Demi d'ouverture,2025-2026,2,108.0,54.0,4.44,,,0.0,,,,0.0,0.74,,,5.93,,,,,lnr,31.0,182.0,89.0,Angleterre,92.85714285714286,68.46153846153847,56.9,60.9,0.572,0,59,60,45,0,66,5.93,15.5,→,2,"[8.5, 21.0]",100,2.0,Ouvreur,10,57,Basse,True,Basse,True,16,60.5,,,,,,,,,,,,0.0,,,0.0,0.0,0.0,0.0
